,Result,Distance,BatAge,LOB,ERA_Starting,ERA_Opposing,IP_Starting,IP_Opposing,ERA+_Starting ,ERA+_Opposing,FIP_Starting,FIP_Opposing
0,1,2169.84,29.6,1071,3.98,5.98,140,81,0,0,167.1,102.1
1,1,2169.84,29.6,1071,2.58,7.09,300,39,1,0,223,59.2
2,0,-2169.84,29.6,1071,2.58,3.99,300,79,1,0,223,67.2
3,1,-2169.84,29.6,1071,2.5,4.91,326,118,0,0,212.1,95.1
4,1,-2169.84,29.6,1071,3.95,7.11,40,72,0,0,41,81
6,0,2169.84,29.6,1071,3.71,4.91,48,118,0,0,60.2,95.1
7,1,2169.84,29.6,1071,2.5,4.58,326,101,0,0,212.1,96.1
8,1,2169.84,29.6,1071,3.98,7.09,140,39,0,0,167.1,59.2
9,1,-2169.84,29.6,1071,2.96,7.11,93.5,72,0,0,104.1,81
10,1,-2169.84,29.6,1071,3.98,5.38,140,55,0,0,167.1,72
11,1,-2169.84,29.6,1071,5.86,6.42,68,75,0,0,70.2,82.2
12,1,-2169.84,29.6,1071,2.96,6.42,93.5,75,0,0,104.1,82.2
13,0,-2169.84,29.6,1071,3.98,5.03,140,42,0,0,167.1,39.1
14,1,-2169.84,29.6,1071,2.58,2.75,300,13,1,0,223,19.2
15,0,2169.84,29.6,1071,3.98,6.42,140,75,0,0,167.1,82.2
16,1,2169.84,29.6,1071,3.95,5.03,40,42,0,0,41,39.1
17,1,2169.84,29.6,1071,2.58,7.11,300,72,1,0,223,81
18,1,2169.84,29.6,1071,2.5,5.38,326,55,0,0,212.1,72
19,1,-2012.74,28.4,1027,2.5,5.61,326,67,0,0,212.1,110.2
20,0,-2012.74,28.4,1027,5.86,5.015,68,54,0,0,70.2,74.65
21,1,-2012.74,28.4,1027,3.98,4.79,140,162,0,0,167.1,161.2
22,1,2012.74,28.4,1027,3.98,4.79,140,162,0,0,167.1,161.2
23,1,2012.74,28.4,1027,5.445,5.595,57.5,41,0,0,65.2,54.65
24,0,2012.74,28.4,1027,2.58,4.92,300,80,1,0,223,82.1
25,1,2578.08,27.7,1124,2.5,5.52,326,143,0,0,212.1,174.1
26,1,2578.08,27.7,1124,5.59,5.43,19,49,0,0,19.1,56.1
27,0,2578.08,27.7,1124,3.98,4.4,140,218,0,1,167.1,147.1
28,1,-2578.08,27.7,1124,3.98,4.4,140,218,0,1,167.1,147.1
29,1,-2578.08,27.7,1124,4.12,4.28,96,128,0,0,91.2,107.1
30,0,-2578.08,27.7,1124,2.58,3.81,300,213,1,0,223,203.1
31,1,-1513.59,26.5,1050,4.12,4.58,96,20,0,0,91.2,19.2
32,1,-1513.59,26.5,1050,2.58,7.98,300,41,1,0,223,58.2
33,0,-1513.59,26.5,1050,2.5,4.72,326,114,0,0,212.1,187
34,0,-1513.59,26.5,1050,5.59,3.41,19,228,0,2,19.1,176.2
35,1,1513.59,26.5,1050,2.96,5.79,93.5,81,0,0,104.1,73
36,0,1513.59,26.5,1050,4.83,4.72,72,114,0,0,69,187
37,0,1513.59,26.5,1050,3.98,6.59,140,46,0,0,167.1,69.2
38,1,-1522.98,27.2,1224,2.5,3.81,326,143,0,0,212.1,141.2
39,1,-1522.98,27.2,1224,5.59,4.46,19,165,0,0,19.1,171.2
40,0,-1522.98,27.2,1224,3.98,3.46,140,150,0,1,167.1,177
41,0,1439.67,27.2,1179,3.98,3.4,140,226,0,0,167.1,190.2
42,0,1439.67,27.2,1179,2.58,3.89,300,167,1,0,223,166.2
43,0,1439.67,27.2,1179,2.5,5.14,326,129,0,0,212.1,129.2
44,0,-1794.85,29.4,1147,2.5,5.09,326,126.5,0,0.5,212.1,106.15
45,0,-1794.85,29.4,1147,4.7,5.8,82,38,0,0,74.2,35.2
46,1,-1794.85,29.4,1147,4.12,3.28,96,259,0,2,91.2,214.1
47,1,-1794.85,29.4,1147,3.98,5.29,140,96,0,1,167.1,80
48,1,1794.85,29.4,1147,2.58,3.28,300,259,1,2,223,214.1
49,0,1794.85,29.4,1147,3.95,3.81,40,88,0,1,41,115.2
50,1,1794.85,29.4,1147,2.5,4.5,326,2,0,0,212.1,4
51,1,1415.17,28.7,1067,3.95,4.76,40,175,0,1,41,174
52,1,1415.17,28.7,1067,3.98,7.25,140,57,0,0,167.1,89.1
53,1,-1415.17,28.7,1067,2.96,4.76,93.5,175,0,1,104.1,174
54,1,-1415.17,28.7,1067,2.5,7.25,326,57,0,0,212.1,89.1
56,1,1781.36,27.9,1071,3.98,9.3,140,25,0,0,167.1,40.2
57,1,1781.36,27.9,1071,2.58,5.77,300,45,1,0,223,57.2
58,1,-1781.36,27.9,1071,3.98,9.795,140,26,0,0,167.1,33.6
59,1,-1781.36,27.9,1071,5.445,4.61,57.5,146,0,0,65.2,148.1
60,0,-1781.36,27.9,1071,2.58,4.49,300,125,1,0,223,144.1
61,1,-1781.36,27.9,1071,2.5,6.91,326,82,0,0,212.1,112
63,0,-1037.17,28.6,1063,4.7,4.34,82,115,0,0,74.2,130.2
64,1,-1037.17,28.6,1063,4.12,6.33,96,109,0,0,91.2,123.2
65,1,1037.17,28.6,1063,2.5,4.34,326,115,0,0,212.1,130.2
66,1,1037.17,28.6,1063,2.96,5.155,93.5,34.5,0,0,104.1,45.5
68,1,-1614.32,28.8,1106,4.12,5.29,96,115,0,0,91.2,85
69,0,-1614.32,28.8,1106,2.58,3.62,300,143,1,0,223,121.2
70,1,1614.32,28.8,1106,2.5,3.72,326,117,0,0,212.1,111.1
71,0,1614.32,28.8,1106,2.96,3.905,93.5,73,0,0,104.1,70.15
72,0,-1702.18,28.2,1087,4.12,3.51,96,178,0,0,91.2,159
73,1,-1702.18,28.2,1087,3.98,4.01,140,140,0,0,167.1,146
74,1,-1702.18,28.2,1087,2.58,6.39,300,10,1,0,223,25.1
75,0,1702.18,28.2,1087,2.58,3.51,300,178,1,0,223,159
76,1,1702.18,28.2,1087,2.5,4.01,326,140,0,0,212.1,146
77,0,1702.18,28.2,1087,4.7,5.12,82,135,0,0,74.2,165.1
78,0,1702.18,28.2,1087,4.12,3.68,96,195,0,0,91.2,200.1
79,1,-2293.76,27.2,1100,2.58,4.45,300,149,1,1,223,182
80,1,-2293.76,27.2,1100,2.5,4.55,326,37,0,0,212.1,31.2
81,1,-2293.76,27.2,1100,4.7,3.82,82,186,0,0,74.2,150.2
82,0,2293.76,27.2,1100,5.86,4.17,68,98,0,0,70.2,69
83,0,2293.76,27.2,1100,4.12,3.82,96,186,0,0,91.2,150.2
84,0,2293.76,27.2,1100,3.98,4.45,140,149,0,1,167.1,182
85,1,2293.76,27.2,1100,2.58,4.91,300,140,1,0,223,161.1
86,1,-2624.74,28,1085,4.7,2.63,82,103,0,0,74.2,96
87,1,-2624.74,28,1085,3.98,5.595,140,41,0,0,167.1,54.65
89,1,2624.74,28,1085,4.7,6.85,82,11,0,0,74.2,23.2
90,0,2624.74,28,1085,3.98,2.63,140,103,0,0,167.1,96
92,1,2624.74,28,1085,2.58,3.89,300,90,1,0,223,176
93,1,2624.74,28,1085,2.5,3.81,326,141,0,0,212.1,144
94,1,-2624.74,28,1085,2.5,4.55,326,74.5,0,0,212.1,81.55
96,1,-2624.74,28,1085,2.58,3.81,300,141,1,0,223,144
98,0,2624.74,28,1085,2.58,4.41,300,79,1,0,223,82.55
99,0,2624.74,28,1085,4,3.81,18,141,0,0,18,144
100,1,2624.74,28,1085,2.96,3.89,93.5,90,0,0,104.1,176
102,0,-2624.74,28,1085,3.98,4.41,140,79,0,0,167.1,82.55
103,0,-2624.74,28,1085,3.95,3.89,40,90,0,0,41,176
104,0,-2624.74,28,1085,2.58,4.55,300,74.5,1,0,223,81.55
105,1,-1831.66,27.8,1071,2.5,5.38,326,113,0,0,212.1,145.2
106,0,-1831.66,27.8,1071,5.86,4.91,68,41,0,0,70.2,73.1
107,0,-1831.66,27.8,1071,4.12,4.44,96,157,0,0,91.2,170.1
108,1,3039.78,29.8,1084,3.98,5.71,140,92,0,0,167.1,121.1
109,1,3039.78,29.8,1084,2.58,6.4,300,57,1,0,223,71.2
110,1,3039.78,29.8,1084,2.5,3.99,326,147,0,0,212.1,203
111,1,3039.78,29.8,1084,5.59,4.21,19,23.5,0,0,19.1,27.55
112,1,3039.78,29.8,1084,3.98,7.71,140,2,0,0,167.1,4.2
113,0,3039.78,29.8,1084,4.12,4.31,96,63.5,0,0.5,91.2,98.5
114,1,3039.78,29.8,1084,2.58,8.6975,300,16.75,1,0,223,12.05
115,1,-3039.78,29.8,1084,3.98,4.66,140,10,0,0,167.1,9.2
116,1,-3039.78,29.8,1084,2.58,5.46,300,116,1,1,223,161.2
117,1,-3039.78,29.8,1084,2.5,3.99,326,147,0,0,212.1,203
118,1,-3039.78,29.8,1084,3.98,5.46,140,116,0,1,167.1,161.2
119,1,-3039.78,29.8,1084,5.445,3.99,57.5,147,0,0,65.2,203
120,1,-3039.78,29.8,1084,2.58,2.35,300,27,1,0,223,23
121,1,-3039.78,29.8,1084,3.98,3.99,140,147,0,0,167.1,203
122,1,-3039.78,29.8,1084,5.86,6,68,11,0,0,70.2,21
123,1,-3039.78,29.8,1084,2.58,5.46,300,116,1,1,223,161.2
124,1,-3039.78,29.8,1084,2.5,6.4,326,57,0,0,212.1,71.2
125,1,3039.78,29.8,1084,2.5,2.7,326,5,0,0,212.1,6.2
126,1,3039.78,29.8,1084,2.96,5.46,93.5,116,0,1,104.1,161.2
127,0,1096.82,28,1101,3.95,2.75,40,231,0,0,41,196.1
128,1,1096.82,28,1101,2.5,3.7,326,52,0,0,212.1,48.2
129,1,1096.82,28,1101,3.98,3.35,140,136,0,0,167.1,174.2
130,1,1260.34,27.1,1156,2.58,4.29,300,147,1,0,223,107
131,0,1260.34,27.1,1156,2.5,3.05,326,240,0,0,212.1,194.2
132,0,1260.34,27.1,1156,4.7,1.78,82,76,0,0,74.2,60.2
133,0,1260.34,27.1,1156,3.98,3.85,140,114,0,0,167.1,133.1
134,1,-1260.34,27.1,1156,2.58,3.05,300,240,1,0,223,194.2
135,1,-1260.34,27.1,1156,2.5,4.13,326,117,0,0,212.1,141.2
136,0,-1260.34,27.1,1156,2.96,4.17,93.5,58,0,0,104.1,49.2
137,1,372.06,27.4,1093,4.12,6.435,96,60,0,0,91.2,56.65
138,0,372.06,27.4,1093,2.58,8.59,300,30,1,0,223,44
139,0,372.06,27.4,1093,2.5,3.59,326,200,0,1,212.1,208.1
140,1,372.06,27.4,1093,2.58,6.435,300,60,1,0,223,56.65
141,0,372.06,27.4,1093,2.5,5.89,326,101,0,0,212.1,125.1
142,0,372.06,27.4,1093,4.7,8.59,82,30,0,0,74.2,44
143,1,-372.06,27.4,1093,3.98,3.59,140,200,0,1,167.1,208.1
144,1,-372.06,27.4,1093,2.58,3.67,300,246,1,0,223,208.1
145,1,-372.06,27.4,1093,2.5,4.85,326,72,0,0,212.1,78
146,1,-372.06,27.4,1093,5.59,5.89,19,101,0,0,19.1,125.1
147,0,372.06,27.4,1093,5.86,3.67,68,246,0,0,70.2,208.1
148,0,372.06,27.4,1093,2.5,4.85,326,72,0,0,212.1,78
149,1,372.06,27.4,1093,3.98,3.59,140,200,0,1,167.1,208.1
150,1,372.06,27.4,1093,2.58,5.81,300,81,1,0,223,122.1
151,1,-372.06,27.4,1093,2.58,3.59,300,200,1,1,223,208.1
152,1,-372.06,27.4,1093,3.95,5.81,40,81,0,0,41,122.1
153,1,-372.06,27.4,1093,4,3.67,18,246,0,0,18,208.1
154,1,-372.06,27.4,1093,2.58,3.67,300,246,1,0,223,208.1
155,1,-372.06,27.4,1093,2.5,4.96,326,33,0,0,212.1,45.1
156,1,-2077.45,28.9,1036,2.5,5.445,326,57.5,0,0,212.1,65.2
157,1,-2077.45,28.9,1036,5.86,5.96,68,22,0,0,70.2,45.1
158,0,-2077.45,28.9,1036,4.12,4.84,96,149,0,0,91.2,154.1
159,1,2077.45,28.9,1036,3.98,4.84,140,149,0,0,167.1,154.1
160,0,2077.45,28.9,1036,5.86,6.56,68,39,0,0,70.2,59
161,1,2077.45,28.9,1036,2.58,4.796666667,300,31.66666667,1,0,223,28.03333333
0,0,-2169.84,29.6,1071,2.88,4.02,276,129,1,0,200.1,125.1
1,0,-2169.84,29.6,1071,3.13,3.31,201,63,0,0,167,51.2
2,1,-2169.84,29.6,1071,2.52,4.74,290,64,1,0,214,76
3,0,2169.84,29.6,1071,3.86,4.15,142,180,0,1,128.1,180
4,1,2169.84,29.6,1071,2.88,3.41,276,98,1,0,200.1,129.1
5,1,2169.84,29.6,1071,2.52,3.66,290,87,1,0,214,76.1
6,1,2169.84,29.6,1071,3.74,4.02,153,129,0,0,204.2,125.1
7,1,2169.84,29.6,1071,2.52,4.74,290,64,1,0,214,76
8,0,2169.84,29.6,1071,3.86,4.15,142,180,0,1,128.1,180
9,1,2169.84,29.6,1071,3.74,4.15,153,180,0,1,204.2,180
10,1,2169.84,29.6,1071,2.52,3.41,290,98,1,0,214,129.1
11,1,2169.84,29.6,1071,2.19,4.18,34,85,0,0,37,92.2
12,0,-2169.84,29.6,1071,2.52,4.15,290,180,1,1,214,180
13,0,-2169.84,29.6,1071,2.19,3.41,34,98,0,0,37,129.1
15,1,-2169.84,29.6,1071,2.88,3.31,276,63,1,0,200.1,51.2
16,1,-2169.84,29.6,1071,2.88,4.15,276,180,1,1,200.1,180
17,1,-2169.84,29.6,1071,2.52,3.41,290,98,1,0,214,129.1
18,1,-2169.84,29.6,1071,3.13,4.02,201,129,0,0,167,125.1
19,1,1632.19,29.2,1086,2.88,15.75,276,4,1,0,200.1,4
20,0,1632.19,29.2,1086,3.13,3.21,201,199,0,0,167,207.2
21,0,1632.19,29.2,1086,2.52,4.15,290,50,1,0,214,86.2
22,0,-1632.19,29.2,1086,3.74,3.93,153,165,0,0,204.2,123.2
23,1,-1632.19,29.2,1086,3.13,4.74,201,185,0,0,167,178.1
24,1,-1632.19,29.2,1086,2.52,3.21,290,199,1,0,214,207.2
25,1,-2012.74,28.4,1027,3.13,10.46,201,13,0,0,167,26.2
26,1,-2012.74,28.4,1027,2.52,5.55,290,74,1,0,214,84.1
27,1,-2012.74,28.4,1027,3.74,5.45,153,184,0,0,204.2,171.2
28,1,2012.74,28.4,1027,2.88,4.88,276,74,1,0,200.1,103.1
29,1,2012.74,28.4,1027,2.52,5.45,290,184,1,0,214,171.2
30,1,2012.74,28.4,1027,3.74,5.92,153,62,0,0,204.2,65.1
31,0,2012.74,28.4,1027,3.13,5.4,201,33,0,0,167,40
32,1,-2578.08,27.7,1124,3.86,6.08,142,66,0,0,128.1,74
33,1,-2578.08,27.7,1124,2.88,2.11,276,237,1,0,200.1,158
34,0,-2578.08,27.7,1124,2.52,3.58,290,177,1,0,214,176
35,0,-2578.08,27.7,1124,3.13,4.28,201,190,0,0,167,191.1
36,0,2578.08,27.7,1124,2.88,3.58,276,177,1,0,200.1,176
37,1,2578.08,27.7,1124,3.13,3.82,201,146,0,0,167,129.2
38,0,2578.08,27.7,1124,3.74,4.28,153,190,0,0,204.2,191.1
39,1,1513.59,26.5,1050,2.52,4.53,290,154,1,0,214,204.2
40,1,1513.59,26.5,1050,3.74,6.13,153,125,0,0,204.2,173.1
41,1,1513.59,26.5,1050,3.86,3.91,142,151,0,0,128.1,188.2
42,1,-1513.59,26.5,1050,2.52,4.18,290,90,1,0,214,120.2
43,1,-1513.59,26.5,1050,3.86,3.91,142,151,0,0,128.1,188.2
44,1,-1513.59,26.5,1050,3.13,4.53,201,154,0,0,167,204.2
45,1,-1513.59,26.5,1050,3.74,6.13,153,125,0,0,204.2,173.1
46,1,-1794.85,29.4,1147,3.13,3.02,201,207,0,1,167,200
47,0,-1794.85,29.4,1147,3.74,2.89,153,222,0,1,204.2,215
48,1,-1794.85,29.4,1147,3.86,3.38,142,231,0,0,128.1,192
49,1,1794.85,29.4,1147,3.13,3.02,201,207,0,1,167,200
50,1,1794.85,29.4,1147,3.74,2.89,153,222,0,1,204.2,215
51,0,1794.85,29.4,1147,3.86,3.38,142,231,0,0,128.1,192
52,0,1794.85,29.4,1147,2.88,2.21,276,221,1,0,200.1,175.1
53,1,1415.17,28.7,1067,2.88,4.55,276,164,1,0,200.1,176
54,0,1415.17,28.7,1067,3.13,5.12,201,183,0,0,167,172.1
55,0,-1415.17,28.7,1067,2.52,3.77,290,230,1,0,214,196
56,1,-1415.17,28.7,1067,2.88,4.55,276,164,1,0,200.1,176
58,1,-1781.36,27.9,1071,2.88,4.69,276,110,1,0,200.1,132.1
59,0,-1781.36,27.9,1071,2.52,4.58,290,110,1,0,214,133.2
60,1,1781.36,27.9,1071,2.52,4.58,290,110,1,0,214,133.2
61,1,1781.36,27.9,1071,2.19,4.52,34,111,0,0,37,131.1
62,1,1781.36,27.9,1071,2.88,5.68,276,51,1,0,200.1,44.1
64,1,1037.17,28.6,1063,3.74,4.88,153,141,0,0,204.2,155
65,1,1037.17,28.6,1063,3.86,3.08,142,96,0,0,128.1,140.1
66,0,-1037.17,28.6,1063,3.74,4.88,153,141,0,0,204.2,155
67,1,-1037.17,28.6,1063,3.86,4.66,142,105,0,0,128.1,119.2
68,1,-1037.17,28.6,1063,2.88,6.02,276,92,1,0,200.1,127
69,1,2206.37,28.1,1163,2.52,3.68,290,135,1,0,214,151.2
70,1,2206.37,28.1,1163,3.86,3.81,142,153,0,0,128.1,125.1
71,0,2206.37,28.1,1163,2.88,2.62,276,151,1,0,200.1,137.1
72,1,1702.18,28.2,1087,2.52,4.62,290,80.5,1,0,214,78.1
73,0,1702.18,28.2,1087,3.74,4.49,153,162,0,0,204.2,164.1
74,0,1702.18,28.2,1087,3.86,3.62,142,179,0,0,128.1,196.2
75,1,-1702.18,28.2,1087,3.74,3.62,153,179,0,0,204.2,196.2
76,1,-1702.18,28.2,1087,2.52,3.2,290,36,1,0,214,25.1
77,1,-1702.18,28.2,1087,2.19,4.49,34,162,0,0,37,164.1
78,1,-2293.76,27.2,1100,3.13,4.9,201,123,0,0,167,130.1
79,0,-2293.76,27.2,1100,2.52,3.62,290,23,1,0,214,27.1
80,0,-2293.76,27.2,1100,3.74,3.39,153,220,0,1,204.2,191.1
81,0,-2293.76,27.2,1100,3.86,3.75,142,159,0,1,128.1,156
82,1,2293.76,27.2,1100,2.52,5.57,290,102,1,0,214,85.2
83,0,2293.76,27.2,1100,3.13,3.65,201,140,0,0,167,153
84,0,2293.76,27.2,1100,3.74,3.39,153,220,0,1,204.2,191.1
85,0,-2624.74,28,1085,3.74,3.59,153,108,0,1,204.2,160.2
86,1,-2624.74,28,1085,3.86,4.05,142,72,0,1,128.1,115.2
87,1,-2624.74,28,1085,2.88,3.76,276,100,1,0,200.1,110
88,1,2624.74,28,1085,3.74,4.48,153,47,0,0,204.2,80.1
89,1,2624.74,28,1085,3.86,3.59,142,108,0,1,128.1,160.2
90,1,2624.74,28,1085,2.88,4.05,276,72,1,1,200.1,115.2
91,1,2624.74,28,1085,3.86,4.05,142,72,0,1,128.1,115.2
92,1,2624.74,28,1085,2.88,7.16,276,19,1,0,200.1,27.2
93,1,2624.74,28,1085,2.52,3.88,290,43,1,0,214,65
94,0,-2624.74,28,1085,2.88,3.88,276,43,1,0,200.1,65
95,1,-2624.74,28,1085,2.52,3.59,290,108,1,1,214,160.2
96,0,-2624.74,28,1085,3.86,3.02,142,41,0,0,128.1,47.2
97,0,-2624.74,28,1085,3.13,3.76,201,100,0,0,167,110
98,0,2624.74,28,1085,3.13,3.33,201,68,0,0,167,92
99,0,2624.74,28,1085,3.74,3.76,153,100,0,0,204.2,110
100,1,2624.74,28,1085,2.52,3.59,290,108,1,1,214,160.2
101,1,-2624.74,28,1085,2.88,4.48,276,47,1,0,200.1,80.1
102,0,-2624.74,28,1085,3.13,3.33,201,68,0,0,167,92
103,1,-2624.74,28,1085,3.74,3.76,153,100,0,0,204.2,110
104,0,-2095.92,26.8,1028,3.86,7.05,142,39,0,0,128.1,44.2
105,1,-2095.92,26.8,1028,2.88,5.42,276,38,1,0,200.1,73
106,1,-2095.92,26.8,1028,3.13,3.59,201,61,0,0,167,74.6
107,0,3039.78,29.8,1084,3.74,3.76,153,208,0,1,204.2,160.1
108,1,3039.78,29.8,1084,3.86,1.8,142,5,0,0,128.1,5
109,1,3039.78,29.8,1084,2.88,4.36,276,119,1,0,200.1,185.2
110,1,3039.78,29.8,1084,3.13,4,201,145,0,0,167,166.2
111,0,-3039.78,29.8,1084,3.74,3.76,153,208,0,1,204.2,160.1
112,1,-3039.78,29.8,1084,3.86,3.72,142,130,0,0,128.1,162
113,0,3039.78,29.8,1084,2.88,3.76,276,208,1,1,200.1,160.1
114,1,3039.78,29.8,1084,3.13,4.36,201,119,0,0,167,185.2
115,1,3039.78,29.8,1084,3.74,3.72,153,130,0,0,204.2,162
116,0,-3039.78,29.8,1084,2.52,3.76,290,208,1,1,214,160.1
117,0,-3039.78,29.8,1084,2.88,4.36,276,119,1,0,200.1,185.2
118,0,-3039.78,29.8,1084,3.13,3.72,201,130,0,0,167,162
119,0,-3039.78,29.8,1084,3.74,6.5,153,33,0,0,204.2,45.2
120,0,3039.78,29.8,1084,2.88,5.55,276,125,1,0,200.1,155.2
121,1,3039.78,29.8,1084,3.46,3.99,96,56,0,0,65,56.1
122,1,3039.78,29.8,1084,3.13,4,201,145,0,0,167,166.2
123,0,-3039.78,29.8,1084,2.19,3.72,34,130,0,0,37,162
125,0,-3039.78,29.8,1084,3.74,2.16,153,4,0,0,204.2,8.1
126,1,-2640.91,29.8,1101,2.88,4.49,276,130,1,0,200.1,160.1
127,1,-2640.91,29.8,1101,2.52,6.25,290,30,1,0,214,44.2
128,1,2640.91,29.8,1101,3.13,2.81,201,89,0,0,167,118.1
129,1,2640.91,29.8,1101,3.74,3.26,153,109,0,0,204.2,129.2
130,1,-1260.34,27.1,1156,2.88,2.98,276,81,1,0,200.1,66.1
131,0,-1260.34,27.1,1156,2.52,1.89,290,221,1,0,214,180.2
132,1,-1260.34,27.1,1156,3.13,3.795,201,50.5,0,0,167,55.5
133,1,1260.34,27.1,1156,3.86,2.98,142,81,0,0,128.1,66.1
134,0,1260.34,27.1,1156,2.88,9.28,276,12,1,0,200.1,14.43333333
135,0,1260.34,27.1,1156,2.52,2.98,290,81,1,0,214,66.1
136,0,1260.34,27.1,1156,3.13,1.89,201,221,0,0,167,180.2
137,1,372.06,27.4,1093,2.52,3.54,290,94,1,0,214,95.1
138,0,372.06,27.4,1093,3.74,4.5,153,40,0,0,204.2,66
139,1,372.06,27.4,1093,3.86,6.79,142,86,0,0,128.1,102
140,1,372.06,27.4,1093,2.88,4.18,276,132,1,0,200.1,157
141,1,-372.06,27.4,1093,2.88,3.54,276,94,1,0,200.1,95.1
142,0,-372.06,27.4,1093,3.13,4.18,201,132,0,0,167,157
143,0,-372.06,27.4,1093,2.52,5.78,290,81,1,0,214,146.1
144,0,-372.06,27.4,1093,2.52,3.54,290,94,1,0,214,95.1
145,1,-372.06,27.4,1093,3.13,4.5,201,40,0,0,167,66
146,1,-372.06,27.4,1093,3.74,6.79,153,86,0,0,204.2,102
147,1,372.06,27.4,1093,2.88,3.54,276,94,1,0,200.1,95.1
148,1,372.06,27.4,1093,2.52,4.5,290,40,1,0,214,66
149,1,372.06,27.4,1093,3.13,4.18,201,132,0,0,167,157
150,1,372.06,27.4,1093,3.74,6.79,153,86,0,0,204.2,102
151,1,372.06,27.4,1093,3.74,6.2,153,33,0,0,204.2,45
152,1,372.06,27.4,1093,2.88,4.18,276,132,1,0,200.1,157
153,0,-372.06,27.4,1093,3.74,18.315,153,29,0,0,204.2,47.05
154,0,-372.06,27.4,1093,2.52,5.93,290,22,1,0,214,54.2
155,0,-372.06,27.4,1093,3.86,4.18,142,132,0,0,128.1,157
156,0,-2077.45,28.9,1036,2.52,3.435,290,96.5,1,0,214,88.6
157,1,-2077.45,28.9,1036,3.13,3.87,201,67,0,0,167,97.2
158,1,-2077.45,28.9,1036,3.74,5.64,153,103,0,0,204.2,143.2
159,1,2077.45,28.9,1036,3.74,5.64,153,103,0,0,204.2,143.2
161,0,2077.45,28.9,1036,4.18,5.13,51,42,0,0,47.1,33.1
0,1,-2169.84,30,1033,3.62,5.35,163,119,0,0,146.2,138
1,0,-2169.84,30,1033,4.77,4.92,98,143,0,1,109.1,181
3,1,-2169.84,30,1033,4.25,4.52,132,69,0,0,118.2,77.2
4,1,2169.84,30,1033,2.9,5.35,125,119,0,0,145.2,138
6,1,2169.84,30,1033,5.22,4.52,146,69,0,0,153.1,77.2
7,0,-2169.84,30,1033,3,4.52,161,69,0,0,132,77.2
8,1,-2169.84,30,1033,5.22,4.92,146,143,0,1,153.1,181
9,0,-2169.84,30,1033,6.52,5.35,34,119,0,0,29,138
10,1,2169.84,30,1033,3.55,3.64,62,73,0,0,63.1,121
11,0,2169.84,30,1033,3,4.55,161,76,0,0,132,85
12,1,2169.84,30,1033,3.62,4.92,163,143,0,1,146.2,181
13,1,2169.84,30,1033,2.44,2.28,109.5,27,0,0,103,27.2
14,0,2169.84,30,1033,5.22,4.55,146,76,0,0,153.1,85
15,1,2169.84,30,1033,3,4.92,161,143,0,1,132,181
16,1,-2169.84,30,1033,2.44,2.28,109.5,27,0,0,103,27.2
17,1,-2169.84,30,1033,3.62,4.21,163,74,0,0,146.2,62
18,0,-2169.84,30,1033,4.25,4.55,132,76,0,0,118.2,85
19,0,1632.19,28.3,1118,3.55,3.2,62,215,0,0,63.1,202.1
20,1,1632.19,28.3,1118,3,5.96,161,25,0,0,132,25.2
21,1,-1632.19,28.3,1118,3.62,3.49,163,146,0,0,146.2,157.1
22,0,-1632.19,28.3,1118,5.22,4.03,146,178,0,0,153.1,189.2
23,1,-1128.16,28.7,1127,3.62,6.66,163,44.5,0,0,146.2,71.5
24,1,-1128.16,28.7,1127,4.77,4.39,98,43,0,0,109.1,52.1
25,1,1128.16,28.7,1127,3,4.32,161,108,0,0,132,100
26,1,1128.16,28.7,1127,4.77,4.39,98,43,0,0,109.1,52.1
27,1,-2012.74,28.6,1041,4.77,4.68,98,179,0,0,109.1,186.2
28,1,-2012.74,28.6,1041,2.9,5.61,125,142,0,0,145.2,157.1
29,1,-2012.74,28.6,1041,4.25,5.25,132,47,0,0,118.2,60
30,1,2012.74,28.6,1041,5.22,6.81,146,139,0,0,153.1,142.2
31,1,2012.74,28.6,1041,3.55,7.84,62,63,0,0,63.1,93
32,0,2012.74,28.6,1041,4.25,4.24,132,152,0,1,118.2,169.2
33,0,-2578.08,27.3,1134,5.22,3.32,146,174,0,0,153.1,173.2
34,1,-2578.08,27.3,1134,6.52,4.65,34,181,0,0,29,203.1
35,0,-2578.08,27.3,1134,4.77,3.38,98,76,0,0,109.1,74.2
36,1,2578.08,27.3,1134,3,4.19,161,150,0,0,132,137.1
37,1,2578.08,27.3,1134,3.62,4.88,163,83,0,0,146.2,90.1
38,0,2578.08,27.3,1134,4.25,3.32,132,174,0,0,118.2,173.2
39,1,2578.08,27.3,1134,3.55,2.92,62,19,0,0,63.1,24.2
40,0,1513.59,26.7,1055,2.9,6.2,125,104,0,0,145.2,135
41,0,1513.59,26.7,1055,3.55,5.38,62,50,0,0,63.1,77.65
42,0,1513.59,26.7,1055,3,4.15,161,76,0,0,132,69.1
43,1,-1513.59,26.7,1055,3.55,2.38,62,34,0,0,63.1,45.1
44,1,-1513.59,26.7,1055,3,5.23,161,103,0,0,132,117
45,0,-1513.59,26.7,1055,2.9,3.86,125,19,0,0,145.2,23.1
46,1,1794.85,28,1158,2.9,4.98,125,109,0,0,145.2,141
47,0,1794.85,28,1158,4.25,4.19,132,196,0,0,118.2,176.1
48,0,1794.85,28,1158,5.22,2.25,146,265,0,3,153.1,203.2
49,0,-1794.85,28,1158,3.62,4.19,163,196,0,0,146.2,176.1
50,0,-1794.85,28,1158,5.22,3.11,146,137,0,0,153.1,121.2
51,0,-1794.85,28,1158,4.77,4.28,98,145,0,0,109.1,103
52,1,-1781.36,29.6,1104,3,3.83,161,114,0,0,132,164.2
53,1,-1781.36,29.6,1104,4.25,6.08,132,103,0,0,118.2,160
54,0,-1781.36,29.6,1104,3.62,5.31,163,86,0,0,146.2,101.2
55,1,-1781.36,29.6,1104,5.22,2.44,146,109.5,0,0,153.1,103
56,1,1781.36,29.6,1104,2.9,6.08,125,103,0,0,145.2,160
58,0,1781.36,29.6,1104,4.25,2.44,132,109.5,0,0,118.2,103
59,0,-1037.17,28.9,1005,5.22,4.16,146,134,0,1,153.1,179.2
60,0,-1037.17,28.9,1005,2.9,3.81,125,130,0,0,145.2,146.1
62,1,1037.17,28.9,1005,5.22,5.38,146,131,0,0,153.1,154
64,0,1037.17,28.9,1005,9,4.16,20,134,0,1,13,179.2
65,1,1037.17,28.9,1005,4.25,5.29,132,145,0,0,118.2,180.1
66,1,1551.32,28.4,1130,4.77,4.26,98,170,0,0,109.1,181.2
67,1,1551.32,28.4,1130,2.9,5.285,125,31,0,0,145.2,36.1
68,1,1551.32,28.4,1130,4.25,3.82,132,113,0,0,118.2,169.2
69,1,1702.18,27,1147,3,3.28,161,167,0,3,132,211.1
70,1,1702.18,27,1147,5.22,3.89,146,139,0,0,153.1,145.2
71,1,1702.18,27,1147,6.52,5.63,34,51,0,0,29,70.1
72,1,-1702.18,27,1147,3.62,3.89,163,139,0,0,146.2,145.2
73,0,-1702.18,27,1147,4.77,3.28,98,167,0,3,109.1,211.1
74,1,-1702.18,27,1147,5.22,5.07,146,121,0,0,153.1,158
75,1,2293.76,28.6,1184,2.9,4.39,125,92,0,0,145.2,96.1
76,1,2293.76,28.6,1184,4.25,3.88,132,144,0,0,118.2,155.1
77,0,2293.76,28.6,1184,5.22,2.98,146,230,0,0,153.1,193.1
78,1,2293.76,28.6,1184,3.62,4.74,163,194,0,1,146.2,178.1
79,0,-2293.76,28.6,1184,4.25,4.39,132,92,0,0,118.2,96.1
80,1,-2293.76,28.6,1184,5.8,3.88,69,144,0,0,54.1,155.1
81,1,-2293.76,28.6,1184,5.22,2.98,146,230,0,0,153.1,193.1
82,1,-2295.72,28.8,1099,3.62,6.7,163,67,0,0,146.2,92.2
83,1,-2295.72,28.8,1099,3,4.71,161,85,0,0,132,101.1
84,1,-2295.72,28.8,1099,5.22,7.88,146,36,0,0,153.1,48
85,1,2624.74,28.7,1075,2.9,4.19,125,70,0,0,145.2,105.1
86,1,2624.74,28.7,1075,4.25,4.37,132,140,0,0,118.2,158.2
87,1,-2624.74,28.7,1075,3.62,5.58,163,105,0,0,146.2,129
88,0,-2624.74,28.7,1075,4.77,4.27,98,50,0,0,109.1,65.1
89,1,-2624.74,28.7,1075,2.9,5.3,125,55,0,0,145.2,69.2
90,1,2624.74,28.7,1075,3,6.11,161,72,0,0,132,91.1
91,1,2624.74,28.7,1075,5.8,3.575,69,76.5,0,0,54.1,81.05
92,1,2624.74,28.7,1075,5.22,4.37,146,140,0,0,153.1,158.2
93,1,2624.74,28.7,1075,6.52,5.3,34,55,0,0,29,69.2
94,0,-2624.74,28.7,1075,5.22,4.37,146,140,0,0,153.1,158.2
95,1,-2624.74,28.7,1075,6.52,5.3,34,55,0,0,29,69.2
96,1,-2624.74,28.7,1075,3,6.11,161,72,0,0,132,91.1
97,0,-2624.74,28.7,1075,2.9,4.37,125,140,0,0,145.2,158.2
98,1,-2624.74,28.7,1075,3.55,4.19,62,70,0,0,63.1,105.1
99,0,-2624.74,28.7,1075,3,5.58,161,105,0,0,132,129
100,0,2624.74,28.7,1075,3.55,5.58,62,105,0,0,63.1,129
101,0,2624.74,28.7,1075,3.62,6.11,163,72,0,0,146.2,91.1
102,0,2624.74,28.7,1075,3,3.14,161,29,0,1,132,43
103,0,2624.74,28.7,1075,2.9,4.19,125,70,0,0,145.2,105.1
105,1,2157.08,26.6,1079,3.62,6.02,163,140,0,0,146.2,133
106,0,2157.08,26.6,1079,5.22,3.54,146,184,0,0,153.1,168
107,1,-3039.78,29.5,1084,2.9,4.36,125,78,0,0,145.2,86.2
108,1,-3039.78,29.5,1084,4.25,4.35,132,16,0,0,118.2,31
109,1,-3039.78,29.5,1084,3.62,2.98,163,156,0,0,146.2,136
110,0,-3039.78,29.5,1084,4.77,5.12,98,137,0,0,109.1,160
111,0,3039.78,29.5,1084,3.62,2.98,163,156,0,0,146.2,136
112,1,3039.78,29.5,1084,4.77,5.12,98,137,0,0,109.1,160
113,1,3039.78,29.5,1084,5.22,5.72,146,94,0,0,153.1,130.2
114,0,3039.78,29.5,1084,4.77,4.36,98,78,0,0,109.1,86.2
115,1,3039.78,29.5,1084,4.25,3.81,132,24.5,0,0,118.2,37.05
116,1,3039.78,29.5,1084,5.8,5.12,69,137,0,0,54.1,160
117,0,-3039.78,29.5,1084,4.25,5.12,132,137,0,0,118.2,160
118,1,-3039.78,29.5,1084,3,3.81,161,24.5,0,0,132,37.05
119,0,-3039.78,29.5,1084,3.62,2.98,163,156,0,0,146.2,136
120,1,3039.78,29.5,1084,2.9,4.36,125,54.5,0,0,145.2,65.55
121,1,3039.78,29.5,1084,2.44,5.12,109.5,137,0,0,103,160
122,1,3039.78,29.5,1084,4.25,5.34,132,31,0,0,118.2,59
123,1,-3039.78,29.5,1084,3.62,2.98,163,156,0,0,146.2,136
124,1,-3039.78,29.5,1084,2.9,4.36,125,54.5,0,0,145.2,65.55
125,1,-3039.78,29.5,1084,2.44,5.34,109.5,31,0,0,103,59
126,1,1260.34,28.3,1114,5.22,3.66,146,128,0,0,153.1,179.1
127,0,1260.34,28.3,1114,3.62,4.04,163,119,0,0,146.2,129.1
128,1,1260.34,28.3,1114,4.77,4.5,98,76,0,0,109.1,86
129,1,-1260.34,28.3,1114,3.62,3.66,163,128,0,0,146.2,179.1
130,0,-1260.34,28.3,1114,5.22,4.07,146,249,0,0,153.1,201
131,0,-1260.34,28.3,1114,2.9,5.31,125,66,0,0,145.2,83
132,0,-1260.34,28.3,1114,3.55,4.04,62,119,0,0,63.1,129.1
133,1,-372.06,28.3,1015,4.25,3.4,132,86,0,0,118.2,166.2
134,1,-372.06,28.3,1015,5.22,2.5,146,56,0,0,153.1,82.2
135,1,-372.06,28.3,1015,3.62,5.66,163,67,0,0,146.2,111.1
136,0,-372.06,28.3,1015,4.77,5.94,98,61,0,1,109.1,77.1
137,1,372.06,28.3,1015,2.9,3.725,125,104.5,0,0,145.2,93.1
138,1,372.06,28.3,1015,4.25,3.4,132,86,0,0,118.2,166.2
139,1,372.06,28.3,1015,3,4.82,161,115,0,0,132,185
140,0,-372.06,28.3,1015,4.77,3.725,98,104.5,0,0,109.1,93.1
141,0,-372.06,28.3,1015,3,5.66,161,67,0,0,132,111.1
142,1,-372.06,28.3,1015,5.8,3.4,69,86,0,0,54.1,166.2
143,0,372.06,28.3,1015,3.62,4.2,163,105,0,0,146.2,148
144,0,372.06,28.3,1015,5.22,7.71,146,36,0,0,153.1,49
145,1,372.06,28.3,1015,2.9,3.4,125,86,0,0,145.2,166.2
146,0,-372.06,28.3,1015,5.22,4.82,146,115,0,0,153.1,185
147,0,-372.06,28.3,1015,2.9,3.4,125,86,0,0,145.2,166.2
148,1,-372.06,28.3,1015,3.55,5.66,62,67,0,0,63.1,111.1
149,1,372.06,28.3,1015,3.55,3.4,62,86,0,0,63.1,166.2
150,1,372.06,28.3,1015,2.9,4.2,125,105,0,0,145.2,148
151,1,372.06,28.3,1015,2.44,5.66,109.5,67,0,0,103,111.1
152,0,2077.45,30.9,1064,4.25,5.14,132,42.5,0,0,118.2,48.15
153,1,2077.45,30.9,1064,3.62,4.25,163,24,0,0,146.2,36
154,0,2077.45,30.9,1064,5.22,3.09,146,164,0,0,153.1,201
155,1,2077.45,30.9,1064,3,3.53,161,142,0,0,132,145.1
156,1,-2077.45,30.9,1064,3,8.195,161,10.5,0,0,132,15.1
157,0,-2077.45,30.9,1064,3.62,4.98,163,176,0,0,146.2,186
158,1,-2077.45,30.9,1064,5.22,3.09,146,164,0,0,153.1,201
159,0,-1964.14,29.2,1101,3.62,4.67,163,166,0,0,146.2,181.1
160,1,-1964.14,29.2,1101,5.22,6.135,146,30,0,0,153.1,38
161,0,-1964.14,29.2,1101,2.9,2.52,125,204,0,1,145.2,175.1
0,0,2169.84,28.5,1037,4.48,3.88,134,143,0,1,168.2,160
1,1,2169.84,28.5,1037,4.55,5.06,144,103,1,1,168,178
2,1,2169.84,28.5,1037,4.64,3.56,115,68,0,0,180.1,68.1
3,1,-2169.84,28.5,1037,4.64,5.04,115,59.5,0,0,180.1,71.65
4,1,-2169.84,28.5,1037,4.34,4.915,177,72,0,0,184.2,90.65
5,1,-2169.84,28.5,1037,3.22,3.88,106,143,0,1,81,160
6,1,2169.84,28.5,1037,4.34,3.88,177,143,0,1,184.2,160
7,1,2169.84,28.5,1037,5.65,9.16,28,32,0,0,38.5,38.1
8,1,2169.84,28.5,1037,4.55,5.06,144,103,1,1,168,178
9,1,-2169.84,28.5,1037,3.22,3.88,106,143,0,1,81,160
10,1,-2169.84,28.5,1037,4.34,5.06,177,103,0,1,184.2,178
11,1,-2169.84,28.5,1037,4.48,9.16,134,32,0,0,168.2,38.1
12,0,-2169.84,28.5,1037,4.48,4.17,134,72,0,0.5,168.2,98.6
13,0,-2169.84,28.5,1037,4.64,8.42,115,14.5,0,0,180.1,12.2
14,0,-2169.84,28.5,1037,3.69,5.04,28,59.5,0,0,31.2,71.65
15,1,-2169.84,28.5,1037,4.06,6.51,55,10.5,0,0,62,19.6
16,0,2169.84,28.5,1037,3.69,6.51,28,10.5,0,0,31.2,19.6
17,1,2169.84,28.5,1037,4.34,4.17,177,50,0,0,184.2,49.2
18,0,2169.84,28.5,1037,15.12,5.04,3,59.5,0,0,8.1,71.65
19,1,1632.19,26.7,1113,4.34,7.23,177,17,0,0,184.2,23.2
20,1,1632.19,26.7,1113,3.22,5.15,106,131,0,0,81,155.2
21,1,-1632.19,26.7,1113,4.48,4.9,134,218,0,0,168.2,174.1
22,0,-1632.19,26.7,1113,4.55,4.37,144,134,1,1,168,158.2
23,1,-2012.74,28.5,1065,4.64,3.77,115,140,0,0,180.1,172
24,1,-2012.74,28.5,1065,4.34,5.27,177,55,0,0,184.2,94
25,1,-2012.74,28.5,1065,3.22,3.61,106,174,0,0,81,179.2
26,0,2012.74,28.5,1065,4.06,3.61,55,174,0,0,62,179.2
27,1,2012.74,28.5,1065,4.34,5.575,177,68.5,0,0.5,184.2,83
28,1,2012.74,28.5,1065,4.48,3.77,134,140,0,0,168.2,172
29,1,2012.74,28.5,1065,4.55,5.42,144,85,1,0,168,118
30,0,-2578.08,28.5,1162,4.34,3.33,177,127,0,1,184.2,156.2
31,1,-2578.08,28.5,1162,4.48,4.78,134,93,0,0,168.2,139.1
32,0,-2578.08,28.5,1162,5.65,6.95,28,21,0,0,38.5,22
33,0,2578.08,28.5,1162,4.55,3.99,144,228,1,0,168,230
34,1,2578.08,28.5,1162,3.22,3.33,106,127,0,1,81,156.2
35,0,2578.08,28.5,1162,4.34,4.78,177,93,0,0,184.2,139.1
36,0,2578.08,28.5,1162,2.16,6.75,104,13,0,0,108.1,21.1
37,1,1513.59,28.3,1105,4.55,4.04,144,168,1,0,168,165
38,1,1513.59,28.3,1105,4.64,5.57,115,21,0,0,180.1,34.65
39,0,1513.59,28.3,1105,4.34,3.34,177,233,0,1,184.2,226.2
40,1,-1513.59,28.3,1105,4.48,3.73,134,95,0,0,168.2,135
41,0,-1513.59,28.3,1105,4.64,3.34,115,233,0,1,180.1,226.2
42,0,-1513.59,28.3,1105,4.34,3.2,177,181,0,0,184.2,208
43,0,-1522.98,27.4,1217,4.06,2.44,55,197,0,0,62,202.2
44,1,-1522.98,27.4,1217,4.34,3.35,177,180,0,0,184.2,188.1
45,0,-1522.98,27.4,1217,4.48,3.1,134,190,0,1,168.2,197.1
46,0,-1439.67,27.8,1014,3.22,6.43,106,58,0,0,81,70
47,1,-1439.67,27.8,1014,4.55,7.36,144,43,1,0,168,47.2
48,1,-1439.67,27.8,1014,4.48,3.98,134,145,0,0,168.2,172
49,1,-1794.85,29,1084,4.48,3.14,134,227,0,2,168.2,215
50,0,-1794.85,29,1084,2.16,4.26,104,168,0,0,108.1,190
51,1,-1794.85,29,1084,4.64,3.87,115,161,0,0,180.1,137.1
52,1,1794.85,29,1084,4.48,5.26,134,50,0,0,168.2,53
53,1,1794.85,29,1084,3.69,3.14,28,227,0,2,31.2,215
54,0,1794.85,29,1084,4.64,3.32,115,150,0,1,180.1,146.1
55,0,1794.85,29,1084,5.14,4.26,2,168,0,0,7,190
56,1,-1781.36,29.9,1105,4.55,5.07,144,56,1,0,168,119
57,0,-1781.36,29.9,1105,4.34,3.04,177,254,0,0,184.2,227.2
58,1,-1781.36,29.9,1105,4.48,5.87,134,135,0,0,168.2,153.1
60,0,1781.36,29.9,1105,4.48,3.04,134,254,0,0,168.2,227.2
61,0,1781.36,29.9,1105,4.55,5.07,144,56,1,0,168,119
62,1,-1037.17,28.5,1049,4.34,6.19,177,94,0,0,184.2,88.2
63,0,-1037.17,28.5,1049,4.48,7.77,134,18,0,0,168.2,24.1
64,0,-1037.17,28.5,1049,5.65,4.45,28,144,0,0,38.5,186
65,0,-1037.17,28.5,1049,4.64,3.68,115,184,0,0,180.1,195.2
66,1,1037.17,28.5,1049,4.55,5.37,144,139,1,0,168,189.1
67,1,1037.17,28.5,1049,4.48,6.19,134,94,0,0,168.2,88.2
68,0,1037.17,28.5,1049,4.64,3.68,115,184,0,0,180.1,195.2
69,0,1614.32,27.5,1071,5.65,4.39,28,120,0,0,38.5,151.2
70,1,1614.32,27.5,1071,4.64,4.86,115,93,0,0,180.1,127.2
71,0,1614.32,27.5,1071,4.55,4.62,144,140,1,0,168,179.1
72,0,-1702.18,26.9,1124,4.55,8.02,144,49,1,0,168,58.1
73,1,-1702.18,26.9,1124,4.34,8.42,177,14.5,0,0,184.2,12.2
74,1,-1702.18,26.9,1124,4.48,5.95,134,34,0,0,168.2,59
75,0,1702.18,26.9,1124,4.34,6.43,177,114,0,0,184.2,133
76,1,1702.18,26.9,1124,4.48,4.915,134,72,0,0,168.2,90.65
77,1,1702.18,26.9,1124,4.64,8.02,115,49,0,0,180.1,58.1
79,1,2293.76,30.1,1098,4.55,3.07,144,165,1,0,168,199.2
80,0,2293.76,30.1,1098,4.34,4.82,177,207,0,0,184.2,175.2
81,0,2293.76,30.1,1098,4.48,4.76,134,97,0,0,168.2,124.2
82,0,-2293.76,30.1,1098,4.55,4.82,144,207,1,0,168,175.2
83,0,-2293.76,30.1,1098,4.64,3.91,115,152,0,0,180.1,179.2
84,1,-2293.76,30.1,1098,3.22,3.07,106,165,0,0,81,199.2
85,0,2624.74,28.7,1036,4.48,3.86,134,124,0,0,168.2,144.2
86,0,2624.74,28.7,1036,2.16,6.02,104,23,0,0,108.1,46.1
87,1,2624.74,28.7,1036,4.64,2.04,115,64.5,0,0,180.1,55.05
88,1,-2624.74,28.7,1036,4.64,6.02,115,23,0,0,180.1,46.1
89,1,-2624.74,28.7,1036,4.34,4.11,177,108,0,1,184.2,186
90,1,-2624.74,28.7,1036,3.22,5.69,106,94,0,0,81,117
91,0,-2624.74,28.7,1036,4.64,2.04,115,64.5,0,0,180.1,55.05
92,1,-2624.74,28.7,1036,4.34,6.5,177,71,0,0,184.2,72
93,0,-2624.74,28.7,1036,3.22,4.11,106,108,0,1,81,186
94,1,-2624.74,28.7,1036,4.55,3.86,144,124,1,0,168,144.2
95,0,2624.74,28.7,1036,4.48,4.11,134,108,0,1,168.2,186
96,0,2624.74,28.7,1036,4.55,11.47,144,17,1,0,168,24.1
97,1,2624.74,28.7,1036,4.64,6.5,115,71,0,0,180.1,72
98,1,-2624.74,28.7,1036,4.06,3.86,55,124,0,0,62,144.2
99,1,-2624.74,28.7,1036,4.34,4.11,177,108,0,1,184.2,186
100,1,-2624.74,28.7,1036,4.48,5.965,134,13,0,0,168.2,24.1
101,1,2624.74,28.7,1036,3.69,2.15,28,23,0,0,31.2,29.1
102,1,2624.74,28.7,1036,4.06,3.86,55,124,0,0,62,144.2
103,1,2624.74,28.7,1036,4.34,6.5,177,71,0,0,184.2,72
104,1,1831.66,28.9,1173,4.64,3.38,115,85,0,0,180.1,104
105,0,1831.66,28.9,1173,4.06,3.98,55,63.5,0,0,62,80.65
106,1,1831.66,28.9,1173,4.34,3.88,177,98,0,0,184.2,116
107,0,3039.78,30.5,1099,4.64,4.22,115,119,0,1,180.1,134.1
109,1,3039.78,30.5,1099,4.34,4.12,177,147,0,0,184.2,199
110,0,-3039.78,30.5,1099,2.16,5.575,104,68.5,0,0.5,108.1,83
111,1,-3039.78,30.5,1099,4.64,4.22,115,119,0,1,180.1,134.1
113,1,-3039.78,30.5,1099,4.34,4.12,177,147,0,0,184.2,199
114,1,-3039.78,30.5,1099,3.22,5.575,106,68.5,0,0.5,81,83
115,1,-3039.78,30.5,1099,4.55,4.22,144,119,1,1,168,134.1
116,1,-3039.78,30.5,1099,4.48,2.625,134,25.5,0,0,168.2,31
117,1,3039.78,30.5,1099,4.64,3.79,115,117,0,0,180.1,121
118,0,3039.78,30.5,1099,3.22,4.12,106,147,0,0,81,199
119,1,3039.78,30.5,1099,4.34,2.58,177,46,0,0,184.2,49.65
120,1,3039.78,30.5,1099,4.34,3.82,177,122,0,0,184.2,153.1
121,1,3039.78,30.5,1099,4.48,3.79,134,117,0,0,168.2,121
122,0,3039.78,30.5,1099,4.64,8.52,115,22,0,0,180.1,29
123,0,-3039.78,30.5,1099,4.34,4.12,177,147,0,0,184.2,199
124,1,-3039.78,30.5,1099,4.48,3.82,134,122,0,0,168.2,153.1
125,0,-3039.78,30.5,1099,4.64,3.79,115,117,0,0,180.1,121
126,1,1096.82,28.5,1113,4.64,4.67,115,150,0,1,180.1,171.2
127,1,1096.82,28.5,1113,4.34,4.62,177,161,0,1,184.2,198.2
128,0,-1096.82,28.5,1113,4.55,4.67,144,150,1,1,168,171.2
129,0,-1096.82,28.5,1113,4.64,3.04,115,174,0,0,180.1,195.1
130,0,1260.34,27.7,1060,3.22,4.37,106,109,0,1,81,127.2
131,1,1260.34,27.7,1060,4.48,4.02,134,233,0,0,168.2,201.1
132,0,1260.34,27.7,1060,4.55,4.08,144,89,1,0,168,99.05
133,1,-1260.34,27.7,1060,4.48,4.88,134,167,0,0,168.2,175.1
134,1,-1260.34,27.7,1060,4.55,3.54,144,98,1,0,168,89
135,0,-1260.34,27.7,1060,4.64,4.02,115,233,0,0,180.1,201.1
136,0,372.06,28.4,1038,5.65,4.95,28,67,0,0,38.5,107.1
137,0,372.06,28.4,1038,4.64,3.32,115,200,0,0,180.1,200.2
138,0,372.06,28.4,1038,4.55,5.07,144,107,1,0,168,119
139,0,-372.06,28.4,1038,3.22,3.71,106,73,0,0,81,116.1
140,0,-372.06,28.4,1038,4.48,6.04,134,27,0,0,168.2,47.2
141,0,-372.06,28.4,1038,4.55,3.32,144,200,1,0,168,200.2
142,0,372.06,28.4,1038,4.48,3.71,134,73,0,0,168.2,116.1
143,0,372.06,28.4,1038,4.55,3.32,144,200,1,0,168,200.2
144,1,372.06,28.4,1038,4.64,3.41,115,132,0,0,180.1,100.1
145,0,372.06,28.4,1038,4.34,4.39,177,103,0,0,184.2,198.2
146,1,-372.06,28.4,1038,4.55,4.39,144,103,1,0,168,198.2
147,0,-372.06,28.4,1038,4.64,4.49,115,18,0,0,180.1,23.15
148,0,-372.06,28.4,1038,4.06,3.41,55,132,0,0,62,100.1
149,0,372.06,28.4,1038,4.64,5.07,115,107,0,0,180.1,119
150,0,372.06,28.4,1038,4.06,4.95,55,67,0,0,62,107.1
151,1,372.06,28.4,1038,4.34,3.41,177,132,0,0,184.2,100.1
152,0,-372.06,28.4,1038,4.64,4.39,115,103,0,0,180.1,198.2
153,0,-372.06,28.4,1038,3.69,5.07,28,107,0,0,31.2,119
154,1,-372.06,28.4,1038,4.06,4.95,55,67,0,0,62,107.1
155,1,-2077.45,30,1120,4.64,4.37,115,166,0,0,180.1,204
156,0,-2077.45,30,1120,3.22,4.46,106,126,0,0,81,169.2
157,0,-2077.45,30,1120,4.34,3.48,177,165,0,0,184.2,176
158,0,-2077.45,30,1120,4.48,3.18,134,163,0,0,168.2,195
159,1,2077.45,30,1120,4.06,4.19,55,84,0,0,62,81.15
160,0,2077.45,30,1120,4.34,3,177,161,0,0,184.2,192
161,0,2077.45,30,1120,4.48,4.37,134,166,0,0,168.2,204
0,0,-2169.84,28.7,1013,4.36,4.64,42,90,0,1,84.2,159
1,1,-2169.84,28.7,1013,2.48,3.89,216,110,2,0,232,132
2,1,-2169.84,28.7,1013,3.9,3.65,61,176,0,1,108.1,207.1
3,1,2169.84,28.7,1013,3.89,3.59,171,162,0,0,203.2,180.2
4,0,2169.84,28.7,1013,4.36,4.64,42,90,0,1,84.2,159
5,1,2169.84,28.7,1013,2.48,4.46,216,116,2,0,232,135.1
6,0,2169.84,28.7,1013,3.9,3.65,61,176,0,1,108.1,207.1
7,0,2169.84,28.7,1013,4.46,3.59,27,162,0,0,38.1,180.2
8,1,2169.84,28.7,1013,3.89,3.89,171,110,0,0,203.2,132
9,0,2169.84,28.7,1013,3.22,3.49,129,78,0,0,125.2,105.2
10,1,-2169.84,28.7,1013,3.89,3.89,171,110,0,0,203.2,132
11,1,-2169.84,28.7,1013,3.22,3.65,129,176,0,1,125.2,207.1
12,1,-2169.84,28.7,1013,3.275,4.46,77.5,116,0,0,91.15,135.1
13,0,2169.84,28.7,1013,2.48,4.64,216,90,2,1,232,159
14,0,2169.84,28.7,1013,3.22,3.59,129,162,0,0,125.2,180.2
15,1,2169.84,28.7,1013,3.605,3.49,90,78,0.5,0,90.05,105.2
16,1,-2169.84,28.7,1013,2.48,4.64,216,90,2,1,232,159
17,0,-2169.84,28.7,1013,3.22,3.59,129,162,0,0,125.2,180.2
18,0,-2169.84,28.7,1013,3.605,3.82,90,38,0.5,0,90.05,37.2
20,1,-1632.19,26.5,1153,2.48,4.62,216,121,2,0,232,146
21,1,-1632.19,26.5,1153,3.89,3.52,171,119,0,0,203.2,127.2
23,1,1632.19,26.5,1153,3.89,4.62,171,121,0,0,203.2,146
24,0,1632.19,26.5,1153,3.22,3.52,129,119,0,0,125.2,127.2
25,0,2012.74,27.9,990,2.48,3.34,216,153,2,0,232,191.1
26,1,2012.74,27.9,990,3.9,4.99,61,120,0,0,108.1,173
27,0,2012.74,27.9,990,3.89,4.11,171,168,0,0,203.2,184
28,1,-2012.74,27.9,990,4.46,4.11,27,168,0,0,38.1,184
29,1,-2012.74,27.9,990,3.89,6.04,171,26,0,0,203.2,44.2
30,1,-2012.74,27.9,990,3.22,4.91,129,109,0,0,125.2,144.2
31,0,-2012.74,27.9,990,2.48,3.34,216,153,2,0,232,191.1
32,1,2578.08,28.2,1142,5.4,5.61,14,49,0,0,16.2,59.1
33,0,2578.08,28.2,1142,3.89,3.26,171,107,0,0,203.2,113.1
34,0,2578.08,28.2,1142,3.22,3.85,129,98,0,0,125.2,121.2
36,1,-2578.08,28.2,1142,3.89,4.82,171,110,0,0,203.2,134.1
37,1,-2578.08,28.2,1142,3.22,4.46,129,147,0,0,125.2,193.2
38,0,-1513.59,28.2,1065,3.22,3.75,129,139,0,0,125.2,139.1
39,1,-1513.59,28.2,1065,2.48,3.36,216,177,2,1,232,206.1
40,0,-1513.59,28.2,1065,4.36,4.71,42,124,0,1,84.2,177.2
41,0,1513.59,28.2,1065,3.22,3.41,129,274,0,0,125.2,208.2
42,0,1513.59,28.2,1065,2.48,3.75,216,139,2,0,232,139.1
44,1,-1794.85,28,1147,2.48,3.49,216,245,2,0,232,222
45,0,-1794.85,28,1147,3.9,3.63,61,216,0,1,108.1,183.2
46,0,-1794.85,28,1147,7.16,4.55,16,170,0,0,16.1,176
47,1,1794.85,28,1147,2.48,3.63,216,216,2,1,232,183.2
49,0,1794.85,28,1147,5.4,4.55,14,170,0,0,16.2,176
50,0,1794.85,28,1147,4.46,3.05,27,44,0,0,38.1,91.1
51,1,-1415.17,28,1016,2.48,4.23,216,98,2,0,232,115
53,1,1415.17,28,1016,4.46,6.32,27,80,0,0,38.1,142.1
54,1,1415.17,28,1016,3.89,6.09,171,61,0,0,203.2,78.1
55,0,1781.36,28.3,1111,3.9,2.415,61,112.5,0,0.5,108.1,110.05
56,0,1781.36,28.3,1111,3.89,5.05,171,117,0,1,203.2,187
57,1,1781.36,28.3,1111,3.22,5.94,129,32,0,0,125.2,63.2
58,1,1781.36,28.3,1111,4.36,4.99,42,138,0,1,84.2,157
59,1,-1781.36,28.3,1111,2.48,5.05,216,117,2,1,232,187
60,0,-1781.36,28.3,1111,3.89,3.38,171,113,0,1,203.2,133.1
62,1,-1037.17,29.1,1079,3.22,2.73,129,39.5,0,0,125.2,37.65
63,1,-1037.17,29.1,1079,2.48,4.08,216,102,2,0,232,136.2
65,1,1037.17,29.1,1079,3.275,5.95,77.5,84,0,0,91.15,148.1
66,0,1037.17,29.1,1079,3.9,4.08,61,102,0,0,108.1,136.2
67,0,1037.17,29.1,1079,2.48,4.08,216,156,2,0,232,163.1
68,1,-2206.37,29.6,1121,3.605,3.69,90,116,0.5,0,90.05,180.1
69,1,-2206.37,29.6,1121,3.275,1.66,77.5,200,0,0,91.15,222.2
70,1,-2206.37,29.6,1121,3.22,2.13,129,301,0,3,125.2,232.2
71,0,1702.18,28.2,993,3.275,3.84,77.5,145,0,0,91.15,194.2
72,1,1702.18,28.2,993,3.605,4.26,90,86,0.5,0,90.05,164.2
73,0,1702.18,28.2,993,3.22,4,129,82,0,0,125.2,108
74,1,-1702.18,28.2,993,3.89,4.26,171,86,0,0,203.2,164.2
75,0,-1702.18,28.2,993,3.22,4,129,82,0,0,125.2,108
76,1,-1702.18,28.2,993,2.48,3.1,216,53,2,0,232,58
77,1,-2293.76,31.4,1151,2.48,3.29,216,104,2,0,232,131.1
79,0,-2293.76,31.4,1151,4.46,3.51,27,139,0,0,38.1,154
80,1,-2293.76,31.4,1151,3.89,4.37,171,156,0,0,203.2,160.2
81,0,2293.76,31.4,1151,3.9,4.2,61,121,0,0,108.1,154.1
82,1,2293.76,31.4,1151,2.48,5.07,216,63,2,0,232,94
83,1,2293.76,31.4,1151,3.89,4.37,171,156,0,0,203.2,160.2
84,0,-2624.74,27.9,1102,3.9,3.275,61,77.5,0,0,108.1,91.15
85,0,-2624.74,27.9,1102,5.4,4.05,3,77,0,0,5,115.2
86,1,-2624.74,27.9,1102,3.89,3.66,171,82,0,0,203.2,86
87,1,2624.74,27.9,1102,2.48,3.275,216,77.5,2,0,232,91.15
88,1,2624.74,27.9,1102,3.9,4.05,61,77,0,0,108.1,115.2
89,1,2624.74,27.9,1102,7.16,3.66,16,82,0,0,16.1,86
90,0,-2624.74,27.9,1102,3.22,3.66,129,82,0,0,125.2,86
91,1,-2624.74,27.9,1102,4.36,2.73,42,169,0,2,84.2,208
92,1,-2624.74,27.9,1102,2.48,3.35,216,64,2,1,232,96.2
93,1,2624.74,27.9,1102,3.9,6.47,61,19,0,0,108.1,27.55
94,0,2624.74,27.9,1102,2.48,2.73,216,169,2,2,232,208
95,0,2624.74,27.9,1102,3.89,4.18,171,136,0,0,203.2,157
96,0,2624.74,27.9,1102,3.605,3.56,90,64,0.5,0,90.05,86
97,0,2624.74,27.9,1102,3.605,5.285,90,28,0.5,0,90.05,37.2
98,0,2624.74,27.9,1102,3.275,2.73,77.5,169,0,2,91.15,208
99,1,2624.74,27.9,1102,3.89,6.47,171,19,0,0,203.2,27.55
100,0,-2624.74,27.9,1102,3.605,5.285,90,28,0.5,0,90.05,37.2
101,1,-2624.74,27.9,1102,3.275,2.73,77.5,169,0,2,91.15,208
102,1,-2624.74,27.9,1102,3.89,6.47,171,19,0,0,203.2,27.55
103,1,2095.92,27.7,1028,3.89,3.91,171,216,0,0,203.2,202.1
104,1,2095.92,27.7,1028,4.36,3.26,42,212,0,0,84.2,196
105,1,2095.92,27.7,1028,2.48,4.34,216,165,2,0,232,184.2
106,1,3039.78,28.6,1080,7.16,3.54,16,111,0,1,16.1,129.2
107,1,3039.78,28.6,1080,3.89,4.56,171,157,0,0,203.2,169.2
108,0,3039.78,28.6,1080,4.36,3.245,42,75.5,0,0,84.2,85.65
109,1,-3039.78,28.6,1080,3.9,3.9,61,56,0,0,108.1,67
110,1,-3039.78,28.6,1080,6.86,4.14,17,97,0,0,21,115.1
111,1,-3039.78,28.6,1080,3.89,4.56,171,157,0,0,203.2,169.2
112,1,-3039.78,28.6,1080,4.36,3.245,42,75.5,0,0,84.2,85.65
113,1,-3039.78,28.6,1080,4.46,3.53,27,191,0,2,38.1,201.2
114,0,-3039.78,28.6,1080,3.89,4.6,171,64,0,2,203.2,90
115,1,-3039.78,28.6,1080,3.22,4.14,129,97,0,0,125.2,115.1
116,0,3039.78,28.6,1080,3.22,4.14,129,97,0,0,125.2,115.1
117,0,3039.78,28.6,1080,2.48,4.56,216,157,2,0,232,169.2
119,1,-3039.78,28.6,1080,2.48,2.99,216,40.5,2,0,232,44.15
120,0,-3039.78,28.6,1080,3.9,4.14,61,97,0,0,108.1,115.1
121,0,-3039.78,28.6,1080,3.275,4.56,77.5,157,0,0,91.15,169.2
122,1,3039.78,28.6,1080,3.22,4.14,129,97,0,0,125.2,115.1
123,0,3039.78,28.6,1080,3.605,2.99,90,40.5,0.5,0,90.05,44.15
124,1,3039.78,28.6,1080,3.275,2.45,77.5,24,0,0,91.15,18.1
125,0,-2640.91,28.9,1130,3.89,3.95,171,141,0,1,203.2,177.2
126,1,-2640.91,28.9,1130,4.46,4.44,27,64,0,0,38.1,123.2
127,0,2640.91,28.9,1130,3.275,2.93,77.5,234,0,2,91.15,218.1
128,1,2640.91,28.9,1130,3.9,3.95,61,141,0,1,108.1,177.2
129,0,1260.34,28.5,1075,3.89,3.75,171,126,0,0,203.2,163.1
130,0,1260.34,28.5,1075,2.48,3.35,216,150,2,0,232,169.1
131,0,1260.34,28.5,1075,3.22,5.43,129,46,0,0,125.2,63
132,0,-1260.34,28.5,1075,3.275,3.75,77.5,126,0,0,91.15,163.1
133,1,-1260.34,28.5,1075,3.9,3.35,61,150,0,0,108.1,169.1
135,0,-1260.34,28.5,1075,3.89,3.23,171,252,0,1,203.2,212
136,1,372.06,28.7,1130,3.89,4.91,171,41,0,1,203.2,58.2
137,0,372.06,28.7,1130,4.36,3.42,42,121,0,0,84.2,184.1
138,1,372.06,28.7,1130,2.48,4.66,216,142,2,1,232,204.2
139,0,-372.06,28.7,1130,2.48,7.375,216,20.5,2,0,232,29.05
140,0,-372.06,28.7,1130,3.9,4.9,61,72,0,0,108.1,86.1
141,0,-372.06,28.7,1130,6.86,4.66,17,142,0,1,21,204.2
142,1,-372.06,28.7,1130,3.89,4.46,171,48,0,0,203.2,78.2
143,0,-372.06,28.7,1130,3.9,4.66,61,142,0,1,108.1,204.2
144,1,-372.06,28.7,1130,2.48,3.42,216,121,2,0,232,184.1
145,0,372.06,28.7,1130,3.22,4.66,129,142,0,1,125.2,204.2
146,0,372.06,28.7,1130,5.4,3.42,14,121,0,0,16.2,184.1
147,0,372.06,28.7,1130,3.275,3.96,77.5,77,0,0,91.15,125
148,0,372.06,28.7,1130,3.275,3.65,77.5,107.5,0,0.5,91.15,105.7
149,0,372.06,28.7,1130,3.89,4.91,171,41,0,1,203.2,58.2
150,0,372.06,28.7,1130,2.48,4.46,216,48,2,0,232,78.2
151,0,372.06,28.7,1130,3.22,4.66,129,142,0,1,125.2,204.2
152,0,-372.06,28.7,1130,3.275,3.42,77.5,121,0,0,91.15,184.1
153,1,-372.06,28.7,1130,3.89,4.91,171,41,0,1,203.2,58.2
154,1,-372.06,28.7,1130,2.48,4.46,216,48,2,0,232,78.2
155,1,-2077.45,29.5,1057,4.36,5.57,42,129,0,1,84.2,150.1
156,1,-2077.45,29.5,1057,2.48,3.91,216,126,2,0,232,214.1
157,1,-2077.45,29.5,1057,3.9,3.13,61,131,0,0,108.1,181
158,1,-2077.45,29.5,1057,3.89,3.81,171,91,0,1,203.2,198.2
159,0,2077.45,29.5,1057,4.36,3.22,42,61,0,0,84.2,92.1
160,0,2077.45,29.5,1057,4.46,5.57,27,129,0,1,38.1,150.1
161,0,2077.45,29.5,1057,3.89,3.91,171,126,0,0,203.2,214.1
0,0,-2169.84,29.3,1113,9.49,2.61,9,164,0,1,12.1,168.2
1,0,-2169.84,29.3,1113,2.93,4.3,146,86,1,0,200,113
2,1,-2169.84,29.3,1113,3.74,3.59,107,169,1,0,180.1,213.1
3,0,-2169.84,29.3,1113,3.4,4.51,57.5,151,0,1,90.05,175.2
4,1,2169.84,29.3,1113,2.93,2.61,146,164,1,1,200,168.2
5,0,2169.84,29.3,1113,3.74,4.3,107,86,1,0,180.1,113
6,0,2169.84,29.3,1113,2.73,3.59,157,169,0,0,154.2,213.1
7,1,-2169.84,29.3,1113,2.73,4.51,157,151,0,1,154.2,175.2
8,0,-2169.84,29.3,1113,3.4,2.61,57.5,164,0,1,90.05,168.2
9,1,-2169.84,29.3,1113,4.72,4.3,119,86,0,0,131.2,113
10,0,2169.84,29.3,1113,4.39,3.04,94,124,0,0,143.2,136
11,0,2169.84,29.3,1113,2.93,4.51,146,151,1,1,200,175.2
12,0,2169.84,29.3,1113,3.74,3.75,107,108,1,0,180.1,127.1
13,0,2169.84,29.3,1113,2.73,2.61,157,164,0,1,154.2,168.2
14,1,-2169.84,29.3,1113,4.72,4.51,119,151,0,1,131.2,175.2
15,1,-2169.84,29.3,1113,2.73,3.59,157,169,0,0,154.2,213.1
16,0,2169.84,29.3,1113,4.39,4.51,94,151,0,1,143.2,175.2
17,0,2169.84,29.3,1113,3.74,3.59,107,169,1,0,180.1,213.1
18,1,2169.84,29.3,1113,2.93,3.75,146,108,1,0,200,127.1
19,1,1632.19,27.6,1092,3.4,3.46,57.5,115,0,1,90.05,179.1
20,0,1632.19,27.6,1092,4.72,4.08,119,47,0,0,131.2,86
21,1,-1632.19,27.6,1092,2.93,3.95,146,87.5,1,0.5,200,99.65
22,1,-1632.19,27.6,1092,3.74,4.34,107,183,1,0,180.1,201.1
23,0,-1128.16,26.8,1128,3.74,3.57,107,161,1,0,180.1,204.1
24,0,-1128.16,26.8,1128,2.73,2.78,157,170,0,0,154.2,171.2
25,1,-1128.16,26.8,1128,3.4,4.77,57.5,120,0,0,90.05,145.1
26,0,2012.74,28.3,1088,3.74,3.54,107,136,1,0,180.1,185.2
27,0,2012.74,28.3,1088,2.73,3.23,157,111,0,1,154.2,159
28,1,2012.74,28.3,1088,3.4,3.34,57.5,150,0,1,90.05,207.1
29,1,-2012.74,28.3,1088,4.72,4.81,119,116,0,0,131.2,125.1
30,1,-2012.74,28.3,1088,4.39,3.23,94,111,0,1,143.2,159
31,0,-2012.74,28.3,1088,2.93,3.34,146,150,1,1,200,207.1
32,0,-2012.74,28.3,1088,3.74,3.54,107,136,1,0,180.1,185.2
33,0,-2578.08,29.1,1168,3.74,3.95,107,82,1,0,180.1,98.65
34,1,-2578.08,29.1,1168,4.39,3.445,94,79,0,0,143.2,101.1
35,0,-2578.08,29.1,1168,4.72,5.34,119,132,0,2,131.2,170.1
36,0,2578.08,29.1,1168,3.74,5.03,107,36,1,0,180.1,59
37,1,2578.08,29.1,1168,2.93,5.34,146,132,1,2,200,170.1
39,1,2578.08,29.1,1168,2.73,4.24,157,33,0,0,154.2,48.05
40,0,-1513.59,27.7,1071,2.73,3.32,157,178,0,0,154.2,200.1
41,1,-1513.59,27.7,1071,3.4,14.4,57.5,41,0,0,90.05,57.36666667
42,1,-1513.59,27.7,1071,4.72,4.74,119,129,0,0,131.2,193.2
43,0,1513.59,27.7,1071,3.74,3.32,107,178,1,0,180.1,200.1
44,0,1513.59,27.7,1071,2.93,14.4,146,41,1,0,200,57.36666667
45,1,1513.59,27.7,1071,3.4,4.74,57.5,129,0,0,90.05,193.2
46,1,1794.85,28.6,1154,4.72,2.55,119,140,0,1,131.2,134
47,0,1794.85,28.6,1154,2.73,4.25,157,120,0,1,154.2,110
48,0,1794.85,28.6,1154,4.39,4.18,94,143,0,0,143.2,153
49,1,-1794.85,28.6,1154,2.73,5.23,157,74,0,0,154.2,86
50,0,-1794.85,28.6,1154,4.57,2.44,13,269,0,1,21.2,235.2
51,0,-1794.85,28.6,1154,4.39,2.55,94,140,0,1,143.2,134
52,0,-1794.85,28.6,1154,3.74,4.25,107,120,1,1,180.1,110
53,0,1781.36,29.8,1111,3.4,3.15,57.5,252,0,1,90.05,220.1
54,0,1781.36,29.8,1111,4.39,8.16,94,19,0,0,143.2,28.2
55,0,1781.36,29.8,1111,4.72,3.43,119,129,0,3,131.2,204.2
56,1,1781.36,29.8,1111,2.93,2.815,146,66.5,1,0.5,200,76.15
57,1,-1781.36,29.8,1111,4.72,4.54,119,159,0,0,131.2,206
58,0,-1781.36,29.8,1111,4.39,3.15,94,252,0,1,143.2,220.1
59,1,-1781.36,29.8,1111,3.74,2.815,107,66.5,1,0.5,180.1,76.15
60,0,-1037.17,28.2,1080,9.49,3.2,9,159,0,0,12.1,183
61,0,-1037.17,28.2,1080,2.93,4.13,146,124,1,0,200,202.2
62,0,-1037.17,28.2,1080,3.74,3.21,107,180,1,1,180.1,227
63,1,1037.17,28.2,1080,3.74,3.2,107,159,1,0,180.1,183
64,1,1037.17,28.2,1080,2.73,4.13,157,124,0,0,154.2,202.2
65,1,1037.17,28.2,1080,3.4,2.53,57.5,113,0,0,90.05,149.1
66,0,-1551.32,27.4,1145,2.93,4.38,146,67,1,0,200,111
67,0,-1551.32,27.4,1145,3.4,3.81,57.5,153,0,0,90.05,191.1
68,0,-1551.32,27.4,1145,2.73,6.23,157,35.5,0,0,154.2,56.15
69,1,1702.18,27.5,1176,2.93,3.52,146,186,1,0,200,209.2
70,0,1702.18,27.5,1176,3.74,4.47,107,107,1,0,180.1,179.1
71,1,1702.18,27.5,1176,2.73,3.86,157,41.5,0,0,154.2,50.1
73,1,-1702.18,27.5,1176,2.73,5.07,157,50,0,0,154.2,60.1
74,0,-1702.18,27.5,1176,4.39,4.47,94,107,0,0,143.2,179.1
75,1,-2293.76,32.8,1098,3.74,5.28,107,48,1,0,180.1,46
76,1,-2293.76,32.8,1098,3.4,3.71,57.5,146,0,0,90.05,199
77,0,-2293.76,32.8,1098,4.39,8.27,94,12,0,0,143.2,20.2
78,1,2293.76,32.8,1098,4.39,4.4,94,42,0,0,143.2,48.2
79,1,2293.76,32.8,1098,3.74,1.89,107,59,1,0,180.1,76.1
80,0,2293.76,32.8,1098,2.93,3.95,146,87.5,1,0.5,200,99.65
81,1,2295.72,28.4,1123,4.72,3.4,119,138,0,0,131.2,187.2
82,0,2295.72,28.4,1123,3.86,4.06,41.5,42,0,0,50.1,44.1
83,0,2295.72,28.4,1123,4.57,4.09,13,151,0,0,21.2,202.1
84,0,2624.74,29.6,1147,3.4,3.08,57.5,183,0,2,90.05,219
85,0,2624.74,29.6,1147,4.39,3.55,94,164,0,0,143.2,190.1
86,0,2624.74,29.6,1147,4.72,3.45,119,136,0,0,131.2,146
87,0,-2624.74,29.6,1147,4.39,3.55,94,164,0,0,143.2,190.1
88,0,-2624.74,29.6,1147,4.72,3.45,119,136,0,0,131.2,146
89,1,-2624.74,29.6,1147,2.93,8.39,146,23.5,1,0,200,25.65
91,1,2624.74,29.6,1147,4.39,3.55,94,164,0,0,143.2,190.1
92,0,2624.74,29.6,1147,4.72,3.45,119,136,0,0,131.2,146
93,0,2624.74,29.6,1147,3.74,2.985,107,101,1,0,180.1,109.6
94,1,-2624.74,29.6,1147,4.39,3.45,94,136,0,0,143.2,146
95,0,-2624.74,29.6,1147,3.74,2.985,107,101,1,0,180.1,109.6
96,1,-2624.74,29.6,1147,2.93,3.62,146,79,1,0,200,87.7
97,0,-2624.74,29.6,1147,3.74,2.985,107,101,1,0,180.1,109.6
98,1,-2624.74,29.6,1147,2.93,3.62,146,79,1,0,200,87.7
99,0,-2624.74,29.6,1147,4.72,2.35,119,64,0,0,131.2,69
100,1,2624.74,29.6,1147,4.39,2.985,94,101,0,0,143.2,109.6
101,0,2624.74,29.6,1147,3.74,3.55,107,164,1,0,180.1,190.1
102,1,2624.74,29.6,1147,2.93,3.62,146,79,1,0,200,87.7
103,0,2157.08,30.7,1147,2.93,4.61,146,121,1,0,200,199
104,0,2157.08,30.7,1147,4.72,3.75,119,71,0,0,131.2,117.2
105,0,2157.08,30.7,1147,2.73,6.39,157,7,0,0,154.2,12.2
106,1,3039.78,27.5,1008,2.93,2.14,146,248,1,0,200,236
107,1,3039.78,27.5,1008,2.73,5.26,157,60,0,0,154.2,75.1
108,0,3039.78,27.5,1008,3.4,3.65,57.5,108,0,0,90.05,165
109,1,-3039.78,27.5,1008,4.72,2.14,119,248,0,0,131.2,236
110,0,-3039.78,27.5,1008,2.93,3.52,146,154,1,0,200,179
111,0,-3039.78,27.5,1008,2.73,4.65,157,55,0,0,154.2,69.2
112,0,3039.78,27.5,1008,3.4,3.85,57.5,143,0,1,90.05,163.2
113,0,3039.78,27.5,1008,7.94,2.14,1,248,0,0,5.2,236
114,1,3039.78,27.5,1008,4.39,4.65,94,55,0,0,143.2,69.2
115,1,3039.78,27.5,1008,2.93,3.52,146,154,1,0,200,179
116,0,-3039.78,27.5,1008,2.73,2.61,157,34,0,0,154.2,38
117,0,-3039.78,27.5,1008,3.4,3.52,57.5,154,0,0,90.05,179
118,0,-3039.78,27.5,1008,4.72,3.65,119,108,0,0,131.2,165
119,0,3039.78,27.5,1008,4.72,2.14,119,248,0,0,131.2,236
120,1,3039.78,27.5,1008,2.73,3.85,157,143,0,1,154.2,163.2
121,1,3039.78,27.5,1008,4.57,3.52,13,154,0,0,21.2,179
122,0,-3039.78,27.5,1008,4.72,2.61,119,34,0,0,131.2,38
123,1,-3039.78,27.5,1008,2.93,3.65,146,108,1,0,200,165
124,1,-3039.78,27.5,1008,2.73,3.52,157,154,0,0,154.2,179
125,0,-1260.34,29.3,1193,2.73,2.87,157,149,0,0,154.2,166.1
126,1,-1260.34,29.3,1193,3.4,3.33,57.5,173,0,0,90.05,194.2
127,0,-1260.34,29.3,1193,4.72,3.35,119,135.5,0,0,131.2,123.7
128,0,1260.34,29.3,1193,2.73,3.33,157,173,0,0,154.2,194.2
129,1,1260.34,29.3,1193,3.4,3.35,57.5,135.5,0,0,90.05,123.7
130,0,1260.34,29.3,1193,4.58,4.13,20,174,0,0,35.1,168
131,0,1260.34,29.3,1193,2.93,4.76,146,64,1,0,200,75.2
132,0,372.06,28.4,1066,3.74,3.06,107,182,1,1,180.1,144.1
133,1,372.06,28.4,1066,3.4,9,57.5,17,0,0,90.05,23
134,0,372.06,28.4,1066,4.39,4.38,94,35,0,2,143.2,51.1
135,0,-372.06,28.4,1066,4.72,5.18,119,133,0,1,131.2,170.1
136,1,-372.06,28.4,1066,2.93,4.15,146,10,1,0,200,17.1
137,1,-372.06,28.4,1066,3.74,4.36,107,56,1,0,180.1,126
138,1,372.06,28.4,1066,3.4,6.44,57.5,38,0,0,90.05,57.1
139,1,372.06,28.4,1066,4.72,6.75,119,2,0,0,131.2,4
140,1,372.06,28.4,1066,2.93,3.06,146,182,1,1,200,144.1
141,1,-372.06,28.4,1066,4.39,6.44,94,38,0,0,143.2,57.1
142,1,-372.06,28.4,1066,3.74,3.06,107,182,1,1,180.1,144.1
143,0,-372.06,28.4,1066,2.93,4.55,146,77,1,0,200,140.1
144,1,-372.06,28.4,1066,2.73,4.36,157,56,0,0,154.2,126
145,0,-372.06,28.4,1066,4.39,5.47,94,55,0,0,143.2,80.2
146,1,-372.06,28.4,1066,3.74,6.2,107,51,1,0,180.1,78.1
147,1,-372.06,28.4,1066,2.93,4.55,146,77,1,0,200,140.1
148,0,372.06,28.4,1066,4.57,1.46,13,25,0,0,21.2,37
149,0,372.06,28.4,1066,4.39,4.55,94,77,0,0,143.2,140.1
150,0,372.06,28.4,1066,3.74,3.05,107,17,1,0,180.1,20.2
151,0,2077.45,29.2,1122,4.39,3.39,94,119,0,0,143.2,202
152,0,2077.45,29.2,1122,9.49,5.67,9,30,0,0,12.1,33.1
153,1,2077.45,29.2,1122,2.93,3.71,146,173,1,0,200,215.2
154,0,-2077.45,29.2,1122,4.58,4.48,20,184,0,1,35.1,184.2
155,1,-2077.45,29.2,1122,2.73,4.22,157,133,0,0,154.2,158
156,1,-2077.45,29.2,1122,4.39,3.71,94,173,0,0,143.2,215.2
157,1,-2077.45,29.2,1122,3.74,3.65,107,111,1,1,180.1,130.2
158,0,-1964.14,28.7,1160,3.4,3.57,57.5,162,0,0,90.05,158.2
159,0,-1964.14,28.7,1160,4.39,2.66,94,182,0,2,143.2,199.2
160,0,1964.14,28.7,1160,2.93,2.85,146,138,1,1,200,198.2
161,0,1964.14,28.7,1160,3.74,3.57,107,162,1,0,180.1,158.2
0,1,2169.84,27.8,1144,4.365,5.42,73.5,56,0,0,88.1,73
1,0,2169.84,27.8,1144,5.86,4.16,89,101,0,0,153.2,145
3,1,-2169.84,27.8,1144,5.59,3.39,93,188,0,0,141.2,212.1
4,1,-2169.84,27.8,1144,4.365,6.04,73.5,108,0,0,88.1,132.2
5,0,-2169.84,27.8,1144,5.86,4.02,89,109,0,2,153.2,150
6,1,2169.84,27.8,1144,5.15,5.42,123,56,0,0,153.2,73
7,1,2169.84,27.8,1144,4.365,4.57,73.5,107,0,0,88.1,169.1
8,1,2169.84,27.8,1144,5.59,3.39,93,188,0,0,141.2,212.1
9,1,2169.84,27.8,1144,4.59,6.04,138,108,0,0,151,132.2
10,0,-2169.84,27.8,1144,4.365,4.57,73.5,107,0,0,88.1,169.1
11,0,-2169.84,27.8,1144,5.59,6.04,93,108,0,0,141.2,132.2
12,0,-2169.84,27.8,1144,5.86,3.39,89,188,0,0,153.2,212.1
13,1,2169.84,27.8,1144,5.18,4.57,77,107,0,0,83.1,169.1
14,0,2169.84,27.8,1144,5.15,4.16,123,101,0,0,153.2,145
15,1,2169.84,27.8,1144,2.76,4.02,45,109,1,2,71.2,150
16,1,-2169.84,27.8,1144,5.15,4.02,123,109,0,2,153.2,150
17,0,-2169.84,27.8,1144,2.76,3.27,45,117,1,0,71.2,154.1
18,0,-2169.84,27.8,1144,5.4,4.57,49,107,0,0,73.1,169.1
19,0,-2012.74,27.8,1053,5.86,3.71,89,179,0,0,153.2,206.1
20,1,-2012.74,27.8,1053,5.15,3.71,123,23,0,0,153.2,40.05
21,0,-2012.74,27.8,1053,4.365,3.78,73.5,120,0,0,88.1,171.1
22,0,2012.74,27.8,1053,5.86,4.07,89,104,0,0,153.2,137
23,1,2012.74,27.8,1053,2.76,3.78,45,120,1,0,71.2,171.1
24,0,2012.74,27.8,1053,5.59,4.365,93,73.5,0,0,141.2,88.1
26,0,2578.08,29.6,1212,4.59,4.57,138,157,0,0,151,171.1
27,0,2578.08,29.6,1212,5.18,4.32,77,139,0,0,83.1,162.1
28,0,2578.08,29.6,1212,4.365,3.52,73.5,161,0,0,88.1,189.1
29,1,-2578.08,29.6,1212,2.76,3.52,45,161,1,0,71.2,189.1
30,0,-2578.08,29.6,1212,5.59,5.4,93,10,0,0,141.2,13.1
31,0,-2578.08,29.6,1212,1.95,4.57,33,157,0,0,60,171.1
32,1,-1513.59,29.2,1068,4.59,3.07,138,226,0,1,151,214.1
33,1,-1513.59,29.2,1068,5.86,4.75,89,89,0,0,153.2,138.1
34,1,-1513.59,29.2,1068,5.15,3.56,123,137,0,0,153.2,149
35,0,-1513.59,29.2,1068,4.365,3.51,73.5,164,0,0,88.1,200
36,1,1513.59,29.2,1068,2.76,4.82,45,38,1,0,71.2,56
37,0,1513.59,29.2,1068,5.4,3.51,49,164,0,0,73.1,200
38,0,1513.59,29.2,1068,1.95,3.07,33,226,0,1,60,214.1
39,0,1522.98,27.9,1092,5.15,3.775,123,68,0,0,153.2,77.55
40,1,1522.98,27.9,1092,4.365,3.11,73.5,144,0,0,88.1,200
41,0,1522.98,27.9,1092,5.59,4.34,93,214,0,1,141.2,213.2
42,0,-1439.67,28.5,1191,4.59,2.82,138,51,0,0,151,60.2
43,0,-1439.67,28.5,1191,5.59,3.37,93,122,0,0,141.2,192.1
44,0,-1439.67,28.5,1191,5.18,5.52,77,13,0,0,83.1,29.1
45,1,-1794.85,28.6,1126,5.86,8.02,89,12,0,0,153.2,21.1
47,0,-1794.85,28.6,1126,4.59,3.3,138,194,0,0,151,182.2
48,0,1794.85,28.6,1126,5.15,3.3,123,194,0,0,153.2,182.2
49,0,1794.85,28.6,1126,2.76,3.75,45,101,1,0,71.2,134.1
50,0,1794.85,28.6,1126,5.4,4.04,49,162,0,0,73.1,158
51,0,1794.85,28.6,1126,4.59,3.85,138,136,0,0,151,147.1
54,1,1415.17,27.7,1118,4.59,3.15,138,66,0,0,151,111.1
55,1,1415.17,27.7,1118,5.86,5.14,89,119,0,0,153.2,157.2
56,0,-1781.36,30,1250,5.59,4.32,93,142,0,0,141.2,177
57,0,-1781.36,30,1250,4.365,3.67,73.5,159,0,0,88.1,208.2
58,0,-1781.36,30,1250,5.86,2.9,89,240,0,0,153.2,214.1
60,0,1781.36,30,1250,4.365,2.57,73.5,202,0,1,88.1,182
61,0,1781.36,30,1250,5.86,3.67,89,159,0,0,153.2,208.2
62,1,1781.36,30,1250,5.15,2.9,123,240,0,0,153.2,214.1
63,1,-1037.17,26.9,1110,5.15,4.04,123,111,0,2,153.2,211.2
64,0,-1037.17,26.9,1110,4.365,5.32,73.5,114,0,0,88.1,135.1
65,1,-1037.17,26.9,1110,5.59,3.15,93,196,0,0,141.2,228.2
66,0,1037.17,26.9,1110,5.59,3.15,93,196,0,0,141.2,228.2
67,0,1037.17,26.9,1110,4.59,3.24,138,161,0,0,151,211
68,0,1037.17,26.9,1110,5.86,5.36,89,54,0,0,153.2,94
69,1,-1614.32,27.9,1071,5.59,4.14,93,54,0,0,141.2,74
70,0,-1614.32,27.9,1071,4.59,3.35,138,125,0,1,151,198.2
71,1,-1614.32,27.9,1071,5.86,4.18,89,144,0,0,153.2,180.2
72,0,1702.18,28.2,1206,1.95,3.83,33,67,0,0,60,108
73,0,1702.18,28.2,1206,4.59,6.53,138,29,0,0,151,51
74,0,1702.18,28.2,1206,5.18,5.19,77,101,0,0,83.1,152.2
75,0,-1702.18,28.2,1206,5.4,4.05,49,25,0,1,73.1,60
76,0,-1702.18,28.2,1206,1.95,6.83,33,29,0,0,60,56.2
77,1,-1702.18,28.2,1206,5.59,6.85,93,34,0,0,141.2,47.1
78,1,2293.76,31.9,1064,5.86,3.74,89,128,0,0,153.2,185.1
80,0,2293.76,31.9,1064,4.59,4.98,138,79,0,0,151,86.2
81,0,-2293.76,31.9,1064,2.76,3.39,45,64,1,0,71.2,77
82,0,-2293.76,31.9,1064,5.4,3.74,49,128,0,0,73.1,185.1
83,0,-2293.76,31.9,1064,4.59,9.835,138,15.5,0,0,151,18.6
84,0,-2624.74,28.3,1126,5.18,3.96,77,124,0,0,83.1,152.1
85,0,-2624.74,28.3,1126,4.365,2.65,73.5,117,0,3,88.1,190.1
86,0,-2624.74,28.3,1126,5.86,6.04,89,46,0,0,153.2,44.2
88,0,2624.74,28.3,1126,5.18,3.83,77,171,0,1,83.1,200
89,0,2624.74,28.3,1126,4.365,2.65,73.5,117,0,3,88.1,190.1
91,0,-2624.74,28.3,1126,5.86,3.83,89,171,0,1,153.2,200
92,0,-2624.74,28.3,1126,5.15,2.65,123,117,0,3,153.2,190.1
94,1,-2624.74,28.3,1126,1.95,3.97,33,134,0,0,60,197
95,0,-2624.74,28.3,1126,4.365,3.83,73.5,171,0,1,88.1,200
96,1,2624.74,28.3,1126,5.59,2.65,93,117,0,3,141.2,190.1
97,1,2624.74,28.3,1126,1.95,3.97,33,134,0,0,60,197
98,0,2624.74,28.3,1126,4.59,2.67,138,67,0,0,151,64
99,1,2624.74,28.3,1126,5.18,2.67,77,67,0,0,83.1,64
100,0,2624.74,28.3,1126,5.15,3.83,123,171,0,1,153.2,200
101,0,2624.74,28.3,1126,2.76,3.96,45,124,1,0,71.2,152.1
102,0,2624.74,28.3,1126,5.86,2.65,89,117,0,3,153.2,190.1
103,0,1831.66,27.9,1126,5.59,3.35,93,53,0,0,141.2,80.2
104,1,1831.66,27.9,1126,4.59,3.3,138,209,0,0,151,191
105,0,1831.66,27.9,1126,5.86,3.52,89,125,0,0,153.2,166.1
107,1,3039.78,28.7,1131,4.59,6.3,138,70,0,0,151,90
108,1,3039.78,28.7,1131,5.18,6.13,77,27,0,0,83.1,39.2
109,0,-3039.78,28.7,1131,5.18,3.04,77,216,0,0,83.1,204.1
110,1,-3039.78,28.7,1131,4.365,2.66,73.5,185,0,0,88.1,219.2
111,1,-3039.78,28.7,1131,5.86,5.26,89,107,0,0,153.2,183
112,0,3039.78,28.7,1131,5.15,2.66,123,185,0,0,153.2,219.2
113,0,3039.78,28.7,1131,4.365,4.64,73.5,56.5,0,1,88.1,71.55
114,1,3039.78,28.7,1131,5.59,5.705,93,16,0,0,141.2,27.15
115,0,-3039.78,28.7,1131,4.365,5.26,73.5,107,0,0,88.1,183
116,0,-3039.78,28.7,1131,4.59,2.66,138,185,0,0,151,219.2
117,0,-3039.78,28.7,1131,5.59,3.04,93,216,0,0,141.2,204.1
118,0,-3039.78,28.7,1131,5.59,4.98,93,57,0,0,141.2,72.1
119,0,-3039.78,28.7,1131,5.18,3.6,77,12,0,0,83.1,15
120,0,-3039.78,28.7,1131,5.15,5.26,123,107,0,0,153.2,183
121,1,-3039.78,28.7,1131,2.76,2.66,45,185,1,0,71.2,219.2
122,1,3039.78,28.7,1131,1.95,3.6,33,12,0,0,60,15
123,1,3039.78,28.7,1131,5.59,5.26,93,107,0,0,141.2,183
124,1,3039.78,28.7,1131,5.18,6.3,77,70,0,0,83.1,90
125,0,-1096.82,28.7,1087,5.86,4.63,89,44,0,1,153.2,116.2
126,1,-1096.82,28.7,1087,4.59,3.97,138,198,0,0,151,201.2
127,0,1096.82,28.7,1087,4.365,2.94,73.5,219,0,2,88.1,241.2
128,0,1096.82,28.7,1087,5.59,3.06,93,169,0,1,141.2,173.1
129,0,-1260.34,29.5,1172,5.15,3.29,123,143,0,1,153.2,150.1
130,0,-1260.34,29.5,1172,4.59,3.33,138,151,0,0,151,186.2
132,0,-1260.34,29.5,1172,5.59,3.22,93,101,0,2,141.2,128.2
133,1,1260.34,29.5,1172,1.95,3.33,33,151,0,0,60,186.2
135,0,1260.34,29.5,1172,4.59,3.22,138,101,0,2,151,128.2
136,1,-372.06,29.6,1110,4.365,8.44,73.5,12,0,0,88.1,10.2
137,0,-372.06,29.6,1110,5.86,2.83,89,277,0,0,153.2,209.2
139,0,-372.06,29.6,1110,5.15,3.11,123,72,0,0,153.2,104.1
140,0,-372.06,29.6,1110,4.59,2.83,138,277,0,0,151,209.2
141,0,-372.06,29.6,1110,5.59,4.84,93,76,0,0,141.2,93
142,0,372.06,29.6,1110,5.86,4.84,89,76,0,0,153.2,93
143,1,372.06,29.6,1110,5.15,2.83,123,277,0,0,153.2,209.2
144,0,372.06,29.6,1110,4.59,4.185,138,38,0,0,151,49
145,0,-372.06,29.6,1110,4.59,3.775,138,68,0,0,151,77.55
146,0,-372.06,29.6,1110,5.18,3.42,77,189,0,2,83.1,213
147,0,-372.06,29.6,1110,5.15,3.62,123,84,0,0,153.2,124.1
148,0,-372.06,29.6,1110,2.76,2.83,45,277,1,0,71.2,209.2
149,0,372.06,29.6,1110,5.86,3.775,89,68,0,0,153.2,77.55
150,0,372.06,29.6,1110,1.95,4.795,33,20,0,0,60,25.05
151,0,372.06,29.6,1110,4.59,3.42,138,189,0,2,151,213
152,0,372.06,29.6,1110,5.59,3.42,93,189,0,2,141.2,213
153,0,372.06,29.6,1110,5.18,2.83,77,277,0,0,83.1,209.2
154,0,372.06,29.6,1110,5.15,3.62,123,84,0,0,153.2,124.1
155,0,2077.45,28.9,1065,4.59,4.15,138,139,0,1,151,203.2
156,0,2077.45,28.9,1065,5.59,4.21,93,177,0,1,141.2,224.2
157,1,2077.45,28.9,1065,5.15,6.2,123,83,0,0,153.2,81.1
158,0,2077.45,28.9,1065,1.95,4.32,33,76,0,0,60,77
159,1,-2077.45,28.9,1065,5.59,4.32,93,76,0,0,141.2,77
160,1,-2077.45,28.9,1065,5.18,7.67,77,14,0,0,83.1,27
161,0,-2077.45,28.9,1065,5.15,4.15,123,139,0,1,153.2,203.2
