Rk,Name,Age,Tm,IP,G,GS,Wgs,Lgs,ND,Wchp,Ltuf,Wtm,Ltm,tmW-L%,Wlst,Lsv,CG,SHO,QS,QS%,GmScA,Best,Wrst,BQR,BQS,sDR,lDR,RS/GS,RS/IP,IP/GS,Pit/GS,<80,80-99,100-119,≥120,Max
1,Henderson Alvarez III,25,MIA,22.1,4,4,0,4,0,0,1,0,4,0,0,0,0,0,1,25%,39.3,59,26,4,3,0,3,2.8,2,5.6,84,0,4,0,0,85
2,Brett Anderson,27,LAD,180.1,31,31,10,9,12,3,5,16,15,0.516,2,7,1,0,18,58%,50.5,72,17,19,6,0,16,3.8,3.9,5.8,88,8,17,6,0,114
3,Chase Anderson,27,ARI,152.2,27,27,6,6,15,1,0,11,16,0.407,4,7,0,0,13,48%,50.1,76,15,22,8,0,17,3.3,3.1,5.7,91,1,20,6,0,107
4,Cody Anderson,24,CLE,91.1,15,15,7,3,5,1,2,10,5,0.667,0,2,1,0,10,67%,54.8,76,23,10,2,0,9,5.5,4.4,6.1,86,4,8,3,0,101
5,Matt Andriese,25,TBR,65.2,25,8,2,2,4,1,0,4,4,0.5,0,0,0,0,1,13%,49.5,75,27,8,2,1,4,4.4,5,4.4,69,7,1,0,0,85
6,Chris Archer,26,TBR,212,34,34,12,13,9,2,3,18,16,0.529,4,3,1,1,19,56%,58.8,95,3,19,9,0,10,4.2,3.5,6.2,101,1,12,20,1,122
7,Jake Arrieta,29,CHC,229,33,33,22,6,5,0,3,25,8,0.758,1,3,4,3,29,88%,67.2,98,38,8,2,0,17,4.3,4,6.9,104,1,9,21,2,123
8,Alec Asher,23,PHI,29,7,7,0,6,1,0,1,1,6,0.143,0,1,0,0,1,14%,35.9,70,17,2,0,1,5,2.9,1.3,4.1,72,4,3,0,0,93
9,Phillippe Aumont,26,PHI,4,1,1,0,1,0,0,0,0,1,0,0,0,0,0,0,0%,24,24,24,0,0,0,1,4,0,4,104,0,0,1,0,104
10,Homer Bailey,29,CIN,11.1,2,2,0,1,1,0,0,0,2,0,0,0,0,0,0,0%,38.5,49,28,3,0,0,1,2,2.3,5.7,86,1,1,0,0,92
11,Scott Baker,33,LAD,11,2,2,0,1,1,0,1,1,1,0.5,0,1,0,0,1,50%,47,61,33,0,0,0,2,3.7,3.3,5.5,93,0,1,1,0,102
12,Manny Banuelos,24,ATL,26.1,7,6,1,4,1,1,0,2,4,0.333,1,0,0,0,0,0%,44.2,72,22,10,1,0,4,2.2,2.4,4.2,76,3,3,0,0,92
13,Matt Barnes,25,BOS,43,32,2,0,2,0,0,0,0,2,0,0,0,0,0,0,0%,34,35,33,7,2,0,1,2.5,0.9,5.2,99,0,1,1,0,102
14,Chris Bassitt,26,OAK,86,18,13,1,8,4,0,3,3,10,0.231,0,0,0,0,8,62%,53,72,24,15,3,0,6,2.3,2.2,5.8,95,2,7,4,0,112
15,Trevor Bauer,24,CLE,176,31,30,11,12,7,1,2,13,17,0.433,5,3,1,0,18,60%,52.4,78,12,20,7,0,14,3.8,3.7,5.8,95,5,8,17,0,114
16,Brandon Beachy,28,LAD,8,2,2,0,1,1,0,0,0,2,0,0,1,0,0,0,0%,37.5,39,36,0,0,0,2,3,0,4,80,1,1,0,0,82
17,Chris Beck,24,CHW,6,1,1,0,1,0,0,0,0,1,0,0,0,0,0,0,0%,33,33,33,0,0,0,1,3,4.5,6,101,0,0,1,0,101
18,Dallas Beeler,26,CHC,8.1,3,3,0,1,2,0,0,2,1,0.667,1,1,0,0,0,0%,36.3,55,26,3,2,0,3,4.5,2.1,2.8,57,2,1,0,0,86
19,Christian Bergman,27,COL,68.1,30,4,0,1,3,0,0,2,2,0.5,0,1,0,0,0,0%,38.5,56,13,8,3,2,1,5,4.2,3.9,71,3,1,0,0,85
20,Chad Bettis,26,COL,115,20,20,8,6,6,2,1,12,8,0.6,2,3,0,0,11,55%,50.6,85,2,8,0,0,11,5.1,3.9,5.8,94,1,12,7,0,111
21,Chad Billingsley,30,PHI,37,7,7,2,3,2,1,0,3,4,0.429,1,1,0,0,2,29%,40,60,19,5,3,0,3,3.9,3.7,5.3,82,2,5,0,0,92
22,Joe Blanton,34,TOT,76,36,4,2,2,0,1,0,2,2,0.5,0,0,0,0,1,25%,,71,26,9,2,0,1,4.6,3.2,4.7,76,3,1,0,0,80
23,Joe Blanton,34,KCR,41.2,15,4,2,2,0,1,0,2,2,0.5,0,0,0,0,1,25%,47.8,71,26,8,2,0,1,4.6,3.2,4.7,76,3,1,0,0,80
24,Mike Bolsinger,27,LAD,109.1,21,21,6,6,9,2,1,11,10,0.524,2,3,0,0,6,29%,51.6,88,25,17,1,0,11,4.5,4.4,5.2,85,5,15,1,0,101
25,Matthew Boyd,24,TOT,57.1,13,12,1,6,5,0,1,4,8,0.333,1,3,0,0,4,33%,41.1,63,9,8,5,1,6,3.8,2.6,4.7,82,4,6,2,0,106
26,Matthew Boyd,24,TOR,6.2,2,2,0,2,0,0,0,0,2,0,0,0,0,0,0,0%,28,47,9,3,2,0,1,3,0,3.3,66,1,0,1,0,103
27,Matthew Boyd,24,DET,50.2,11,10,1,4,5,0,1,4,6,0.4,1,3,0,0,4,40%,43.7,63,13,5,3,1,5,4,2.9,5,85,3,6,1,0,106
28,Archie Bradley,22,ARI,35.2,8,8,2,3,3,0,0,5,3,0.625,2,1,0,0,3,38%,45,72,27,8,3,0,5,6.3,5.4,4.5,81,3,3,2,0,112
29,Craig Breslow,34,BOS,65,45,2,0,1,1,0,0,1,1,0.5,0,0,0,0,0,0%,55,58,52,18,6,1,1,4.2,0,4.7,61,2,0,0,0,66
30,Aaron Brooks,25,TOT,55.1,13,9,3,4,2,1,1,4,5,0.444,1,0,0,0,5,56%,,71,11,9,6,0,6,5.6,6.3,5.4,86,3,3,3,0,108
31,Aaron Brooks,25,OAK,51,11,9,3,4,2,1,1,4,5,0.444,1,0,0,0,5,56%,43.6,71,11,9,6,0,6,5.6,6.3,5.4,86,3,3,3,0,108
32,David Buchanan,26,PHI,74.2,15,15,2,9,4,0,2,4,11,0.267,2,1,0,0,5,33%,37.7,62,-12,14,3,0,10,3.8,4.6,5,82,8,7,0,0,98
33,Clay Buchholz,30,BOS,113.1,18,18,7,7,4,0,3,8,10,0.444,0,2,1,0,12,67%,55.7,83,5,10,4,0,10,3.6,3.6,6.3,95,3,4,11,0,110
34,Mark Buehrle,36,TOR,198.2,32,32,15,8,9,3,2,18,14,0.563,2,4,4,1,19,59%,50.1,76,8,13,6,1,16,6.1,6.2,6.2,88,6,20,6,0,111
35,Madison Bumgarner,25,SFG,218.1,32,32,18,9,5,4,4,19,13,0.594,1,2,4,2,22,69%,61.7,94,23,11,2,0,19,4.3,4.4,6.8,104,1,10,20,1,120
36,A.J. Burnett,38,PIT,164,26,26,9,7,10,4,5,13,13,0.5,2,3,0,0,17,65%,53.9,80,15,19,4,0,14,3.9,3.7,6.3,96,1,17,8,0,112
37,Eddie Butler,24,COL,79.1,16,16,3,10,3,2,0,6,10,0.375,0,3,1,0,2,13%,40.6,62,21,5,0,0,7,3.5,2.3,5,85,3,13,0,0,96
38,Trevor Cahill,27,TOT,43.1,26,3,0,3,0,0,0,0,3,0,0,0,0,0,0,0%,,45,30,8,2,0,2,2.3,2.1,4.1,73,2,1,0,0,87
39,Trevor Cahill,27,ATL,26.1,15,3,0,3,0,0,0,0,3,0,0,0,0,0,0,0%,37.7,45,30,5,0,0,2,2.3,2.1,4.1,73,2,1,0,0,87
40,Matt Cain,30,SFG,60.2,13,11,2,4,5,0,0,4,7,0.364,3,1,0,0,3,27%,44.5,73,27,5,3,0,7,4.8,4.3,5.2,85,2,8,1,0,101
41,Chris Capuano,36,NYY,40.2,22,4,0,3,1,0,0,1,3,0.25,0,1,0,0,0,0%,35.8,44,21,14,5,1,2,6.3,2.4,3.3,70,2,2,0,0,89
42,Carlos Carrasco,28,CLE,183.2,30,30,14,12,4,3,2,17,13,0.567,1,1,3,1,17,57%,58.3,98,26,19,3,0,14,4.6,4.3,6.1,93,5,8,16,1,124
43,Andrew Cashner,28,SDP,184.2,31,31,6,16,9,0,8,12,19,0.387,2,6,0,0,18,58%,48.9,68,22,19,9,0,14,3.4,2.8,6,100,0,15,15,1,121
44,Jhoulys Chacin,27,ARI,26.2,5,4,1,1,2,1,1,2,2,0.5,0,1,0,0,2,50%,54.3,63,47,3,1,0,3,4.9,3.4,5.9,91,0,4,0,0,96
45,Jesse Chavez,31,OAK,157,30,26,7,15,4,1,4,8,18,0.308,1,2,0,0,12,46%,50.2,77,18,16,2,0,11,4.1,3.2,5.8,95,4,11,11,0,116
46,Bruce Chen,38,CLE,6.1,2,2,0,1,1,0,0,1,1,0.5,0,1,0,0,0,0%,26,32,20,4,2,0,2,6,2.3,3.2,62,1,1,0,0,88
47,Wei-Yin Chen,29,BAL,191.1,31,31,11,8,12,2,4,19,12,0.613,4,7,0,0,20,65%,54.3,82,22,17,3,0,16,4.7,4,6.2,97,2,15,14,0,117
48,Tony Cingrani,25,CIN,33.1,35,1,0,0,1,0,0,0,1,0,0,0,0,0,0,0%,27,27,27,10,1,0,1,5,22.5,2.7,70,1,0,0,0,70
49,A.J. Cole,23,WSN,9.1,3,1,0,0,1,0,0,1,0,1,0,1,0,0,0,0%,12,12,12,0,0,0,1,13,4.5,2,55,1,0,0,0,55
50,Gerrit Cole,24,PIT,208,32,32,19,8,5,0,2,23,9,0.719,4,1,0,0,25,78%,59.5,78,27,17,4,0,12,3.9,3.8,6.5,101,1,12,19,0,116
51,Josh Collmenter,29,ARI,121,44,12,3,6,3,1,1,5,7,0.417,2,2,1,1,3,25%,44.9,80,1,9,6,0,6,4.9,5.1,5.7,91,3,3,6,0,114
52,Alex Colome,26,TBR,109.2,43,13,3,4,6,3,0,3,10,0.231,2,2,0,0,3,23%,48.1,77,17,2,0,0,2,3,2.4,5.3,84,4,8,1,0,104
53,Bartolo Colon,42,NYM,194.2,33,31,14,13,4,1,3,15,16,0.484,1,0,1,1,19,61%,50.6,82,9,14,6,1,19,3.8,3.7,6.2,87,8,18,5,0,107
54,Adam Conley,25,MIA,67,15,11,4,1,6,3,1,8,3,0.727,1,2,0,0,5,45%,52.2,77,33,11,2,0,7,6.3,5.3,5.3,89,3,7,1,0,106
55,Tim Cooney,24,STL,31.1,6,6,1,0,5,0,0,2,4,0.333,1,1,0,0,2,33%,54.5,66,33,6,1,0,3,3.5,4.1,5.2,80,2,3,1,0,102
56,Scott Copeland,27,TOR,15.1,5,3,1,1,1,0,0,1,2,0.333,0,1,0,0,1,33%,37,65,11,0,0,0,2,6.2,3.8,4.1,70,2,1,0,0,92
57,Patrick Corbin,25,ARI,85,16,16,6,5,5,1,2,9,7,0.563,0,3,0,0,9,56%,52.9,74,26,10,2,0,11,4.6,4.6,5.3,78,5,11,0,0,91
58,Kevin Correia,34,PHI,23.1,5,5,0,3,2,0,0,1,4,0.2,0,0,0,0,0,0%,35.6,62,3,5,1,0,3,4,4.1,4.7,84,1,4,0,0,95
59,Jarred Cosart,25,MIA,69.2,14,13,2,5,6,0,1,6,7,0.462,2,1,0,0,4,31%,49.5,77,18,4,1,0,8,3,2.4,5.1,84,2,10,1,0,105
60,Tyler Cravy,25,MIL,42.2,14,7,0,6,1,0,1,1,6,0.143,0,0,0,0,1,14%,43.4,69,21,5,2,2,3,2.7,0.8,4.6,78,3,4,0,0,96
61,Johnny Cueto,29,TOT,212,32,32,11,13,8,2,5,15,17,0.469,4,2,2,2,19,59%,56.6,93,23,4,3,0,14,3.9,3.9,6.6,102,2,8,19,3,125
62,Johnny Cueto,29,CIN,130.2,19,19,7,6,6,1,3,11,8,0.579,3,2,1,1,12,63%,62.9,93,35,1,1,0,9,3.4,3.5,6.9,101,1,6,9,3,125
63,Johnny Cueto,29,KCR,81.1,13,13,4,7,2,1,2,4,9,0.308,1,0,1,1,7,54%,47.3,87,23,3,2,0,5,4.6,4.4,6.3,103,1,2,10,0,116
64,John Danks,30,CHW,177.2,30,30,7,15,8,1,4,13,17,0.433,4,4,2,1,15,50%,47.5,73,20,16,4,0,16,4,3.9,5.9,97,3,16,10,1,121
65,Zach Davies,22,MIL,34,6,6,3,2,1,0,1,4,2,0.667,0,0,0,0,4,67%,53.8,71,23,3,1,0,3,5.4,5.6,5.7,90,1,4,1,0,102
66,Jorge De La Rosa,34,COL,149,26,26,9,7,10,0,2,14,12,0.538,1,4,1,0,14,54%,51.9,77,8,8,1,0,14,4.2,4,5.7,95,2,12,12,0,110
67,Rubby De La Rosa,26,ARI,188.2,32,32,14,9,9,5,1,18,14,0.563,3,5,0,0,14,44%,49.6,78,14,18,6,0,18,5.2,4.6,5.9,94,3,21,8,0,115
68,Sam Deduno,31,HOU,21,9,2,0,1,1,0,0,1,1,0.5,0,0,0,0,0,0%,28.5,54,3,2,0,0,0,3.7,3.4,4.3,76,1,1,0,0,90
69,Jacob deGrom,27,NYM,191,30,30,14,8,8,0,3,20,10,0.667,5,7,0,0,23,77%,61.8,91,16,13,4,0,20,4.4,3.4,6.4,99,1,12,17,0,117
70,Randall Delgado,25,ARI,72,64,1,0,0,1,0,0,1,0,1,0,0,0,0,0,0%,29,29,29,14,6,1,0,11,12,2.3,65,1,0,0,0,65
71,Anthony DeSclafani,25,CIN,184.2,31,31,9,13,9,1,2,13,18,0.419,3,5,0,0,17,55%,50.8,82,22,18,9,0,16,3.7,3.1,6,94,4,17,9,1,122
72,Odrisamer Despaigne,28,SDP,125.2,34,18,5,9,4,0,1,7,11,0.389,0,2,0,0,8,44%,46.1,70,10,19,8,1,9,3.2,3.5,5.6,92,1,13,4,0,110
73,Ross Detwiler,29,TOT,58.1,41,7,0,5,2,0,0,1,6,0.143,0,1,0,0,1,14%,,70,17,31,9,0,4,3,3.1,4.8,93,1,3,3,0,108
74,Ross Detwiler,29,TEX,43,17,7,0,5,2,0,0,1,6,0.143,0,1,0,0,1,14%,37.7,70,17,13,3,0,4,3,3.1,4.8,93,1,3,3,0,108
75,R.A. Dickey,40,TOR,214.1,33,33,11,11,11,2,5,18,15,0.545,5,4,2,0,20,61%,52.8,81,15,12,3,1,13,4.6,3.9,6.5,99,2,11,19,1,120
76,Felix Doubront,27,TOT,75.1,16,12,3,3,6,2,0,6,6,0.5,1,3,0,0,3,25%,43.2,70,22,8,3,1,7,5.8,4.2,5.1,87,2,7,3,0,106
77,Felix Doubront,27,TOR,22.2,5,4,1,1,2,0,0,1,3,0.25,1,2,0,0,1,25%,41.5,63,25,4,0,1,2,4.1,2.1,5.1,84,1,3,0,0,93
78,Felix Doubront,27,OAK,52.2,11,8,2,2,4,2,0,5,3,0.625,0,1,0,0,2,25%,44,70,22,4,3,0,5,6.7,5.4,5.1,88,1,4,3,0,106
79,Tyler Duffey,24,MIN,58,10,10,5,1,4,0,0,8,2,0.8,1,1,0,0,7,70%,54.9,77,21,11,2,0,7,7.2,6.6,5.8,91,2,5,3,0,112
80,Danny Duffy,26,KCR,136.2,30,24,7,8,9,1,0,13,11,0.542,3,3,0,0,8,33%,49,69,25,17,2,0,11,3.9,3.8,5.3,92,3,14,7,0,113
81,Jerad Eickhoff,24,PHI,51,8,8,3,3,2,0,2,4,4,0.5,2,1,0,0,7,88%,60.6,78,21,0,0,0,6,4.2,2.8,6.4,92,1,6,1,0,110
82,Roenis Elias,26,SEA,115.1,22,20,5,8,7,1,4,6,14,0.3,2,3,0,0,11,55%,51.5,71,14,19,8,1,5,2.8,3,5.7,91,3,11,6,0,105
83,Nathan Eovaldi,25,NYY,154.1,27,27,14,3,10,7,0,18,9,0.667,4,3,0,0,10,37%,49.4,78,2,31,10,1,15,5.8,6.6,5.7,98,1,11,14,1,120
84,Robbie Erlin,24,SDP,17,3,3,1,2,0,0,1,1,2,0.333,0,0,0,0,2,67%,51,76,14,2,2,0,3,2.1,1.5,5.7,73,2,1,0,0,86
85,Marco Estrada,31,TOR,181,34,28,12,8,8,5,3,16,12,0.571,3,1,0,0,16,57%,56.2,90,27,13,2,0,13,4.9,4.6,6.1,98,2,13,12,1,129
86,Buck Farmer,24,DET,40.1,14,5,0,3,2,0,0,0,5,0,1,0,0,0,0,0%,33.8,50,21,12,4,0,4,3.4,4.3,4.8,86,1,3,1,0,103
87,Scott Feldman,32,HOU,108.1,18,18,5,5,8,0,2,8,10,0.444,1,5,0,0,12,67%,50.4,76,16,7,2,0,12,3.3,2.6,6,98,1,8,9,0,113
88,Jose Fernandez,22,MIA,64.2,11,11,6,1,4,2,1,7,4,0.636,1,2,0,0,7,64%,58.5,74,26,1,0,0,8,4.4,4.3,5.9,90,3,7,1,0,112
89,Mike Fiers,30,TOT,180.1,31,30,7,10,13,0,1,14,16,0.467,2,5,1,1,15,50%,54.7,94,26,19,4,1,15,4.2,3.6,5.8,98,1,16,12,1,134
90,Mike Fiers,30,MIL,118,21,21,5,9,7,0,1,10,11,0.476,0,3,0,0,9,43%,52.2,73,26,10,2,1,9,3.9,3.5,5.6,96,1,11,9,0,113
91,Mike Fiers,30,HOU,62.1,10,9,2,1,6,0,0,4,5,0.444,2,2,1,1,6,67%,60.6,94,42,9,2,0,6,4.9,3.7,6.4,104,0,5,3,1,134
92,Brandon Finnegan,22,TOT,48,20,4,2,2,0,1,0,2,2,0.5,0,0,0,0,1,25%,,66,35,6,1,0,0,2.8,2.1,5.3,80,2,2,0,0,88
93,Brandon Finnegan,22,CIN,23.2,6,4,2,2,0,1,0,2,2,0.5,0,0,0,0,1,25%,50,66,35,0,0,0,0,2.8,2.1,5.3,80,2,2,0,0,88
94,Doug Fister,31,WSN,103,25,15,4,7,4,0,0,5,10,0.333,2,1,0,0,7,47%,46.4,72,12,11,4,0,9,3.8,3.7,5.7,93,1,10,4,0,111
95,Yohan Flande,29,COL,68.1,19,10,2,2,6,1,0,5,5,0.5,0,5,0,0,1,10%,45.5,65,24,8,2,2,5,5,3.7,4.8,80,5,5,0,0,91
96,Kendry Flores,23,MIA,12.2,7,1,0,1,0,0,0,0,1,0,0,0,0,0,0,0%,36,36,36,3,3,1,0,1,0,5,85,0,1,0,0,85
97,Mike Foltynewicz,23,ATL,86.2,18,15,4,6,5,3,2,6,9,0.4,1,3,0,0,4,27%,42.9,75,24,16,3,0,6,4.4,3.8,5.6,95,1,9,5,0,104
98,Carlos Frias,25,LAD,77.2,17,13,4,5,4,3,2,7,6,0.538,1,1,0,0,5,38%,46.4,66,-4,12,4,2,5,4.3,3.4,5.5,83,4,8,1,0,107
99,Yovani Gallardo,29,TEX,184.1,33,33,13,11,9,6,2,19,14,0.576,3,2,0,0,12,36%,50.6,79,26,26,7,0,15,3.7,3.7,5.6,98,0,21,12,0,118
100,Frank Garces,25,SDP,38,40,1,0,1,0,0,0,0,1,0,0,0,0,0,0,0%,44,44,44,9,1,1,0,3,0,2,39,1,0,0,0,39
101,Jaime Garcia,28,STL,129.2,20,20,10,6,4,2,4,13,7,0.65,2,1,0,0,15,75%,59.8,80,25,9,4,0,12,3.2,3.4,6.5,93,1,15,4,0,108
102,Yimi Garcia,24,LAD,56.2,59,1,0,0,1,0,0,1,0,1,0,0,0,0,0,0%,42,42,42,14,4,1,0,11.3,9,2,43,1,0,0,0,43
103,Matt Garza,31,MIL,148.2,26,25,5,14,6,1,3,9,16,0.36,2,5,0,0,10,40%,42.9,73,-1,14,7,0,13,3.9,3,5.7,94,3,13,9,0,107
104,Kevin Gausman,24,BAL,112.1,25,17,3,7,7,0,2,7,10,0.412,1,2,0,0,8,47%,52.5,78,20,16,5,0,8,3.2,2.4,5.9,98,2,6,9,0,113
105,Dillon Gee,29,NYM,39.2,8,7,0,3,4,0,0,4,3,0.571,0,3,0,0,2,29%,41,66,10,13,2,0,4,4.4,1.6,5.4,83,4,2,1,0,102
106,Steve Geltz,27,TBR,67.1,70,2,0,0,2,0,0,1,1,0.5,0,1,0,0,0,0%,52.5,57,48,18,6,2,0,6.6,0,2,27,2,0,0,0,35
107,Gonzalez Germen,27,TOT,38.2,35,1,0,0,1,0,0,1,0,1,0,0,0,0,0,0%,,57,57,12,2,0,1,5.6,3,3,34,1,0,0,0,34
108,Gonzalez Germen,27,COL,32.2,29,1,0,0,1,0,0,1,0,1,0,0,0,0,0,0%,57,57,57,9,2,0,1,5.6,3,3,34,1,0,0,0,34
109,Kyle Gibson,27,MIN,194.2,32,32,11,11,10,1,1,16,16,0.5,2,5,1,0,17,53%,52.4,78,15,28,8,0,16,3.7,3.8,6.1,101,1,12,19,0,117
110,Sean Gilmartin,25,NYM,57.1,50,1,0,1,0,0,0,0,1,0,0,0,0,0,0,0%,55,55,55,18,5,1,0,0,0,5,70,1,0,0,0,70
111,Zack Godley,25,ARI,36.2,9,6,4,1,1,1,0,5,1,0.833,0,0,0,0,3,50%,55.2,71,26,3,2,0,4,5.7,5.6,4.9,78,2,4,0,0,94
112,Marco Gonzales,23,STL,2.2,1,1,0,0,1,0,0,1,0,1,0,1,0,0,0,0%,28,28,28,2,0,0,1,8.3,0,2.7,66,1,0,0,0,66
113,Chi Chi Gonzalez,23,TEX,67,14,10,3,5,2,2,3,5,5,0.5,1,0,1,1,5,50%,51.5,81,20,9,6,0,6,4.7,5,6,95,1,5,4,0,116
114,Gio Gonzalez,29,WSN,175.2,31,31,11,8,12,2,2,16,15,0.516,8,5,0,0,16,52%,51.9,74,22,23,6,0,16,4.8,4.3,5.7,95,3,15,13,0,117
115,Miguel Gonzalez,31,BAL,144.2,26,26,9,12,5,4,1,12,14,0.462,0,2,0,0,8,31%,47.8,78,20,18,5,0,12,4.2,4.1,5.6,94,4,15,7,0,110
116,Severino Gonzalez,22,PHI,30.2,7,7,3,3,1,3,0,3,4,0.429,0,1,0,0,0,0%,39.3,53,8,9,2,0,5,4.5,5.2,4.4,79,4,2,1,0,114
117,J.R. Graham,25,MIN,63.2,39,1,0,0,1,0,0,0,1,0,0,1,0,0,0,0%,49,49,49,13,3,0,1,2,0,4,63,1,0,0,0,63
118,Kendall Graveman,24,OAK,115.2,21,21,6,9,6,1,2,9,12,0.429,2,2,1,0,10,48%,49,70,16,23,4,0,9,3.5,3.2,5.5,90,6,9,6,0,111
119,Jon Gray,23,COL,40.2,9,9,0,2,7,0,0,1,8,0.111,2,3,0,0,1,11%,44.7,69,10,7,1,0,7,4.2,2.9,4.5,76,6,3,0,0,92
120,Sonny Gray,25,OAK,208,31,31,14,7,10,1,3,17,14,0.548,6,2,3,2,22,71%,59.6,89,15,13,6,0,13,4.4,4.3,6.7,99,2,12,17,0,119
121,Shane Greene,26,DET,83.2,18,16,4,8,4,1,0,6,10,0.375,1,2,0,0,5,31%,40.9,79,11,13,6,0,5,4.6,3.7,5.1,81,5,9,2,0,106
122,Zack Greinke,31,LAD,222.2,32,32,19,3,10,1,3,23,9,0.719,3,4,1,0,30,94%,67.1,88,33,8,1,0,16,3.9,3.6,7,101,0,12,20,0,119
123,Jeremy Guthrie,36,KCR,148.1,30,24,8,8,8,3,0,14,10,0.583,4,1,0,0,8,33%,41.2,63,-11,15,8,0,12,4.2,4.3,5.5,93,4,11,9,0,111
124,Jesse Hahn,25,OAK,96.2,16,16,6,6,4,1,4,7,9,0.438,2,3,1,1,10,63%,53.1,83,28,13,5,0,6,4.5,4.5,6,96,2,5,9,0,112
125,David Hale,27,COL,78.1,17,12,3,5,4,1,0,3,9,0.25,2,3,0,0,2,17%,43.8,60,27,5,0,0,6,5.1,5.8,5.7,94,0,8,4,0,105
126,Cole Hamels,31,TOT,212.1,32,32,13,8,11,2,1,20,12,0.625,2,3,2,1,21,66%,57.2,98,2,1,1,0,15,4.3,4.4,6.6,104,1,7,22,2,129
127,Cole Hamels,31,PHI,128.2,20,20,6,7,7,0,1,10,10,0.5,1,2,1,1,13,65%,57.4,98,2,0,0,0,9,3.1,2.8,6.4,105,1,3,14,2,129
128,Cole Hamels,31,TEX,83.2,12,12,7,1,4,2,0,10,2,0.833,1,1,1,0,8,67%,57,80,40,1,1,0,6,6.3,6.7,7,103,0,4,8,0,114
129,Jason Hammel,32,CHC,170.2,31,31,10,7,14,3,1,15,16,0.484,2,7,0,0,12,39%,54,81,23,22,6,0,14,4.2,4.5,5.5,89,7,13,11,0,117
130,Brad Hand,25,MIA,93.1,38,12,4,6,2,0,0,4,8,0.333,1,0,0,0,4,33%,44.3,70,15,21,8,2,6,3.2,4.7,4.8,79,4,7,1,0,106
131,J.A. Happ,32,TOT,172,32,31,11,8,12,3,2,15,16,0.484,2,5,0,0,16,52%,53,79,17,22,5,1,16,3.7,3.4,5.5,91,4,16,11,0,111
132,J.A. Happ,32,SEA,108.2,21,20,4,6,10,1,2,7,13,0.35,2,5,0,0,10,50%,48.4,70,17,12,3,1,10,3.6,3.3,5.4,92,3,8,9,0,111
133,J.A. Happ,32,PIT,63.1,11,11,7,2,2,2,0,8,3,0.727,0,0,0,0,6,55%,61.3,79,33,10,2,0,6,3.8,3.7,5.8,90,1,8,2,0,110
134,Aaron Harang,37,PHI,172.1,29,29,6,15,8,1,4,11,18,0.379,2,1,0,0,13,45%,47.1,83,7,8,2,0,13,3.9,3.2,5.9,98,1,16,12,0,112
135,Dan Haren,34,TOT,187.1,32,32,11,9,12,3,4,17,15,0.531,3,4,0,0,17,53%,53.5,78,21,13,7,0,17,4.4,4.4,5.9,91,7,13,12,0,115
136,Dan Haren,34,MIA,129,21,21,7,7,7,2,4,10,11,0.476,3,1,0,0,14,67%,55,70,21,8,4,0,11,3.9,4.2,6.1,96,1,11,9,0,115
137,Dan Haren,34,CHC,58.1,11,11,4,2,5,1,0,7,4,0.636,0,3,0,0,3,27%,50.5,78,30,5,3,0,6,5.2,4.9,5.3,81,6,2,3,0,105
138,Matt Harrison,29,TEX,16,3,3,1,2,0,0,0,1,2,0.333,0,0,0,0,1,33%,39.7,59,24,3,3,0,3,5,5.8,5.3,90,1,1,1,0,102
139,Matt Harvey,26,NYM,189.1,29,29,13,8,8,2,4,17,12,0.586,4,1,0,0,21,72%,60.7,79,24,9,1,0,19,4.4,4.3,6.5,97,3,11,15,0,115
140,Andrew Heaney,24,LAA,105.2,18,18,6,4,8,0,0,11,7,0.611,3,3,0,0,11,61%,53.8,74,14,14,7,0,11,4.7,4.2,5.9,91,1,16,1,0,100
141,Jeremy Hellickson,28,ARI,146,27,27,9,12,6,1,3,11,16,0.407,2,3,0,0,12,44%,49.2,73,20,18,5,0,18,4.1,4.4,5.4,92,3,16,8,0,110
142,Kyle Hendricks,25,CHC,180,32,32,8,7,17,2,1,19,13,0.594,7,6,1,1,11,34%,53.4,84,19,14,3,0,16,4,3.6,5.6,87,7,21,4,0,108
143,Felix Hernandez,29,SEA,201.2,31,31,18,9,4,2,1,19,12,0.613,2,1,2,2,20,65%,57,86,-6,8,1,0,16,4.1,4,6.5,98,2,9,20,0,114
144,Roberto Hernandez,34,HOU,84.2,20,11,2,5,4,0,2,5,6,0.455,1,3,0,0,5,45%,43.9,60,23,11,6,0,5,4.9,3.2,6,95,0,10,1,0,105
145,Chris Heston,27,SFG,177.2,31,31,12,11,8,3,2,16,15,0.516,2,1,2,1,14,45%,51.6,98,15,30,4,0,15,4.7,4.9,5.7,90,7,18,6,0,116
146,Rich Hill,35,BOS,29,4,4,2,1,1,0,1,3,1,0.75,0,0,1,1,4,100%,74,92,59,0,0,0,3,3.2,3.4,7.3,109,0,0,4,0,116
147,Derek Holland,28,TEX,58.2,10,10,4,3,3,0,0,5,5,0.5,1,0,1,1,4,40%,49.4,92,19,3,1,0,5,4.3,4.9,5.9,91,1,5,4,0,116
148,David Holmberg,23,CIN,28.1,6,6,1,4,1,0,1,1,5,0.167,1,0,0,0,2,33%,38,56,14,7,2,0,3,4.6,5.5,4.7,89,2,2,2,0,110
149,T.J. House,25,CLE,13,4,4,0,4,0,0,0,0,4,0,0,0,0,0,0,0%,29.5,38,17,4,2,0,3,2.3,2,3.3,69,3,1,0,0,94
150,Daniel Hudson,28,ARI,67.2,64,1,0,0,1,0,0,1,0,1,0,0,0,0,0,0%,59,59,59,20,7,1,0,2.3,6,3.3,56,1,0,0,0,56
151,Tim Hudson,39,SFG,123.2,24,22,8,9,5,2,2,12,10,0.545,1,0,0,0,10,45%,47.7,67,16,25,9,0,12,4,3.8,5.5,83,7,13,2,0,100
152,David Huff,30,LAD,6,3,1,0,0,1,0,0,1,0,1,0,1,0,0,0,0%,33,33,33,0,0,0,1,6.5,2.3,4,68,1,0,0,0,68
153,Phil Hughes,29,MIN,155.1,27,25,11,9,5,7,3,13,12,0.52,1,3,1,0,11,44%,48.8,78,14,12,4,1,14,4.6,4.6,6.1,89,6,15,4,0,104
154,Drew Hutchison,24,TOR,150.1,30,28,13,5,10,5,0,18,10,0.643,3,2,1,1,9,32%,45.5,87,7,23,10,0,16,6.9,7.1,5.3,88,5,17,6,0,109
155,Raisel Iglesias,25,CIN,95.1,18,16,3,7,6,0,3,5,11,0.313,2,2,0,0,8,50%,55.9,76,29,7,2,1,9,3.1,2.7,5.8,94,3,7,6,0,113
156,Hisashi Iwakuma,34,SEA,129.2,20,20,9,5,6,2,2,11,9,0.55,3,0,1,1,12,60%,56.4,91,25,13,3,0,9,4.1,4.8,6.5,93,5,9,6,0,118
157,Ubaldo Jimenez,31,BAL,184,32,32,12,10,10,3,3,18,14,0.563,3,3,0,0,14,44%,51.6,83,12,12,4,0,15,4.4,4.5,5.8,96,2,16,14,0,118
158,Brian Johnson,24,BOS,4.1,1,1,0,1,0,0,0,0,1,0,0,0,0,0,0,0%,40,40,40,1,1,0,1,3,5.4,4.3,87,0,1,0,0,87
159,Erik Johnson,25,CHW,35,6,6,3,1,2,0,0,4,2,0.667,1,1,0,0,4,67%,53.3,61,46,4,0,0,3,4.4,5.1,5.8,106,0,2,3,1,121
160,Taylor Jordan,26,WSN,17,4,1,0,1,0,0,0,0,1,0,0,0,0,0,0,0%,27,27,27,1,1,0,0,0,0,6,100,0,0,1,0,100
161,Taylor Jungmann,25,MIL,119.1,21,21,9,8,4,1,1,10,11,0.476,2,2,1,0,10,48%,53.3,82,24,8,3,0,12,4.2,4.2,5.7,97,0,9,12,0,112
162,Nate Karns,27,TBR,147,27,26,7,5,14,4,1,12,14,0.462,5,6,0,0,9,35%,53.7,75,30,15,5,0,10,3.5,3,5.5,92,5,12,9,0,117
163,Scott Kazmir,31,TOT,183,31,31,7,11,13,0,2,13,18,0.419,4,2,0,0,16,52%,54.9,85,17,20,4,0,18,3.7,3.2,5.9,95,4,12,15,0,112
164,Scott Kazmir,31,OAK,109.2,18,18,5,5,8,0,1,8,10,0.444,4,1,0,0,11,61%,59.6,85,35,8,3,0,9,4.1,3.4,6.1,95,3,5,10,0,112
165,Scott Kazmir,31,HOU,73.1,13,13,2,6,5,0,1,5,8,0.385,0,1,0,0,5,38%,48.5,75,17,12,1,0,9,3.2,2.9,5.6,95,1,7,5,0,111
166,Casey Kelly,25,SDP,11.1,3,2,0,2,0,0,0,0,2,0,0,0,0,0,0,0%,30.5,31,30,1,0,0,2,2.5,0.9,4.7,80,1,1,0,0,81
167,Joe Kelly,27,BOS,134.1,25,25,10,6,9,3,1,13,12,0.52,4,3,0,0,9,36%,47.9,77,10,21,6,0,14,5.5,6.2,5.4,95,3,8,14,0,118
168,Kyle Kendrick,30,COL,142.1,27,27,7,13,7,5,2,10,17,0.37,1,2,0,0,6,22%,42.1,69,10,18,11,0,14,4.9,5.9,5.3,82,9,12,6,0,104
169,Ian Kennedy,30,SDP,168.1,30,30,9,15,6,1,6,13,17,0.433,2,2,0,0,17,57%,51.3,69,16,15,3,0,16,3.9,3,5.6,97,2,12,15,1,122
170,Clayton Kershaw,27,LAD,232.2,33,33,16,7,10,1,5,20,13,0.606,4,4,4,3,27,82%,68,97,33,10,6,0,15,4.2,3.6,7.1,103,1,9,21,2,132
171,Dallas Keuchel,27,HOU,232,33,33,20,8,5,2,4,23,10,0.697,2,1,3,2,27,82%,62.7,90,11,10,0,0,16,5.4,4.8,7,106,0,7,24,2,122
172,Phil Klein,26,TEX,17.1,11,2,1,0,1,1,0,2,0,1,0,0,0,0,0,0%,37.5,57,18,6,3,0,1,6,9,3.7,74,1,1,0,0,81
173,Corey Kluber,29,CLE,222,32,32,9,16,7,0,3,11,21,0.344,1,2,4,0,19,59%,59.8,98,27,19,8,0,13,3.3,3.2,6.9,102,3,6,22,1,121
174,Tom Koehler,29,MIA,187.1,32,31,11,14,6,2,6,15,16,0.484,1,3,0,0,18,58%,50.2,74,17,18,2,1,15,4.2,4,5.9,95,3,17,11,0,112
175,John Lackey,36,STL,218,33,33,13,10,10,0,5,17,16,0.515,4,5,1,0,26,79%,57.4,81,7,6,0,0,15,3.8,3.3,6.6,95,5,10,18,0,114
176,John Lamb,24,CIN,49.2,10,10,1,5,4,1,1,2,8,0.2,2,0,0,0,2,20%,46.4,67,29,6,2,0,4,4.1,3.5,5,91,2,6,2,0,112
177,Mat Latos,27,TOT,116.1,24,21,4,9,8,0,2,8,13,0.381,2,3,0,0,9,43%,,76,10,16,4,0,12,3.7,3,5.3,83,5,12,4,0,108
178,Mat Latos,27,TOT,112.2,22,21,4,9,8,0,2,8,13,0.381,2,3,0,0,9,43%,48.9,76,10,15,4,0,12,3.7,3,5.3,83,5,12,4,0,108
179,Mat Latos,27,MIA,88.1,16,16,4,7,5,0,2,6,10,0.375,1,1,0,0,8,50%,51.4,76,10,11,4,0,9,3.2,2.9,5.5,85,3,9,4,0,108
180,Mat Latos,27,LAD,24.1,6,5,0,2,3,0,0,2,3,0.4,1,2,0,0,1,20%,40.8,60,23,4,0,0,3,5.1,3.3,4.7,77,2,3,0,0,86
181,Mike Leake,27,TOT,192,30,30,11,10,9,0,4,14,16,0.467,2,1,2,1,19,63%,54,85,10,9,2,0,15,3.9,3.9,6.4,92,6,14,10,0,119
182,Mike Leake,27,CIN,136.2,21,21,9,5,7,0,2,11,10,0.524,2,1,1,0,14,67%,55,85,10,5,2,0,10,4.2,4.3,6.5,95,3,9,9,0,119
183,Mike Leake,27,SFG,55.1,9,9,2,5,2,0,2,3,6,0.333,0,0,1,1,5,56%,51.8,81,25,4,0,0,5,3.3,3,6.1,84,3,5,1,0,104
184,Zach Lee,23,LAD,4.2,1,1,0,1,0,0,0,0,1,0,0,0,0,0,0,0%,16,16,16,1,1,0,1,2,1.8,4.7,90,0,1,0,0,90
185,Jon Lester,31,CHC,205,32,32,11,12,9,1,3,17,15,0.531,2,3,1,0,21,66%,57.6,81,17,14,3,0,16,3.7,2.9,6.4,100,2,13,17,0,117
186,Colby Lewis,35,TEX,204.2,33,33,17,9,7,2,1,17,16,0.515,4,4,2,1,20,61%,49.8,87,-3,19,9,0,18,5.8,5.5,6.2,96,1,20,12,0,111
187,Tim Lincecum,31,SFG,76.1,15,15,7,4,4,3,0,8,7,0.533,0,4,0,0,5,33%,49.7,79,21,10,0,0,9,4.3,3.3,5.1,88,3,8,4,0,107
188,Francisco Liriano,31,PIT,186.2,31,31,12,7,12,2,3,20,11,0.645,3,4,0,0,20,65%,57.2,89,18,17,3,0,17,5.1,4.5,6,96,3,13,15,0,113
189,Kyle Lobstein,25,DET,63.2,13,11,3,8,0,1,2,3,8,0.273,0,0,0,0,4,36%,41.4,68,16,11,4,0,5,2.8,3.6,5.4,86,3,5,3,0,103
190,Jeff Locke,27,PIT,168.1,30,30,8,11,11,2,1,16,14,0.533,1,7,0,0,10,33%,48.3,84,20,16,4,0,14,4.1,3.5,5.6,93,1,25,4,0,104
191,Kyle Lohse,36,MIL,152.1,37,22,5,13,4,3,2,7,15,0.318,2,2,0,0,5,23%,43,85,9,12,4,0,10,4.3,4.5,5.6,95,3,10,9,0,116
192,Jorge Lopez,22,MIL,10,2,2,1,1,0,1,0,1,1,0.5,0,1,0,0,0,0%,43.5,44,43,0,0,0,1,2.5,2.7,5,94,0,2,0,0,94
193,Michael Lorenzen,23,CIN,113.1,27,21,4,9,8,1,1,9,12,0.429,2,2,0,0,7,33%,44.4,69,10,21,8,0,12,4.5,3.8,5,89,3,13,5,0,107
194,Jordan Lyles,24,COL,49,10,10,2,5,3,0,0,3,7,0.3,1,0,0,0,3,30%,45.8,60,21,6,4,0,6,3.3,3.4,4.9,77,4,6,0,0,98
195,Lance Lynn,28,STL,175.1,31,31,12,11,8,1,3,17,14,0.548,0,6,0,0,19,61%,54.5,75,19,15,4,0,13,3.1,2.6,5.7,98,3,11,17,0,119
196,Tyler Lyons,27,STL,60,17,8,3,1,4,2,0,4,4,0.5,0,3,0,0,2,25%,50.3,74,38,7,4,0,6,5.8,5.8,5.2,88,1,6,1,0,100
197,Shaun Marcum,33,CLE,35,7,6,3,2,1,1,1,3,3,0.5,0,0,0,0,3,50%,47.7,78,19,3,2,0,4,4.1,6.3,5,82,2,3,1,0,106
198,Jason Marquis,36,CIN,47.1,9,9,3,4,2,1,0,4,5,0.444,1,1,0,0,3,33%,40.8,61,23,4,0,0,5,5.4,6.8,5.3,87,3,4,2,0,113
199,Cody Martin,25,TOT,30.2,25,2,0,2,0,0,0,0,2,0,0,0,0,0,0,0%,,26,22,11,4,0,2,3,2.3,3,60,2,0,0,0,63
200,Cody Martin,25,OAK,9,4,2,0,2,0,0,0,0,2,0,0,0,0,0,0,0%,24,26,22,3,2,0,2,3,2.3,3,60,2,0,0,0,63
201,Carlos Martinez,23,STL,179.2,31,29,14,6,9,0,2,22,7,0.759,4,5,0,0,20,69%,56.7,80,15,18,5,0,14,4.1,3.8,6,95,2,10,17,0,108
202,Nick Martinez,24,TEX,125,24,21,7,7,7,2,3,11,10,0.524,2,1,0,0,13,62%,48.1,72,17,16,4,0,11,5.2,5.4,5.8,98,0,12,9,0,112
203,Justin Masterson,30,BOS,59.1,18,9,3,2,4,2,0,4,5,0.444,1,2,0,0,3,33%,42.6,63,21,11,4,0,5,5.1,5.8,4.9,85,2,7,0,0,96
204,Steven Matz,24,NYM,35.2,6,6,4,0,2,1,0,5,1,0.833,1,0,0,0,3,50%,57.8,74,45,2,0,0,5,5.9,4.8,5.9,96,0,3,3,0,110
205,Tyler Matzek,24,COL,22,5,5,2,1,2,1,0,3,2,0.6,1,0,0,0,1,20%,47.6,60,30,3,0,0,4,5.5,4.3,4.4,80,2,3,0,0,92
206,Trevor May,25,MIN,114.2,48,16,4,8,4,1,2,6,10,0.375,0,0,0,0,7,44%,49.2,82,17,12,2,0,9,3.7,3.6,5.2,84,4,8,4,0,104
207,Zach McAllister,27,CLE,69,61,1,0,1,0,0,0,0,1,0,0,0,0,0,0,0%,20,20,20,27,5,0,1,4,0,4,92,0,1,0,0,92
208,Brandon McCarthy,31,LAD,23,4,4,3,0,1,2,0,4,0,1,0,0,0,0,1,25%,50,70,34,1,0,0,3,8,8.4,5.8,92,0,4,0,0,98
209,Lance McCullers Jr.,21,HOU,125.2,22,22,6,7,9,1,4,8,14,0.364,0,4,1,0,12,55%,56.5,86,13,9,2,0,13,3.7,3.4,5.7,96,1,11,10,0,111
210,Dustin McGowan,33,PHI,23.1,14,1,0,1,0,0,0,0,1,0,0,0,0,0,0,0%,38,38,38,5,3,1,0,1,0,3.3,76,1,0,0,0,76
211,Collin McHugh,28,HOU,203.2,32,32,19,7,6,6,4,21,11,0.656,2,5,0,0,21,66%,53.3,80,8,9,4,0,16,5.3,4.8,6.4,101,1,10,20,1,121
212,Kris Medlen,29,KCR,58.1,15,8,5,2,1,2,0,5,3,0.625,0,2,0,0,4,50%,47.4,62,21,7,2,1,3,4.9,4.9,5.5,88,3,4,1,0,100
213,Wade Miley,28,BOS,193.2,32,32,11,11,10,2,2,15,17,0.469,5,3,1,0,17,53%,49.9,79,17,23,5,0,16,5.2,4.8,6.1,100,3,8,20,1,120
214,Shelby Miller,24,ATL,205.1,33,33,6,17,10,1,8,11,22,0.333,3,5,2,2,21,64%,55.6,88,24,16,5,0,15,2.6,2.1,6.2,98,1,15,17,0,113
215,Brad Mills,30,OAK,5,1,1,0,0,1,0,0,0,1,0,1,0,0,0,0,0%,41,41,41,0,0,0,1,4.2,7.2,5,78,1,0,0,0,78
216,Tommy Milone,28,MIN,128.2,24,23,9,5,9,3,0,11,12,0.478,4,4,0,0,10,43%,50.6,80,23,15,9,1,12,4.5,4.2,5.6,89,3,14,6,0,105
217,Bryan Mitchell,24,NYY,29.2,20,2,0,1,1,0,0,1,1,0.5,0,0,0,0,0,0%,40,45,35,16,6,0,2,4.9,6,2.8,59,2,0,0,0,78
218,Frankie Montas,22,CHW,15,7,2,0,2,0,0,0,0,2,0,0,0,0,0,0,0%,41,58,24,0,0,1,1,2,0,3.5,75,2,0,0,0,77
219,Rafael Montero,24,NYM,10,5,1,0,0,1,0,0,0,1,0,0,1,0,0,0,0%,52,52,52,5,2,0,1,3,0,5.7,85,0,1,0,0,85
220,Mike Montgomery,25,SEA,90,16,16,4,6,6,1,2,5,11,0.313,2,3,2,2,9,56%,48.9,88,1,10,6,0,7,3.2,3.4,5.6,91,3,9,4,0,116
221,Matt Moore,26,TBR,63,12,12,3,4,5,1,0,5,7,0.417,2,2,0,0,4,33%,44.5,82,18,5,1,0,7,4.8,4.9,5.3,88,2,9,1,0,104
222,Adam Morgan,25,PHI,84.1,15,15,5,7,3,1,3,7,8,0.467,1,0,0,0,8,53%,48.7,63,30,9,6,0,9,3.8,4.2,5.6,83,6,9,0,0,98
223,Brandon Morrow,30,SDP,33,5,5,2,0,3,0,0,5,0,1,0,1,0,0,4,80%,58.6,73,42,0,0,0,3,4,2.5,6.6,97,0,3,2,0,102
224,Charlie Morton,31,PIT,129,23,23,9,9,5,2,3,14,9,0.609,0,2,0,0,12,52%,48,75,0,14,6,0,14,4.6,3.8,5.6,87,4,14,5,0,105
225,Jon Moscot,23,CIN,11.2,3,3,1,1,1,0,0,1,2,0.333,0,0,0,0,1,33%,48.7,52,43,1,0,0,1,2.4,3,3.9,62,1,2,0,0,95
226,Toru Murata,30,CLE,3.1,1,1,0,1,0,0,0,0,1,0,0,0,0,0,0,0%,37,37,37,1,1,0,1,0,0,3.3,69,1,0,0,0,69
227,Chris Narveson,33,MIA,30.1,15,2,1,1,0,1,0,1,1,0.5,0,0,0,0,0,0%,41,65,17,6,0,1,0,3,3,4.5,85,1,1,0,0,90
228,Jimmy Nelson,26,MIL,177.1,30,30,11,13,6,3,1,14,16,0.467,1,2,0,0,13,43%,52.1,80,13,21,6,0,13,4.3,3.8,5.9,93,4,14,12,0,112
229,Juan Nicasio,28,LAD,58.1,53,1,0,0,1,0,0,0,1,0,0,1,0,0,0,0%,47,47,47,21,8,1,0,3,0,2,41,1,0,0,0,41
230,Justin Nicolino,23,MIA,74,12,12,5,4,3,0,1,6,6,0.5,1,1,0,0,8,67%,49.6,69,25,4,2,0,9,3.8,3.8,6.2,87,1,10,1,0,101
231,Jon Niese,28,NYM,176.2,33,29,9,10,10,1,4,14,15,0.483,2,6,0,0,18,62%,49,78,13,14,4,0,19,4.3,3.8,6,91,3,17,9,0,107
232,Hector Noesi,28,CHW,32.2,10,5,0,4,1,0,0,0,5,0,0,0,0,0,0,0%,45.6,50,33,10,4,1,4,1.8,1.6,4.7,88,2,1,2,0,110
233,Aaron Nola,22,PHI,77.2,13,13,6,2,5,3,1,7,6,0.538,1,4,0,0,6,46%,54.6,80,24,0,0,0,8,4.9,3.8,6,86,3,9,1,0,100
234,Ricky Nolasco,32,MIN,37.1,9,8,5,2,1,4,0,6,2,0.75,0,0,0,0,1,13%,41.9,62,21,9,5,1,6,5.2,7.1,4.4,79,4,2,2,0,106
235,Sean Nolin,25,OAK,29,6,6,1,2,3,1,1,3,3,0.5,1,1,0,0,1,17%,43.3,58,27,4,2,0,3,4.3,4.6,4.8,83,1,5,0,0,98
236,Bud Norris,30,TOT,83,38,11,2,7,2,1,2,4,7,0.364,0,1,0,0,3,27%,,60,8,13,8,0,6,5.5,4.8,5.1,88,2,7,2,0,107
237,Bud Norris,30,BAL,66.1,18,11,2,7,2,1,2,4,7,0.364,0,1,0,0,3,27%,40.3,60,8,9,5,0,6,5.5,4.8,5.1,88,2,7,2,0,107
238,Daniel Norris,22,TOT,60,13,13,3,2,8,2,0,8,5,0.615,1,2,0,0,3,23%,51,71,25,7,1,0,7,5.1,4.6,4.6,79,7,5,1,0,108
239,Daniel Norris,22,TOR,23.1,5,5,1,1,3,1,0,2,3,0.4,1,0,0,0,1,20%,49.6,67,27,1,0,0,2,3.4,3.5,4.7,88,2,2,1,0,108
240,Daniel Norris,22,DET,36.2,8,8,2,1,5,1,0,6,2,0.75,0,2,0,0,2,25%,51.8,71,25,6,1,0,5,6.1,5.3,4.6,74,5,3,0,0,96
241,Ivan Nova,28,NYY,94,17,17,6,11,0,1,1,6,11,0.353,0,2,0,0,6,35%,47.1,67,17,9,4,0,12,3.8,2.8,5.5,90,2,11,4,0,110
242,Vidal Nuno III,27,TOT,89,35,10,1,4,5,0,0,5,5,0.5,1,2,0,0,3,30%,,83,29,14,3,2,6,4.7,4.6,5.1,88,3,3,4,0,108
243,Vidal Nuno III,27,SEA,74.2,32,10,1,4,5,0,0,5,5,0.5,1,2,0,0,3,30%,47.1,83,29,14,3,2,6,4.7,4.6,5.1,88,3,3,4,0,108
244,Sean O'Sullivan,27,PHI,71,13,13,1,6,6,0,1,5,8,0.385,0,3,0,0,4,31%,40.8,64,20,8,3,0,6,4.1,3.3,5.5,91,2,9,1,1,124
245,Brett Oberholtzer,25,HOU,38.1,8,8,2,2,4,0,0,4,4,0.5,0,4,0,0,2,25%,46.9,79,20,6,1,0,4,5.1,4.5,4.8,82,2,4,2,0,108
246,Jake Odorizzi,25,TBR,169.1,28,28,9,9,10,2,4,14,14,0.5,3,3,0,0,17,61%,55.7,77,23,18,5,0,12,3.6,3.3,6,98,1,14,13,0,113
247,Edgar Olmos,25,SEA,14,6,2,0,0,2,0,0,1,1,0.5,1,1,0,0,0,0%,32.5,42,23,2,0,0,0,7.2,6.4,3.2,69,1,1,0,0,95
248,Henry Owens,22,BOS,63,11,11,4,4,3,1,0,5,6,0.455,1,2,0,0,3,27%,49.5,77,15,10,3,0,6,4.9,4.6,5.7,96,1,5,5,0,113
249,James Paxton,26,SEA,67,13,13,3,4,6,0,1,5,8,0.385,1,3,0,0,6,46%,50.3,72,11,10,2,0,8,4.5,3.7,5.2,85,3,6,4,0,109
250,Brad Peacock,27,HOU,5,1,1,0,1,0,0,0,0,1,0,0,0,0,0,0,0%,46,46,46,1,1,0,1,0,0,5,85,0,1,0,0,85
251,Jake Peavy,34,SFG,110.2,19,19,8,6,5,4,2,11,8,0.579,3,1,0,0,10,53%,53.8,71,30,8,1,0,9,4.6,4.5,5.8,92,2,13,4,0,106
252,Mike Pelfrey,31,MIN,164.2,30,30,6,11,13,0,3,14,16,0.467,3,5,0,0,12,40%,46.8,76,4,21,4,0,16,3.9,4,5.5,89,9,11,10,0,112
253,Ariel Pena,26,MIL,27.1,6,5,1,1,3,1,0,2,3,0.4,0,2,0,0,0,0%,50.6,57,43,4,2,1,2,3.2,1.5,4.9,89,1,4,0,0,94
254,Wily Peralta,26,MIL,108.2,20,20,5,10,5,1,3,9,11,0.45,2,1,0,0,10,50%,46,66,19,10,3,0,10,4.6,4.2,5.4,88,5,9,6,0,118
255,Martin Perez,24,TEX,78.2,14,14,3,6,5,0,2,7,7,0.5,1,2,0,0,9,64%,47.6,81,8,7,4,0,9,4.8,4.5,5.6,87,2,10,2,0,102
256,Williams Perez,24,ATL,116.2,23,20,7,6,7,2,1,9,11,0.45,2,3,1,0,9,45%,47,70,8,12,9,1,9,4,3.5,5.7,90,4,9,7,0,106
257,Yusmeiro Petit,30,SFG,76,42,1,0,1,0,0,0,0,1,0,0,0,0,0,0,0%,43,43,43,3,0,0,1,3,3,6,81,0,1,0,0,81
258,David Phelps,28,MIA,112,23,19,4,8,7,0,2,6,13,0.316,2,3,0,0,10,53%,48.9,79,6,12,6,0,10,4,3.9,5.6,92,3,10,6,0,111
259,Michael Pineda,26,NYY,160.2,27,27,12,10,5,3,1,15,12,0.556,2,2,1,0,12,44%,51.4,77,5,18,5,0,14,4.3,4.7,6,94,2,17,8,0,111
260,Yohan Pino,31,KCR,19.1,7,1,0,1,0,0,0,0,1,0,0,0,0,0,0,0%,21,21,21,1,0,0,1,3,1.8,5.3,76,1,0,0,0,76
261,Drew Pomeranz,26,OAK,86,53,9,2,3,4,0,0,3,6,0.333,0,2,0,0,2,22%,48.8,79,34,21,8,0,4,5.1,6,5,85,2,6,1,0,100
262,Rick Porcello,26,BOS,172,28,28,9,15,4,1,5,13,15,0.464,1,1,0,0,15,54%,48.8,76,14,14,7,0,16,3.9,4,6.1,98,2,10,16,0,118
263,David Price,29,TOT,220.1,32,32,18,5,9,2,3,24,8,0.75,3,4,3,1,24,75%,61.7,82,4,19,4,0,13,5.1,5.3,6.9,106,1,6,24,1,121
264,David Price,29,DET,146,21,21,9,4,8,0,2,15,6,0.714,2,4,3,1,15,71%,60.3,82,4,17,2,0,9,4.1,3.9,7,106,1,3,16,1,121
265,David Price,29,TOR,74.1,11,11,9,1,1,2,1,9,2,0.818,1,0,0,0,9,82%,64.5,81,42,2,2,0,4,7.2,8,6.8,106,0,3,8,0,119
266,Jose Quintana,26,CHW,206.1,32,32,9,10,13,0,7,14,18,0.438,2,9,1,1,25,78%,54.8,81,6,12,4,0,17,3.5,3.2,6.4,105,0,7,23,2,120
267,Erasmo Ramirez,25,TBR,163.1,34,27,11,6,10,5,1,15,12,0.556,3,4,0,0,9,33%,53.7,81,9,15,7,1,13,4.1,4.2,5.6,83,10,15,2,0,103
268,Anthony Ranaudo,25,TEX,15.1,4,2,0,1,1,0,0,0,2,0,0,0,0,0,1,50%,42.5,66,19,3,0,0,2,1,0,4.2,81,1,0,1,0,100
269,Cory Rasmus,27,LAA,20.2,16,1,0,0,1,0,0,0,1,0,0,1,0,0,0,0%,48,48,48,7,2,1,0,2.7,0,3,50,1,0,0,0,50
270,Robbie Ray,23,ARI,127.2,23,23,5,12,6,1,4,8,15,0.348,4,0,0,0,10,43%,52.7,74,23,14,5,0,14,3.4,3.6,5.6,98,0,12,11,0,110
271,Colin Rea,24,SDP,31.2,6,6,2,2,2,2,0,4,2,0.667,2,0,0,0,1,17%,50.7,74,36,3,0,0,4,6.1,6.3,5.3,88,2,4,0,0,96
272,Todd Redmond,30,TOR,16,7,1,0,0,1,0,0,1,0,1,0,0,0,0,0,0%,44,44,44,5,2,0,1,11.3,9,4,61,1,0,0,0,61
273,Clayton Richard,31,CHC,42.1,23,3,2,0,1,0,0,2,1,0.667,1,0,0,0,2,67%,54,61,49,9,2,0,3,5.2,7.5,6,86,1,2,0,0,96
274,Garrett Richards,27,LAA,207.1,32,32,15,12,5,2,6,18,14,0.563,2,3,1,1,24,75%,54.9,88,16,25,6,1,11,4.3,4.1,6.5,102,1,10,20,1,122
275,Donn Roach,25,CHC,3.1,1,1,0,1,0,0,0,0,1,0,0,0,0,0,0,0%,28,28,28,3,2,0,1,1,2.3,3.3,61,1,0,0,0,61
276,Tanner Roark,28,WSN,111,40,12,3,4,5,2,1,4,8,0.333,0,2,0,0,4,33%,46.7,71,3,15,4,0,6,4.3,4.2,5.4,88,3,5,4,0,112
277,Carlos Rodon,22,CHW,139.1,26,23,9,6,8,0,2,15,8,0.652,1,3,1,0,16,70%,53.1,79,11,13,7,0,13,4,3,5.8,101,1,7,15,0,116
278,Eduardo Rodriguez,22,BOS,121.2,21,21,10,6,5,1,1,13,8,0.619,1,2,0,0,13,62%,52.3,78,10,9,2,0,15,5.4,4.7,5.8,96,2,7,12,0,114
279,Wandy Rodriguez,36,TEX,86.1,17,15,6,4,5,3,0,10,5,0.667,1,2,0,0,5,33%,49.7,79,9,16,0,0,7,3.8,4.3,5.6,101,0,6,8,1,122
280,Joe Ross,22,WSN,76.2,16,13,5,5,3,0,2,6,7,0.462,1,0,0,0,8,62%,54.5,73,29,15,5,0,6,3.9,4.8,5.7,85,5,6,2,0,108
281,Tyson Ross,28,SDP,196,33,33,10,12,11,4,7,16,17,0.485,3,5,1,0,21,64%,56.1,83,38,10,5,0,13,4.1,3.9,5.9,98,1,14,18,0,115
282,Drew Rucinski,26,LAA,7,4,1,0,1,0,0,0,0,1,0,0,0,0,0,0,0%,26,26,26,2,0,1,0,2,0,2.7,77,1,0,0,0,77
283,Chris Rusin,28,COL,131.2,24,22,5,10,7,1,4,8,14,0.364,3,2,2,1,13,59%,42.6,80,-11,10,4,0,13,5.1,5.4,5.7,93,2,14,6,0,113
284,Kyle Ryan,23,DET,56.1,16,6,0,3,3,0,1,1,5,0.167,1,1,0,0,2,33%,47.2,66,27,11,5,0,5,3.6,4.3,5.1,78,2,4,0,0,98
285,CC Sabathia,34,NYY,167.1,29,29,6,10,13,2,2,14,15,0.483,0,8,1,0,11,38%,48.2,72,22,22,8,0,15,4.5,3.2,5.8,93,2,20,7,0,111
286,Casey Sadler,24,PIT,5,1,1,1,0,0,1,0,1,0,1,0,1,0,0,0,0%,55,55,55,0,0,0,1,10,1.8,5,77,1,0,0,0,77
287,Danny Salazar,25,CLE,185,30,30,14,10,6,2,4,18,12,0.6,2,2,0,0,18,60%,56.7,82,21,22,7,0,14,4.1,4.4,6.2,102,1,9,20,0,115
288,Chris Sale,26,CHW,208.2,31,31,13,11,7,0,5,16,15,0.516,2,1,1,0,23,74%,60.3,92,9,16,4,0,19,3.8,4,6.7,107,2,4,23,2,125
289,Jeff Samardzija,30,CHW,214,32,32,11,13,8,2,1,14,18,0.438,3,3,2,2,15,47%,49.5,91,-3,18,9,0,17,4.3,3.8,6.7,104,1,8,22,1,120
290,Keyvius Sampson,24,CIN,52.1,13,12,2,6,4,1,0,4,8,0.333,1,1,0,0,1,8%,40.5,61,26,12,5,2,4,4.7,4.2,4.3,86,4,7,1,0,100
291,Aaron Sanchez,22,TOR,92.1,41,11,5,4,2,2,1,5,6,0.455,1,0,0,0,5,45%,51.5,71,32,24,6,0,6,4.6,5,6,97,1,4,6,0,108
292,Anibal Sanchez,31,DET,157,25,25,10,10,5,2,2,13,12,0.52,1,1,1,1,11,44%,50.5,90,6,15,4,0,8,5.5,6.2,6.3,101,2,5,18,0,117
293,Ervin Santana,32,MIN,108,17,17,7,5,5,0,2,9,8,0.529,1,2,0,0,11,65%,52.8,81,4,10,2,0,9,4.5,3.7,6.4,99,2,4,11,0,119
294,Hector Santiago,27,LAA,180.2,33,32,9,9,14,2,1,18,14,0.563,4,7,0,0,15,47%,53.3,76,22,16,3,0,15,5,4.5,5.5,97,3,10,18,1,124
295,Max Scherzer,30,WSN,228.2,33,33,14,12,7,1,6,18,15,0.545,2,2,4,3,23,70%,64.4,104,24,7,3,0,15,3.6,3.9,6.9,102,1,9,22,1,122
296,Luis Severino,21,NYY,62.1,11,11,5,3,3,1,1,6,5,0.545,0,1,0,0,8,73%,56.5,66,22,4,0,0,8,3.7,2.8,5.7,93,1,8,2,0,107
297,James Shields,33,SDP,202.1,33,33,13,7,13,5,2,16,17,0.485,4,6,0,0,19,58%,54.1,73,21,16,7,0,13,5.1,4.9,6.1,101,2,9,21,1,121
298,Matt Shoemaker,28,LAA,135.1,25,24,7,10,7,0,2,11,13,0.458,1,1,0,0,12,50%,50.9,80,14,17,5,0,12,3.7,3,5.6,86,6,13,5,0,108
299,Alfredo Simon,34,DET,187,31,31,13,12,6,4,2,16,15,0.516,3,3,2,1,12,39%,46.5,88,5,29,14,0,14,4.6,4.6,6,99,3,9,19,0,116
300,Josh A. Smith,27,CIN,32.2,9,7,0,4,3,0,0,1,6,0.143,0,2,0,0,0,0%,40.1,50,32,3,3,0,3,3.6,3.2,4.3,89,2,3,2,0,109
301,Drew Smyly,26,TBR,66.2,12,12,5,2,5,2,1,8,4,0.667,0,1,0,0,6,50%,56.6,78,30,7,0,0,7,4.8,5.5,5.6,95,1,7,4,0,107
302,Dan Straily,26,HOU,16.2,4,3,0,1,2,0,0,1,2,0.333,0,0,0,0,1,33%,44.7,60,36,5,2,0,2,5.5,4.8,5.1,91,0,3,0,0,95
303,Stephen Strasburg,26,WSN,127.1,23,23,11,7,5,3,2,14,9,0.609,1,2,0,0,11,48%,56.5,93,16,11,2,0,13,4.8,4.5,5.5,89,6,7,10,0,113
304,Marcus Stroman,24,TOR,27,4,4,4,0,0,1,0,4,0,1,0,0,0,0,3,75%,63.8,74,47,0,0,0,3,9.3,7.7,6.8,93,1,2,1,0,104
305,Eric Stults,35,ATL,47.2,9,8,1,5,2,0,1,2,6,0.25,1,0,0,0,3,38%,44.4,65,27,5,4,0,4,3.1,2.9,5.5,90,1,5,2,0,103
306,Noah Syndergaard,22,NYM,150,24,24,9,7,8,1,2,13,11,0.542,4,4,0,0,14,58%,58.7,85,24,3,2,0,16,4.1,4.3,6.3,99,0,14,10,0,116
307,Masahiro Tanaka,26,NYY,154,24,24,12,7,5,2,4,15,9,0.625,0,2,1,0,17,71%,57.6,81,27,4,2,0,19,5.8,5.1,6.4,95,1,14,9,0,115
308,Julio Teheran,24,ATL,200.2,33,33,11,8,14,0,2,19,14,0.576,7,1,0,0,20,61%,52.1,78,9,26,12,0,16,4.5,4.1,6.1,99,1,12,20,0,115
309,Ian Thomas,28,TOT,23.1,14,1,1,0,0,1,0,1,0,1,0,0,0,0,0,0%,,62,62,4,2,0,1,7,10.8,5,81,0,1,0,0,81
310,Ian Thomas,28,LAD,18,9,1,1,0,0,1,0,1,0,1,0,0,0,0,0,0%,62,62,62,2,2,0,1,7,10.8,5,81,0,1,0,0,81
311,Chris Tillman,27,BAL,173,31,31,11,11,9,3,3,15,16,0.484,3,5,0,0,14,45%,47.8,87,14,29,15,0,17,4.9,4.4,5.6,95,5,9,17,0,110
312,Josh Tomlin,30,CLE,65.2,10,10,7,2,1,3,2,8,2,0.8,0,0,2,0,6,60%,61.2,80,27,6,1,0,4,6.4,6.5,6.6,95,1,4,5,0,110
313,Nick Tropeano,24,LAA,37.2,8,7,3,2,2,1,0,4,3,0.571,0,0,0,0,2,29%,50.9,74,25,9,4,1,6,4.3,4.4,5.2,91,0,6,1,0,103
314,Jose Urena,23,MIA,61.2,20,9,1,5,3,0,2,2,7,0.222,1,1,0,0,4,44%,45.1,64,23,5,0,0,5,2.8,2,5.1,84,1,7,1,0,103
315,Jason Vargas,32,KCR,43,9,9,5,2,2,1,0,7,2,0.778,0,0,0,0,4,44%,49.3,64,21,7,2,0,7,4.3,4.4,4.8,76,4,4,1,0,102
316,Vince Velasquez,23,HOU,55.2,19,7,1,1,5,0,1,4,3,0.571,3,0,0,0,3,43%,52.6,62,35,9,3,0,4,4.7,5.2,5.4,94,0,5,2,0,104
317,Yordano Ventura,24,KCR,163.1,28,28,13,8,7,5,0,16,12,0.571,1,3,0,0,13,46%,53.1,78,24,9,3,0,16,5,4.8,5.8,95,4,14,10,0,114
318,Justin Verlander,32,DET,133.1,20,20,5,8,7,0,3,7,13,0.35,4,1,1,1,14,70%,57.3,92,20,7,2,0,9,3.3,3.4,6.7,108,0,3,16,1,121
319,Logan Verrett,25,TOT,47.2,18,4,1,1,2,0,0,2,2,0.5,0,0,0,0,1,25%,,77,43,5,1,1,3,4.1,4.7,5.6,79,2,2,0,0,93
320,Logan Verrett,25,NYM,38.2,14,4,1,1,2,0,0,2,2,0.5,0,0,0,0,1,25%,55.8,77,43,4,1,1,3,4.1,4.7,5.6,79,2,2,0,0,93
321,Ryan Vogelsong,37,SFG,135,33,22,8,10,4,2,1,11,11,0.5,0,2,0,0,9,41%,49.2,73,8,23,9,1,13,4.3,4,5.3,89,4,14,4,0,110
322,Edinson Volquez,31,KCR,200.1,34,33,13,9,11,2,5,22,11,0.667,5,5,1,0,19,58%,52.6,76,21,18,9,0,14,5.2,4.9,6,99,3,11,19,0,117
323,Michael Wacha,23,STL,181.1,30,30,17,7,6,3,1,21,9,0.7,1,2,0,0,19,63%,54.9,75,25,8,2,0,15,5.1,5,6,98,1,12,17,0,112
324,Tsuyoshi Wada,34,CHC,32.1,8,7,1,1,5,0,0,5,2,0.714,0,1,0,0,1,14%,52,73,22,7,1,0,4,5.5,5.3,4.5,74,4,2,1,0,107
325,Tyler Wagner,24,MIL,13.2,3,3,0,2,1,0,1,1,2,0.333,0,1,0,0,1,33%,35,55,24,1,0,0,3,2.1,0.7,4.6,82,2,1,0,0,95
326,Adam Wainwright,33,STL,28,7,4,2,1,1,0,1,3,1,0.75,0,0,0,0,3,75%,60.5,68,48,0,0,0,4,3.6,2.9,6.3,85,1,0,3,0,102
327,Taijuan Walker,22,SEA,169.2,29,29,11,8,10,1,2,17,12,0.586,4,3,1,0,17,59%,51.7,91,7,18,7,0,14,4.7,4.4,5.9,91,7,14,8,0,108
328,Adam Warren,27,NYY,131.1,43,17,6,6,5,2,3,10,7,0.588,0,2,0,0,7,41%,52.1,70,34,27,5,0,10,4.6,5.3,5.6,92,1,12,4,0,110
329,Jered Weaver,32,LAA,159,26,26,7,12,7,1,1,12,14,0.462,4,0,1,1,12,46%,49,81,20,11,4,0,10,3.1,2.9,6.1,94,2,16,7,1,120
330,Ryan Weber,24,ATL,28.1,5,5,0,3,2,0,2,1,4,0.2,1,1,0,0,3,60%,51.6,73,9,5,5,0,4,4,2.2,5.7,81,2,3,0,0,98
331,Allen Webster,25,ARI,31,9,5,1,1,3,1,0,3,2,0.6,0,1,0,0,0,0%,41.4,56,33,8,5,0,3,5.3,4.9,4.8,78,3,2,0,0,87
332,Chase Whitley,26,NYY,19.1,4,4,1,2,1,1,0,1,3,0.25,1,0,0,0,1,25%,50.8,71,37,3,2,0,2,2.1,1.9,4.8,81,1,3,0,0,97
333,Joe Wieland,25,LAD,8.2,2,2,0,1,1,0,0,0,2,0,0,1,0,0,0,0%,36.5,47,26,2,1,0,2,2.5,3,4.3,78,1,1,0,0,84
334,Jerome Williams,33,PHI,121,33,21,4,10,7,1,0,7,14,0.333,1,4,0,0,7,33%,41.1,66,4,13,6,0,6,4.1,3.2,5,82,8,10,3,0,102
335,Alex Wilson,28,DET,70,59,1,0,0,1,0,0,1,0,1,0,0,0,0,0,0%,59,59,59,10,4,1,0,3,0,3,43,1,0,0,0,43
336,C.J. Wilson,34,LAA,132,21,21,8,8,5,1,2,11,10,0.524,2,3,0,0,12,57%,54,79,17,9,3,0,12,4,3.5,6.3,101,1,8,12,0,119
337,Tyler Wilson,25,BAL,36,9,5,1,2,2,0,1,3,2,0.6,1,0,0,0,3,60%,48,60,22,4,1,0,5,5.7,5.2,5,75,2,2,1,0,100
338,Matt Wisler,22,ATL,109,20,19,8,8,3,3,2,9,10,0.474,2,1,0,0,8,42%,47.2,78,15,15,3,0,11,3.1,3.6,5.6,91,3,11,5,0,105
339,Asher Wojciechowski,26,HOU,16.1,5,3,0,1,2,0,0,2,1,0.667,0,0,0,0,0,0%,32.7,34,30,3,1,0,3,5,5.3,4,83,1,2,0,0,88
340,Randy Wolf,38,DET,34.2,8,7,0,5,2,0,3,2,5,0.286,0,0,0,0,3,43%,41.1,66,12,5,2,0,5,3,2.2,4.8,87,3,2,2,0,113
341,Alex Wood,24,TOT,189.2,32,32,12,12,8,3,3,13,19,0.406,3,2,0,0,17,53%,51.2,85,11,22,11,1,16,3.7,4,5.9,94,3,17,11,0,113
342,Alex Wood,24,ATL,119.1,20,20,7,6,7,2,1,8,12,0.4,2,2,0,0,11,55%,51.5,77,25,13,3,1,11,3.9,4.1,6,98,0,10,9,0,113
343,Alex Wood,24,LAD,70.1,12,12,5,6,1,1,2,5,7,0.417,1,0,0,0,6,50%,50.8,85,11,9,8,0,5,3.3,3.9,5.9,87,3,7,2,0,109
344,Travis Wood,28,CHC,100.2,54,9,2,2,5,0,0,5,4,0.556,2,1,0,0,2,22%,49.2,76,32,31,13,2,4,5.8,6.3,4.7,81,2,7,0,0,99
345,Vance Worley,27,PIT,71.2,23,8,2,4,2,1,0,3,5,0.375,0,2,0,0,2,25%,43.6,64,26,6,0,0,5,3.2,2.7,5.4,90,0,7,1,0,106
346,Mike Wright,25,BAL,44.2,12,9,2,5,2,1,0,3,6,0.333,0,1,0,0,2,22%,43.3,76,23,10,6,0,5,4,2.9,4.6,82,2,6,1,0,104
347,Steven Wright,30,BOS,72.2,16,9,3,4,2,0,0,3,6,0.333,1,0,0,0,4,44%,52,77,31,11,5,0,6,3.8,3.9,5.8,93,2,4,3,0,116
348,Chris Young,36,KCR,123.1,34,18,8,6,4,4,1,12,6,0.667,0,0,0,0,7,39%,54.4,73,21,10,1,3,7,3.8,3.4,5.5,88,2,13,3,0,106
349,Jordan Zimmermann,29,WSN,201.2,33,33,13,10,10,3,5,19,14,0.576,4,4,0,0,22,67%,53.6,77,8,10,3,0,14,5,4.6,6.1,94,5,14,14,0,116
350,Barry Zito,37,OAK,7,3,2,0,0,2,0,0,1,1,0.5,0,1,0,0,0,0%,35.5,44,27,1,0,1,1,9,8.1,3,62,2,0,0,0,76
351,Tony Zych,24,SEA,18.1,13,1,0,0,1,0,0,0,1,0,0,0,0,0,0,0%,56,56,56,3,2,1,0,6,9,2.7,39,1,0,0,0,39