Player,Age,G,GS,CG,SHO,IP,H,ER,K,BB,HR,W,L,SV,BS,HLD,ERA,WHIP,class
A.J. Cole,28.0,20.5,0.5,0.0,0.0,25.025,29.25,13.75,29.75,9.5,5.75,2.5,1.0,0.5,0.25,0.0,6.235,1.645,1
A.J. Minter,27.0,50.5,0.0,0.0,0.0,45.1,46.5,22.5,52.0,22.5,3.0,3.5,3.5,10.0,2.0,9.0,5.145,1.65,2
A.J. Puk,25.0,10.0,0.0,0.0,0.0,11.1,10.0,4.0,13.0,5.0,1.0,2.0,0.0,0.0,1.0,2.0,3.18,1.32,1
AJ Ramos,34.0,28.0,0.0,0.0,0.0,19.2,17.0,14.0,22.0,15.0,3.0,2.0,2.0,0.0,0.0,7.0,6.41,1.63,1
Aaron Barrett,32.0,3.0,0.0,0.0,0.0,2.1,5.0,4.0,1.0,4.0,1.0,0.0,0.0,0.0,0.0,0.0,15.43,3.86,1
Aaron Brooks,30.0,8.75,4.5,0.0,0.0,28.425000000000004,30.0,17.25,21.0,9.5,5.25,1.5,2.0,0.0,0.0,0.0,2.7975,1.25,1
Aaron Bummer,27.0,47.5,0.0,0.0,0.0,49.2,41.5,15.5,47.5,17.0,2.5,0.0,0.5,0.5,1.5,14.5,3.195,1.2850000000000001,2
Aaron Civale,25.0,10.0,10.0,0.0,0.0,57.2,44.0,15.0,46.0,16.0,4.0,3.0,4.0,0.0,0.0,0.0,2.34,1.04,2
Aaron Loup,32.0,16.75,0.0,0.0,0.0,11.350000000000001,13.0,5.0,13.5,4.0,1.0,0.0,0.0,0.0,0.0,3.25,2.26,1.1625,1
Aaron Nola,27.0,33.5,33.5,0.0,0.0,207.1,162.5,71.5,226.5,69.0,22.0,14.5,6.5,0.0,0.0,0.0,3.12,1.12,0
Aaron Sanchez,28.0,16.75,16.75,0.0,0.0,85.1,89.25,50.0,71.75,46.0,10.5,3.25,6.5,0.0,0.0,0.0,5.1675,1.51,2
Aaron Slegers,28.0,2.5,1.0,0.0,0.0,8.1,10.0,4.5,3.0,1.0,2.0,0.5,0.5,0.5,0.0,0.0,4.135,1.1949999999999998,1
Aaron Wilkerson,31.0,5.5,0.5,0.0,0.0,12.5,18.5,11.5,10.5,6.0,4.0,0.0,0.5,0.0,0.0,0.0,8.655,1.9,1
Adalberto Mejia,27.0,8.333333333333332,2.0,0.0,0.0,16.233333333333334,14.0,6.333333333333334,11.5,8.0,1.1666666666666665,1.0,0.3333333333333333,0.0,0.16666666666666666,0.6666666666666666,4.548333333333334,1.6033333333333335,1
Adam Cimber,30.0,51.5,0.0,0.0,0.0,45.125,45.0,20.5,35.0,13.75,4.25,3.75,3.5,0.5,1.25,12.5,4.03,1.3425,2
Adam Conley,30.0,56.0,0.0,0.0,0.0,55.2,56.5,33.5,51.5,23.5,7.5,2.5,7.5,2.5,2.0,11.0,5.3100000000000005,1.4100000000000001,2
Adam Kolarek,31.0,35.5,0.0,0.0,0.0,30.625,31.0,12.5,20.75,6.5,1.75,2.0,0.75,1.25,1.0,9.25,3.1450000000000005,1.165,1
Adam Liberatore,33.0,17.0,0.0,0.0,0.0,13.0,10.0,4.0,12.0,8.0,1.0,2.0,1.0,0.0,1.0,1.0,2.77,1.38,1
Adam McCreery,27.0,1.0,0.0,0.0,0.0,1.0,4.0,2.0,2.0,0.0,0.0,0.0,0.0,0.0,0.0,0.0,18.0,4.0,1
Adam Morgan,30.0,53.5,0.0,0.0,0.0,39.15,34.5,17.0,39.5,16.0,4.5,1.5,2.5,0.5,2.5,16.5,3.885,1.225,1
Adam Ottavino,34.0,74.0,0.0,0.0,0.0,71.65,44.0,17.5,100.0,38.0,5.0,6.0,4.5,4.0,6.0,31.0,2.165,1.15,2
Adam Plutko,28.0,19.0,16.0,0.0,0.0,92.65,96.5,52.0,69.0,24.5,21.5,5.5,5.0,0.5,0.0,0.0,5.07,1.3050000000000002,2
Adam Wainwright,39.0,19.5,19.5,0.0,0.0,105.64999999999999,111.0,50.0,96.5,41.0,13.5,8.0,7.0,0.0,0.0,0.0,4.325,1.4449999999999998,2
Adam Warren,33.0,24.25,0.0,0.0,0.0,26.9,26.0,13.0,25.5,11.0,6.0,2.75,1.0,0.0,0.25,2.5,4.28,1.3624999999999998,1
Adbert Alzolay,25.0,4.0,2.0,0.0,0.0,12.1,13.0,10.0,13.0,9.0,4.0,1.0,1.0,0.0,0.0,0.0,7.3,1.78,1
Addison Reed,31.0,55.0,0.0,0.0,0.0,56.0,65.0,28.0,44.0,15.0,11.0,1.0,6.0,0.0,4.0,10.0,4.5,1.43,2
Adonis Rosa,25.0,1.0,0.0,0.0,0.0,2.0,1.0,1.0,2.0,0.0,1.0,0.0,0.0,0.0,0.0,0.0,4.5,0.5,1
Adrian Houser,27.0,21.0,9.0,0.0,0.0,62.15,57.0,25.5,62.5,22.0,7.0,3.0,3.5,0.0,0.0,0.5,3.505,1.35,2
Adrian Morejon,21.0,5.0,2.0,0.0,0.0,8.0,15.0,9.0,9.0,3.0,1.0,0.0,0.0,0.0,0.0,0.0,10.13,2.25,1
Adrian Sampson,28.0,20.0,9.5,0.5,0.0,74.05,90.0,46.5,58.0,20.0,17.5,3.0,5.5,0.0,0.0,0.0,5.095,1.375,2
Akeel Morris,27.0,9.0,0.0,0.0,0.0,14.0,18.0,9.0,7.0,8.0,3.0,0.0,0.0,0.0,0.0,0.0,5.79,1.86,1
Alan Busenitz,30.0,23.0,0.0,0.0,0.0,25.1,37.0,22.0,26.0,14.0,8.0,4.0,1.0,0.0,2.0,0.0,7.82,2.01,1
Alec Asher,28.0,2.0,0.0,0.0,0.0,3.0,2.0,0.0,2.0,1.0,0.0,0.0,0.0,0.0,0.0,0.0,0.0,1.0,1
Alec Mills,28.0,8.0,3.0,0.0,0.0,27.0,21.0,9.5,32.5,9.0,3.0,0.5,0.5,0.5,0.0,0.0,3.375,1.085,1
Alex Claudio,28.0,74.5,0.5,0.0,0.0,65.05,74.0,31.0,42.5,18.5,6.0,3.0,2.0,0.5,2.5,18.0,4.27,1.415,2
Alex Cobb,32.0,15.5,15.5,0.5,0.0,82.1,96.5,49.0,55.0,22.5,16.5,2.5,8.5,0.0,0.0,0.0,7.925,1.635,2
Alex Colome,31.0,48.5,0.0,0.0,0.0,47.325,35.75,15.25,45.5,16.75,5.25,3.75,3.75,18.0,2.75,7.5,3.07,1.165,2
Alex McRae,27.0,6.5,1.0,0.0,0.0,16.15,22.0,15.0,12.0,10.5,4.5,0.0,2.5,0.0,0.0,0.0,7.2299999999999995,2.0,1
Alex Reyes,26.0,2.5,0.5,0.0,0.0,3.5,2.5,2.5,1.5,4.0,0.5,0.0,0.5,0.0,0.0,1.0,7.5,1.96,1
Alex Wilson,33.0,36.0,0.0,0.0,0.0,36.15,32.5,17.5,28.0,12.0,5.5,1.5,2.5,0.5,2.0,7.5,6.444999999999999,1.585,1
Alex Wood,29.0,20.0,17.0,0.0,0.0,93.19999999999999,92.0,42.5,82.5,24.5,12.5,5.0,5.0,0.0,0.0,0.5,4.74,1.305,2
Alex Young,27.0,17.0,15.0,0.0,0.0,83.1,72.0,33.0,71.0,27.0,14.0,7.0,5.0,0.0,0.0,0.0,3.56,1.19,2
Alexi Ogando,36.0,1.0,0.0,0.0,0.0,1.0,2.0,2.0,1.0,3.0,0.0,0.0,1.0,0.0,0.0,0.0,18.0,5.0,1
Allen Webster,30.0,7.5,0.0,0.0,0.0,7.0,8.0,4.0,6.0,3.0,1.5,0.5,0.0,0.5,0.0,0.0,5.455,1.365,1
Amir Garrett,28.0,67.5,0.0,0.0,0.0,59.5,50.0,25.0,74.5,30.0,7.5,3.0,2.5,0.0,2.5,21.5,3.75,1.35,2
Andres Munoz,21.0,22.0,0.0,0.0,0.0,23.0,16.0,10.0,30.0,11.0,2.0,1.0,1.0,1.0,1.0,8.0,3.91,1.17,1
Andrew Cashner,34.0,24.5,19.75,0.0,0.0,113.825,124.5,64.5,76.5,47.0,17.25,4.75,9.5,0.25,0.0,1.0,5.1525,1.4925000000000002,2
Andrew Chafin,30.0,77.0,0.0,0.0,0.0,50.650000000000006,46.5,19.5,60.5,21.5,3.0,1.5,4.0,0.0,2.0,20.0,3.4299999999999997,1.335,2
Andrew Heaney,29.0,24.0,24.0,0.5,0.5,137.55,132.0,67.5,149.0,37.5,23.5,6.5,8.0,0.0,0.0,0.0,4.53,1.245,0
Andrew Kittredge,30.0,35.0,5.0,0.0,0.0,43.650000000000006,52.5,28.0,44.0,14.5,7.0,2.0,1.0,0.0,0.0,1.0,5.96,1.56,2
Andrew Miller,35.0,55.0,0.0,0.0,0.0,44.1,38.0,21.5,57.5,21.5,7.0,3.5,5.0,4.0,4.0,19.0,4.345000000000001,1.35,2
Andrew Moore,26.0,1.0,1.0,0.0,0.0,4.2,6.0,4.0,2.0,1.0,2.0,0.0,0.0,0.0,0.0,0.0,7.71,1.5,1
Andrew Suarez,28.0,25.0,15.5,0.0,0.0,96.15,101.0,50.5,77.5,29.5,15.0,3.5,7.5,0.0,0.5,0.5,5.140000000000001,1.46,2
Andrew Triggs,31.0,9.0,9.0,0.0,0.0,41.1,37.0,24.0,43.0,18.0,7.0,3.0,1.0,0.0,0.0,0.0,5.23,1.33,1
Andrew Vasquez,27.0,9.0,0.0,0.0,0.0,5.0,5.0,3.0,7.0,2.0,0.0,1.0,0.0,0.0,0.0,0.0,5.4,1.4,1
Anibal Sanchez,36.0,27.5,27.0,0.0,0.0,151.1,129.5,57.0,134.5,50.0,18.5,9.0,7.0,0.0,0.0,0.0,3.34,1.175,0
Anthony Banda,27.0,3.0,0.5,0.0,0.0,9.1,9.0,4.5,6.0,1.5,0.5,0.5,0.0,0.0,0.0,0.0,5.215,1.26,1
Anthony Bass,32.0,30.0,0.0,0.0,0.0,31.55,24.0,12.0,28.5,10.0,3.0,1.0,2.0,2.5,2.5,4.5,3.245,1.175,1
Anthony DeSclafani,30.0,26.0,26.0,0.0,0.0,140.6,134.5,67.5,137.5,39.5,26.5,8.0,8.5,0.0,0.0,0.0,4.41,1.245,0
Anthony Kay,25.0,3.0,2.0,0.0,0.0,14.0,15.0,9.0,13.0,5.0,0.0,1.0,0.0,0.0,0.0,0.0,5.79,1.43,1
Anthony Swarzak,35.0,29.25,0.0,0.0,0.0,26.150000000000002,27.0,15.75,28.5,13.75,6.0,0.75,2.0,3.0,1.25,5.25,5.47,1.5575,1
Antonio Senzatela,25.0,24.0,19.0,0.0,0.0,107.15,127.5,68.5,72.5,43.5,14.5,8.5,8.5,0.0,0.0,0.0,5.545,1.56,2
Archie Bradley,28.0,71.0,0.5,0.0,0.0,71.2,64.5,28.5,81.0,28.0,7.0,4.0,5.0,10.5,5.5,20.5,3.58,1.29,2
Ariel Jurado,24.0,22.0,13.0,0.5,0.0,88.15,107.0,57.5,51.5,27.0,14.0,6.0,8.0,0.0,0.0,0.5,5.869999999999999,1.52,2
Ariel Miranda,31.0,1.0,1.0,0.0,0.0,5.0,6.0,1.0,5.0,4.0,0.0,0.0,0.0,0.0,0.0,0.0,1.8,2.0,1
Arodys Vizcaino,29.0,21.5,0.0,0.0,0.0,21.05,16.5,5.0,23.0,9.0,2.5,1.5,1.0,8.5,1.5,0.5,2.1799999999999997,1.335,1
Aroldis Chapman,33.0,57.5,0.0,0.0,0.0,54.05,31.0,14.0,89.0,27.5,2.5,3.0,1.0,34.5,3.5,0.5,2.33,1.08,2
Art Warren,27.0,6.0,0.0,0.0,0.0,5.1,2.0,0.0,5.0,2.0,0.0,1.0,0.0,0.0,0.0,1.0,0.0,0.75,1
Artie Lewicki,28.0,13.0,3.0,0.0,0.0,38.2,48.0,21.0,30.0,14.0,4.0,0.0,2.0,0.0,0.0,1.0,4.89,1.6,1
Asher Wojciechowski,31.0,17.0,16.0,0.0,0.0,82.1,80.0,45.0,80.0,28.0,17.0,4.0,8.0,0.0,0.0,0.0,4.92,1.31,2
Austen Williams,27.0,6.0,0.0,0.0,0.0,4.6499999999999995,7.5,6.0,4.5,3.5,3.5,0.0,0.5,0.0,0.0,0.0,83.795,9.83,1
Austin Adams,30.25,6.625,0.25,0.0,0.0,6.525,5.25,3.375,8.375,5.125,1.0,0.25,0.25,0.0,0.25,1.25,4.34875,2.9299999999999997,1
Austin Bibens-Dirkx,35.0,13.0,6.0,0.0,0.0,45.0,56.0,31.0,33.0,14.0,9.0,2.0,3.0,0.0,0.0,0.0,6.2,1.56,2
Austin Brice,28.0,34.5,0.0,0.0,0.0,40.650000000000006,38.0,20.5,39.0,15.5,8.0,1.5,1.5,0.0,0.5,4.5,4.61,1.31,1
Austin Davis,27.0,23.0,0.0,0.0,0.0,27.200000000000003,28.5,15.5,31.0,13.0,5.0,0.5,1.0,0.0,0.0,1.0,5.34,1.55,1
Austin Gomber,26.0,29.0,11.0,0.0,0.0,75.0,81.0,37.0,67.0,32.0,7.0,6.0,2.0,0.0,0.0,7.0,4.44,1.51,2
Austin Pruitt,31.0,18.5,1.0,0.0,0.0,58.1,59.5,29.5,40.5,14.0,7.0,2.5,1.5,2.0,0.5,0.0,4.525,1.26,2
Austin Voth,28.0,6.5,5.0,0.0,0.0,27.650000000000002,22.5,12.5,27.5,9.5,4.0,1.5,1.0,0.0,0.0,0.0,4.9350000000000005,1.255,1
Bartolo Colon,47.0,28.0,24.0,1.0,0.0,146.1,172.0,94.0,81.0,25.0,32.0,7.0,12.0,0.0,0.0,0.0,5.78,1.35,0
Ben Heller,29.0,6.0,0.0,0.0,0.0,7.1,6.0,1.0,9.0,3.0,1.0,0.0,0.0,0.0,0.0,0.0,1.23,1.23,1
Ben Lively,28.0,3.0,1.25,0.0,0.0,7.85,11.75,6.25,7.25,3.75,1.5,0.0,0.75,0.0,0.0,0.0,15.55,2.415,1
Ben Meyer,27.0,13.0,0.0,0.0,0.0,19.0,26.0,22.0,9.0,14.0,2.0,0.0,0.0,0.0,0.0,0.0,10.42,2.11,1
Ben Taylor,27.0,6.0,0.0,0.0,0.0,6.0,6.0,4.0,8.0,1.0,2.0,0.0,0.0,0.0,0.0,0.0,6.0,1.17,1
Blaine Boyer,39.0,21.0,0.0,0.0,0.0,21.2,32.0,29.0,9.0,13.0,7.0,2.0,1.0,1.0,1.0,2.0,12.05,2.08,1
Blaine Hardy,33.0,34.5,6.5,0.0,0.0,65.05,58.5,28.0,47.5,17.5,10.0,2.5,3.0,0.5,0.0,4.5,4.015,1.16,2
Blake Parker,35.0,48.5,0.5,0.0,0.0,48.324999999999996,44.75,19.75,51.25,15.0,9.25,1.75,1.25,9.5,1.75,6.25,3.9425,1.2149999999999999,2
Blake Snell,27.0,27.0,27.0,0.0,0.0,143.6,104.0,44.5,184.0,52.0,15.0,13.5,6.5,0.0,0.0,0.0,3.09,1.12,0
Blake Treinen,32.0,62.5,0.0,0.0,0.0,69.15,52.0,19.5,79.5,29.0,5.5,7.5,3.5,27.0,5.0,1.5,2.845,1.225,2
Blake Wood,35.0,13.0,0.0,0.0,0.0,11.2,8.0,3.0,10.0,7.0,1.0,1.0,0.0,0.0,0.0,4.0,2.31,1.29,1
Bobby Poyner,27.0,16.5,0.5,0.0,0.0,16.65,16.0,8.5,17.5,4.0,3.0,0.5,0.5,0.0,0.0,2.5,5.08,1.205,1
Bobby Wahl,28.0,7.0,0.0,0.0,0.0,5.1,9.0,6.0,7.0,4.0,2.0,0.0,1.0,0.0,0.0,2.0,10.13,2.44,1
Boone Logan,36.0,16.0,0.0,0.0,0.0,10.2,15.0,7.0,14.0,10.0,3.0,1.0,0.0,0.0,0.0,0.0,5.91,2.34,1
Brad Boxberger,32.0,44.5,0.0,0.0,0.0,39.65,34.5,21.0,49.0,24.5,6.0,2.0,5.0,16.5,5.5,0.5,4.895,1.505,2
Brad Brach,34.0,31.75,0.0,0.0,0.0,28.900000000000002,32.25,14.5,30.0,14.75,2.25,1.75,2.0,3.0,1.75,4.25,4.045,1.5175,1
Brad Hand,30.0,47.25,0.0,0.0,0.0,46.375,39.5,16.0,68.5,16.0,5.0,3.5,3.25,25.0,4.25,2.5,2.9825,1.1800000000000002,2
Brad Keller,25.0,34.5,24.0,0.5,0.0,152.6,143.5,62.5,109.0,60.0,11.0,8.0,10.0,0.0,1.0,2.5,3.6350000000000002,1.3250000000000002,0
Brad Peacock,32.0,42.0,8.0,0.0,0.0,78.1,67.0,33.5,96.0,25.5,13.0,5.0,5.5,1.5,1.5,5.0,3.79,1.18,2
Brad Wieck,28.0,13.5,0.0,0.0,0.0,12.05,8.5,6.0,17.25,3.25,2.5,0.5,0.5,0.0,0.5,2.25,3.1875,0.72,1
Brad Ziegler,40.0,41.0,0.0,0.0,0.0,36.6,35.5,16.0,25.0,12.5,4.0,1.0,3.0,5.0,1.0,10.0,3.8600000000000003,1.325,1
Braden Shipley,28.0,3.0,0.0,0.0,0.0,5.0,4.0,4.0,3.0,2.0,0.0,0.0,0.0,0.0,0.0,0.0,7.2,1.2,1
Brady Lail,27.0,1.0,0.0,0.0,0.0,2.2,2.0,3.0,2.0,1.0,1.0,0.0,0.0,0.0,0.0,0.0,10.13,1.13,1
Brady Rodgers,30.0,3.0,0.0,0.0,0.0,5.0,7.0,9.0,4.0,3.0,4.0,0.0,0.0,0.0,0.0,0.0,16.2,2.0,1
Branden Kline,28.0,34.0,0.0,0.0,0.0,41.0,44.0,27.0,34.0,19.0,9.0,1.0,4.0,0.0,1.0,5.0,5.93,1.54,1
Brandon Brennan,29.0,44.0,0.0,0.0,0.0,47.1,34.0,24.0,47.0,24.0,6.0,3.0,6.0,0.0,2.0,8.0,4.56,1.23,2
Brandon Cumpton,31.0,1.0,0.0,0.0,0.0,1.2,3.0,1.0,2.0,2.0,0.0,0.0,0.0,0.0,0.0,0.0,5.4,3.0,1
Brandon Finnegan,27.0,5.0,5.0,0.0,0.0,20.2,27.0,17.0,14.0,15.0,5.0,0.0,3.0,0.0,0.0,0.0,7.4,2.03,1
Brandon Kintzler,36.0,48.5,0.0,0.0,0.0,43.55,39.25,16.25,34.75,12.0,3.75,2.25,2.25,1.0,1.75,13.25,3.9875,1.32,1
Brandon Mann,36.0,7.0,0.0,0.0,0.0,8.1,7.0,5.0,3.0,4.0,1.0,0.0,0.0,0.0,0.0,0.0,5.4,1.32,1
Brandon Maurer,30.0,37.0,0.0,0.0,0.0,31.1,42.0,27.0,31.0,25.0,7.0,0.0,4.0,1.0,6.0,3.0,7.76,2.14,1
Brandon McCarthy,37.0,15.0,15.0,0.0,0.0,78.2,94.0,43.0,65.0,21.0,15.0,6.0,3.0,0.0,0.0,0.0,4.92,1.46,2
Brandon Morrow,36.0,35.0,0.0,0.0,0.0,30.2,24.0,5.0,31.0,9.0,2.0,0.0,0.0,22.0,2.0,0.0,1.47,1.08,1
Brandon Woodruff,27.0,20.5,13.0,0.0,0.0,81.65,72.5,33.0,95.0,22.0,8.0,7.0,1.5,0.5,0.0,1.0,3.615,1.16,2
Brandon Workman,32.0,58.0,0.0,0.0,0.0,56.150000000000006,31.5,15.0,70.5,30.5,3.5,8.0,1.0,8.0,3.0,11.0,2.575,1.12,2
Brendan McKay,24.0,13.0,11.0,0.0,0.0,49.0,53.0,28.0,56.0,16.0,8.0,2.0,4.0,0.0,0.0,0.0,5.14,1.41,2
Brent Suter,31.0,14.5,9.0,0.0,0.0,59.599999999999994,56.0,25.5,49.5,10.0,9.5,6.0,3.5,0.0,0.0,1.0,2.4650000000000003,0.895,2
Brett Anderson,32.0,24.0,24.0,0.0,0.0,128.05,135.5,58.0,68.5,31.0,15.0,8.5,7.0,0.0,0.0,0.0,4.1850000000000005,1.295,0
Brett Cecil,34.0,40.0,0.0,0.0,0.0,32.2,39.0,25.0,19.0,25.0,5.0,1.0,1.0,0.0,0.0,0.0,6.89,1.96,1
Brett Graves,27.0,21.0,0.0,0.0,0.0,33.1,41.0,20.0,21.0,12.0,3.0,1.0,1.0,1.0,0.0,0.0,5.4,1.59,1
Brett Kennedy,26.0,6.0,6.0,0.0,0.0,26.2,36.0,20.0,18.0,12.0,6.0,1.0,2.0,0.0,0.0,0.0,6.75,1.8,1
Brett Martin,25.0,51.0,2.0,0.0,0.0,62.1,72.0,33.0,62.0,18.0,7.0,2.0,3.0,0.0,1.0,4.0,4.76,1.44,2
Brian Duensing,37.0,48.0,0.0,0.0,0.0,37.2,42.0,32.0,24.0,29.0,6.0,3.0,0.0,1.0,2.0,2.0,7.65,1.88,1
Brian Flynn,30.0,29.5,0.5,0.0,0.0,52.150000000000006,62.5,25.5,34.5,26.0,3.5,2.5,3.5,0.5,0.5,2.0,4.63,1.745,2
Brian Johnson,29.0,29.5,10.0,0.0,0.0,69.6,78.5,36.5,59.0,30.5,11.0,2.5,4.0,0.0,0.5,0.5,5.095,1.6549999999999998,2
Brian Moran,31.0,10.0,0.0,0.0,0.0,6.1,6.0,3.0,10.0,2.0,1.0,1.0,0.0,0.0,1.0,2.0,4.26,1.26,1
Brian Schlitter,34.0,6.0,0.0,0.0,0.0,9.2,12.0,4.0,6.0,4.0,0.0,0.0,0.0,0.0,0.0,0.0,3.72,1.66,1
Brock Burke,24.0,6.0,6.0,0.0,0.0,26.2,30.0,22.0,14.0,11.0,6.0,0.0,2.0,0.0,0.0,0.0,7.43,1.54,1
Brock Stewart,28.0,7.75,1.0,0.0,0.0,14.899999999999999,20.75,13.0,11.75,6.5,4.75,1.0,0.5,0.0,0.5,0.0,9.6325,1.985,1
Brooks Pounders,29.0,10.5,0.0,0.0,0.0,11.1,17.0,9.0,11.0,2.0,2.0,0.5,0.5,0.0,0.5,0.0,6.885,1.63,1
Bruce Rondon,29.0,35.0,0.0,0.0,0.0,29.2,37.0,28.0,40.0,27.0,1.0,2.0,3.0,1.0,1.0,5.0,8.49,2.16,1
Brusdar Graterol,22.0,10.0,0.0,0.0,0.0,9.2,10.0,5.0,10.0,2.0,1.0,1.0,1.0,0.0,0.0,1.0,4.66,1.24,1
Bryan Abreu,23.0,7.0,0.0,0.0,0.0,8.2,4.0,1.0,13.0,3.0,0.0,0.0,0.0,0.0,0.0,0.0,1.04,0.81,1
Bryan Garcia,25.0,7.0,0.0,0.0,0.0,6.2,9.0,9.0,7.0,5.0,1.0,0.0,0.0,0.0,1.0,1.0,12.15,2.1,1
Bryan Mitchell,29.0,16.0,11.0,0.0,0.0,73.0,85.0,44.0,38.0,43.0,12.0,2.0,4.0,0.0,0.0,0.0,5.42,1.75,2
Bryan Shaw,32.0,65.5,0.0,0.0,0.0,63.1,69.5,39.5,56.0,28.5,10.5,3.5,4.0,0.5,5.0,12.5,5.654999999999999,1.5750000000000002,2
Bryse Wilson,22.0,4.5,2.5,0.0,0.0,13.5,17.0,10.5,11.0,8.0,2.5,1.0,0.5,0.0,0.0,0.0,6.8149999999999995,1.9,1
Buck Farmer,29.0,69.5,1.0,0.0,0.0,68.15,64.5,30.0,65.0,32.5,7.0,4.5,5.0,0.0,1.5,11.0,3.9350000000000005,1.415,2
Bud Norris,35.0,64.0,0.0,0.0,0.0,57.2,51.0,23.0,67.0,21.0,8.0,3.0,6.0,28.0,5.0,2.0,3.59,1.25,2
Buddy Baumann,32.0,2.0,0.0,0.0,0.0,1.55,4.5,5.0,2.0,3.5,0.5,0.0,1.0,0.0,0.0,0.0,39.0,8.0,1
Buddy Boshers,32.0,28.0,1.0,0.0,0.0,20.0,20.0,9.0,26.0,10.0,3.0,0.0,3.0,0.0,0.0,4.0,4.05,1.5,1
Burch Smith,30.0,23.25,3.0,0.0,0.0,44.1,51.5,33.25,43.5,23.5,8.25,0.5,3.25,0.0,0.25,0.5,5.9350000000000005,1.7525,2
C.D. Pelham,25.0,10.0,0.0,0.0,0.0,7.2,12.0,6.0,7.0,4.0,0.0,0.0,0.0,0.0,0.0,1.0,7.04,2.09,1
CC Sabathia,40.0,26.0,25.5,0.0,0.0,130.05,131.0,60.5,123.5,45.0,23.0,7.0,7.5,0.0,0.0,0.0,4.3,1.3599999999999999,0
Cal Quantrill,25.0,23.0,18.0,0.0,0.0,103.0,106.0,59.0,89.0,28.0,15.0,6.0,8.0,0.0,0.0,1.0,5.16,1.3,2
Caleb Ferguson,24.0,37.5,2.5,0.0,0.0,46.6,41.0,21.5,56.5,19.5,7.5,4.0,2.0,1.0,0.5,4.5,4.165,1.3,2
Caleb Frare,27.0,8.0,0.0,0.0,0.0,4.6,4.0,3.5,6.0,4.0,0.5,0.0,0.5,0.0,0.0,1.0,7.635,1.8399999999999999,1
Caleb Smith,29.0,22.0,22.0,0.0,0.0,115.1,95.5,56.5,128.0,46.5,21.5,7.5,8.5,0.0,0.0,0.0,4.355,1.2349999999999999,0
Cam Bedrosian,28.0,65.0,3.5,0.0,0.0,62.55,55.5,24.5,60.5,24.0,7.0,4.0,3.5,1.0,4.5,12.5,3.5149999999999997,1.265,2
Carl Edwards,29.0,34.5,0.0,0.0,0.0,30.075,21.0,11.5,38.25,19.25,1.75,1.75,1.25,0.0,1.5,12.5,10.8675,2.1325000000000003,1
Carlos Carrasco,33.0,27.5,21.0,1.5,0.5,136.0,132.5,59.5,163.5,29.5,19.5,11.5,8.5,0.5,0.5,0.0,4.335,1.24,0
Carlos Estevez,27.0,71.0,0.0,0.0,0.0,72.0,70.0,30.0,81.0,23.0,12.0,2.0,2.0,0.0,2.0,11.0,3.75,1.29,2
Carlos Martinez,29.0,40.5,9.0,0.0,0.0,83.15,69.5,29.0,85.0,39.0,3.5,6.0,4.0,14.5,1.5,3.5,3.1399999999999997,1.2650000000000001,2
Carlos Ramirez,29.0,2.5,0.0,0.0,0.0,4.05,1.5,1.5,2.5,4.5,0.0,0.0,0.0,0.0,0.0,0.0,3.4299999999999997,1.785,1
Carlos Rodon,27.0,13.5,13.5,0.0,0.0,77.2,65.0,38.0,68.0,36.0,9.5,4.5,5.0,0.0,0.0,0.0,4.6850000000000005,1.35,2
Carlos Torres,37.0,7.0,0.0,0.0,0.0,7.6,9.0,6.0,8.5,2.0,2.5,0.0,0.0,0.0,0.0,0.0,7.01,1.455,1
Carson Fulmer,26.0,14.5,5.0,0.0,0.0,29.6,31.5,24.0,27.0,22.0,6.5,1.5,3.0,0.0,0.0,0.5,7.165,1.785,1
Carson Smith,30.0,18.0,0.0,0.0,0.0,14.1,14.0,6.0,18.0,6.0,2.0,1.0,1.0,0.0,1.0,5.0,3.77,1.4,1
Casey Kelly,30.0,7.0,3.0,0.0,0.0,23.2,28.0,8.0,16.0,5.0,3.0,0.0,3.0,0.0,0.0,0.0,3.04,1.39,1
Casey Lawrence,32.0,11.0,0.0,0.0,0.0,23.1,28.0,19.0,14.0,10.0,2.0,1.0,0.0,0.0,0.0,0.0,7.33,1.63,1
Casey Sadler,30.0,9.25,0.25,0.0,0.0,13.575,14.75,4.75,9.25,4.75,1.25,1.0,0.0,0.25,0.25,0.5,5.202500000000001,1.9625,1
Chad Bell,31.0,3.0,0.0,0.0,0.0,7.1,14.0,7.0,7.0,2.0,1.0,0.0,1.0,0.0,0.0,0.0,8.59,2.18,1
Chad Bettis,31.0,33.0,11.5,0.0,0.0,91.65,99.5,55.0,61.0,34.0,14.0,3.0,4.0,0.5,1.0,2.5,5.545,1.475,2
Chad Green,29.0,58.5,7.5,0.0,0.0,72.1,65.0,26.5,96.0,17.0,9.5,6.0,3.5,1.0,2.0,8.0,3.335,1.135,2
Chad Kuhl,28.0,16.0,16.0,0.0,0.0,85.0,89.0,43.0,81.0,33.0,14.0,5.0,5.0,0.0,0.0,0.0,4.55,1.44,2
Chad Sobotka,27.0,23.0,0.0,0.0,0.0,21.55,16.5,11.5,29.5,14.0,4.0,0.5,0.0,0.0,0.0,3.5,4.045,1.3,1
Chance Adams,26.0,8.0,0.5,0.0,0.0,16.150000000000002,23.5,15.0,13.5,7.5,5.0,0.5,1.0,0.5,0.0,0.0,7.785,1.77,1
Chandler Shepherd,28.0,5.0,3.0,0.0,0.0,19.0,23.0,14.0,17.0,6.0,5.0,0.0,0.0,0.0,0.0,0.0,6.63,1.53,1
Charlie Morton,36.0,31.5,31.5,0.0,0.0,180.6,142.0,62.0,220.5,60.5,16.5,15.5,4.5,0.0,0.0,0.0,3.09,1.12,0
Chase Anderson,32.0,31.0,28.5,0.0,0.0,148.5,128.5,67.0,126.0,53.5,26.5,8.5,6.0,0.0,0.0,0.0,4.07,1.23,0
Chase De Jong,26.0,2.5,2.0,0.0,0.0,9.1,10.5,5.5,6.5,4.5,2.0,0.5,0.5,0.0,0.0,0.0,19.785,3.68,1
Chase Whitley,31.0,1.0,0.0,0.0,0.0,1.0,2.0,2.0,1.0,1.0,1.0,0.0,0.0,0.0,0.0,0.0,18.0,3.0,1
Chasen Bradford,31.0,29.0,0.0,0.0,0.0,34.7,36.0,15.5,24.5,9.0,7.5,2.5,0.0,0.5,0.0,1.5,4.275,1.275,1
Chasen Shreve,30.0,16.5,0.0,0.0,0.0,14.05,14.25,6.75,16.5,7.25,2.75,1.25,1.0,0.25,0.0,2.0,6.3325,1.5175,1
Chaz Roe,33.0,66.0,0.0,0.0,0.0,50.55,42.0,21.5,59.0,23.5,4.5,1.0,3.0,1.0,2.5,27.5,3.82,1.29,2
Chi Chi Gonzalez,28.0,14.0,12.0,0.0,0.0,63.0,59.0,37.0,46.0,33.0,11.0,2.0,6.0,0.0,0.0,0.0,5.29,1.46,2
Chih-Wei Hu,26.0,5.0,0.0,0.0,0.0,13.0,7.0,6.0,12.0,3.0,2.0,0.0,0.0,0.0,0.0,0.0,4.15,0.77,1
Chris Archer,31.0,18.25,18.25,0.0,0.0,96.625,95.75,52.25,112.0,39.75,17.25,3.0,6.5,0.0,0.0,0.0,4.7475000000000005,1.3925,2
Chris Bassitt,31.0,19.5,16.0,0.0,0.0,95.6,82.5,38.5,91.0,33.0,12.5,6.0,4.0,0.0,0.0,0.0,3.415,1.2149999999999999,2
Chris Beck,30.0,10.0,0.0,0.0,0.0,16.65,17.0,8.5,10.5,10.0,4.0,0.0,0.0,0.5,0.0,0.0,4.705,1.6600000000000001,1
Chris Devenski,29.0,55.5,1.0,0.0,0.0,58.05,55.5,29.5,61.5,17.0,11.0,2.0,3.0,1.0,2.0,12.5,4.505,1.23,2
Chris Ellis,28.0,1.0,0.0,0.0,0.0,1.0,1.0,0.0,0.0,1.0,0.0,0.0,0.0,0.0,0.0,0.0,0.0,2.0,1
Chris Flexen,26.0,6.5,1.0,0.0,0.0,9.649999999999999,14.5,9.5,6.5,9.5,1.5,0.0,2.5,0.0,0.0,0.0,9.69,2.605,1
Chris Hatcher,35.0,34.0,0.0,0.0,0.0,36.1,43.0,20.0,30.0,17.0,7.0,3.0,3.0,0.0,2.0,1.0,4.95,1.65,1
Chris Martin,34.0,37.5,0.0,0.0,0.0,34.400000000000006,36.0,15.75,34.75,3.75,4.75,0.75,3.25,1.0,2.0,11.5,4.0600000000000005,1.1225,1
Chris Mazza,30.0,9.0,0.0,0.0,0.0,16.1,21.0,10.0,11.0,5.0,0.0,1.0,1.0,0.0,0.0,0.0,5.51,1.59,1
Chris O'Grady,30.0,8.0,0.0,0.0,0.0,7.0,7.0,5.0,8.0,4.0,2.0,0.0,1.0,0.0,1.0,0.0,6.43,1.57,1
Chris Paddack,24.0,26.0,26.0,0.0,0.0,140.2,107.0,52.0,153.0,31.0,23.0,9.0,7.0,0.0,0.0,0.0,3.33,0.98,0
Chris Rowley,30.0,2.0,0.0,0.0,0.0,0.2,2.0,3.0,0.0,1.0,1.0,0.0,1.0,0.0,0.0,0.0,40.5,4.5,1
Chris Rusin,33.0,25.5,0.0,0.0,0.0,27.6,30.5,20.5,23.5,13.5,4.0,1.0,1.5,0.0,0.5,3.5,21.045,3.75,1
Chris Sale,31.0,26.0,26.0,0.5,0.5,152.55,112.5,54.5,227.5,35.5,17.5,9.0,7.5,0.0,0.0,0.0,3.255,0.9750000000000001,0
Chris Stratton,30.0,22.75,14.25,0.5,0.5,91.325,99.75,52.75,73.25,35.25,12.75,5.25,5.75,0.0,0.0,0.0,5.6075,1.5825,2
Chris Tillman,32.0,7.0,7.0,0.0,0.0,26.2,42.0,31.0,13.0,17.0,6.0,1.0,5.0,0.0,0.0,0.0,10.46,2.21,1
Chris Volstad,34.0,33.0,1.0,0.0,0.0,47.1,65.0,33.0,29.0,12.0,9.0,1.0,5.0,0.0,1.0,0.0,6.27,1.63,2
Christian Bergman,32.0,3.0,2.0,0.0,0.0,14.0,12.0,9.0,7.0,3.0,4.0,0.0,1.0,0.0,0.0,0.0,5.79,1.07,1
Cionel Perez,24.0,6.5,0.0,0.0,0.0,10.05,8.5,7.5,9.5,4.5,3.0,0.5,0.5,0.0,0.0,0.0,6.985,1.295,1
Clay Buchholz,36.0,14.0,14.0,0.5,0.0,78.55,76.0,32.5,60.0,19.0,11.0,4.5,3.5,0.0,0.0,0.0,4.285,1.2650000000000001,2
Clay Holmes,27.0,23.0,2.0,0.0,0.0,38.05,37.5,25.5,38.5,29.5,3.5,1.0,2.5,0.0,1.0,0.5,6.21,1.815,1
Clayton Kershaw,32.0,27.5,27.0,0.0,0.0,169.6,142.0,54.5,172.0,35.0,22.5,12.5,5.0,0.0,0.0,0.0,2.88,1.04,0
Clayton Richard,37.0,18.5,18.5,0.0,0.0,101.64999999999999,106.0,62.0,65.0,39.0,14.0,4.0,8.0,0.0,0.0,0.0,5.645,1.475,2
Cody Allen,31.0,47.5,0.0,0.0,0.0,45.0,41.0,25.5,54.5,26.5,10.0,2.0,4.0,15.5,2.5,3.5,5.48,1.635,2
Cody Anderson,30.0,5.0,2.0,0.0,0.0,8.2,12.0,9.0,9.0,8.0,1.0,0.0,1.0,0.0,1.0,0.0,9.35,2.31,1
Cody Carroll,27.0,15.0,0.0,0.0,0.0,17.0,21.0,17.0,16.0,13.0,6.0,0.0,2.0,0.0,1.0,1.0,9.0,2.0,1
Cody Reed,27.0,10.0,3.5,0.0,0.0,24.55,25.5,10.0,24.5,8.0,2.5,0.5,1.5,0.0,0.0,0.5,2.7,1.255,1
Cody Stashak,26.0,18.0,1.0,0.0,0.0,25.0,29.0,9.0,25.0,1.0,3.0,0.0,1.0,0.0,0.0,1.0,3.24,1.2,1
Cole Hamels,36.0,21.5,21.5,0.25,0.0,118.14999999999999,114.5,50.0,118.5,44.25,15.75,5.75,6.5,0.0,0.0,0.0,3.675,1.3125,0
Cole Irvin,26.0,16.0,3.0,0.0,0.0,41.2,45.0,27.0,31.0,13.0,7.0,2.0,1.0,1.0,0.0,0.0,5.83,1.39,1
Cole Sulser,30.0,7.0,0.0,0.0,0.0,7.1,5.0,0.0,9.0,3.0,0.0,0.0,0.0,0.0,0.0,0.0,0.0,1.09,1
Colin Poche,26.0,51.0,0.0,0.0,0.0,51.2,33.0,27.0,72.0,19.0,9.0,5.0,5.0,2.0,4.0,17.0,4.7,1.01,2
Collin McHugh,33.0,46.5,4.0,0.0,0.0,73.15,53.5,27.5,88.0,25.5,9.0,5.0,3.5,0.0,0.5,8.0,3.345,1.07,2
Colten Brewer,27.0,34.5,0.0,0.0,0.0,31.700000000000003,37.0,15.5,31.0,20.5,3.0,1.0,1.0,0.0,0.5,3.0,4.855,1.9899999999999998,1
Conner Menez,25.0,8.0,3.0,0.0,0.0,17.0,13.0,10.0,22.0,12.0,4.0,0.0,1.0,0.0,0.0,0.0,5.29,1.47,1
Connor Sadzeck,28.0,16.5,1.0,0.0,0.0,16.15,12.0,4.0,17.0,13.0,1.5,0.0,0.5,0.5,0.5,3.0,1.81,1.605,1
Corbin Burnes,25.0,31.0,2.0,0.0,0.0,43.5,48.5,29.5,52.5,15.5,10.5,4.0,2.5,1.0,0.5,3.5,5.715,1.42,2
Corbin Martin,24.0,5.0,5.0,0.0,0.0,19.1,23.0,12.0,19.0,12.0,8.0,1.0,1.0,0.0,0.0,0.0,5.59,1.81,1
Corey Kluber,34.0,20.0,20.0,1.0,0.5,125.1,111.5,46.0,130.0,24.5,14.5,11.0,5.0,0.0,0.0,0.0,4.345,1.3199999999999998,0
Corey Knebel,28.0,57.0,0.0,0.0,0.0,55.1,38.0,22.0,88.0,22.0,7.0,4.0,3.0,16.0,3.0,6.0,3.58,1.08,2
Corey Oswalt,27.0,9.5,6.0,0.0,0.0,35.2,39.0,25.5,25.0,13.0,7.5,1.5,2.0,0.0,0.0,0.5,9.0,1.815,1
Cory Gearrin,34.0,26.833333333333336,0.5,0.0,0.0,23.291666666666668,23.083333333333336,10.25,20.583333333333336,9.75,2.416666666666667,0.5833333333333333,0.9166666666666666,0.16666666666666666,0.3333333333333333,4.75,4.226666666666667,1.4691666666666667,1
Cory Mazzoni,30.0,8.0,0.0,0.0,0.0,8.2,5.0,1.0,7.0,5.0,0.0,1.0,0.0,0.0,0.0,1.0,1.04,1.15,1
Craig Kimbrel,32.0,43.0,0.0,0.0,0.0,41.15,26.0,17.0,63.0,21.5,8.0,2.5,2.5,27.5,4.0,0.0,4.635,1.295,2
Craig Stammen,36.0,74.5,0.0,0.0,0.0,80.5,72.5,27.0,80.5,16.0,8.0,8.0,5.0,2.0,7.0,27.0,3.01,1.1,2
Cy Sneed,27.0,8.0,0.0,0.0,0.0,21.1,26.0,13.0,23.0,5.0,5.0,0.0,1.0,0.0,0.0,0.0,5.48,1.45,1
D.J. Johnson,31.0,17.5,0.0,0.0,0.0,15.55,14.5,8.5,16.5,10.5,0.5,0.5,1.0,0.0,0.0,2.0,4.65,1.47,1
D.J. Snelten,28.0,4.0,0.0,0.0,0.0,4.1,9.0,5.0,4.0,3.0,2.0,0.0,0.0,0.0,0.0,0.0,10.38,2.77,1
Dakota Hudson,26.0,29.5,16.0,0.0,0.0,100.64999999999999,89.5,36.5,77.5,52.0,11.0,10.0,4.0,0.5,0.0,5.5,2.99,1.38,2
Dallas Keuchel,32.0,26.5,26.5,0.5,0.0,158.2,163.0,66.0,122.0,48.5,17.0,10.0,9.5,0.0,0.0,0.0,3.745,1.34,0
Dan Altavilla,28.0,19.5,0.0,0.0,0.0,17.2,10.0,7.5,20.5,13.5,1.5,2.5,1.5,0.0,1.5,3.0,4.0649999999999995,1.345,1
Dan Jennings,33.0,40.0,0.5,0.0,0.0,34.15,37.0,15.0,27.0,15.0,3.5,2.5,3.5,0.5,2.0,5.5,8.36,2.295,1
Dan Otero,35.0,43.0,0.0,0.0,0.0,43.7,55.5,25.0,29.5,4.0,9.0,1.0,0.5,0.5,1.0,1.0,5.035,1.3900000000000001,2
Dan Straily,31.0,18.5,15.5,0.0,0.0,84.65,90.0,54.0,66.0,37.0,21.0,3.5,5.0,0.0,0.0,0.0,6.970000000000001,1.645,2
Dan Winkler,30.0,48.0,0.0,0.0,0.0,40.65,35.0,17.5,45.5,15.5,4.0,3.5,0.5,1.0,2.0,14.5,4.205,1.2650000000000001,2
Daniel Corcino,30.0,2.0,0.0,0.0,0.0,4.0,2.0,1.0,1.0,3.0,0.0,0.0,0.0,1.0,0.0,0.0,2.25,1.25,1
Daniel Coulombe,30.0,27.0,0.0,0.0,0.0,23.2,24.0,12.0,26.0,11.0,5.0,1.0,1.0,0.0,0.0,0.0,4.56,1.48,1
Daniel Gossett,27.0,5.0,5.0,0.0,0.0,24.1,25.0,14.0,12.0,8.0,5.0,0.0,3.0,0.0,0.0,0.0,5.18,1.36,1
Daniel Hudson,33.0,37.25,0.75,0.0,0.0,41.25,33.0,15.5,39.75,15.75,5.0,3.75,1.75,2.0,1.5,4.25,3.165,1.1475,1
Daniel Mengden,27.0,17.5,13.0,0.5,0.5,87.2,81.0,42.0,57.0,26.5,12.5,6.0,4.0,0.5,0.0,0.0,4.4399999999999995,1.28,2
Daniel Norris,27.0,21.5,18.5,0.0,0.0,94.1,100.0,50.0,88.0,28.5,16.5,1.5,9.0,0.0,0.0,0.0,5.085,1.4,2
Daniel Ponce de Leon,28.0,12.0,6.0,0.0,0.0,40.6,30.0,15.0,41.5,19.5,4.0,0.5,2.0,0.5,0.0,0.0,3.215,1.195,1
Daniel Stumpf,29.0,52.0,0.0,0.0,0.0,33.55,39.5,17.5,32.5,15.5,5.0,1.0,3.0,0.0,2.5,8.0,4.635,1.645,1
Daniel Zamora,27.0,16.5,0.0,0.0,0.0,8.6,8.0,4.0,12.0,4.0,1.0,0.5,0.5,0.0,0.0,2.5,4.095000000000001,1.365,1
Danny Barnes,30.0,47.0,0.0,0.0,0.0,41.0,47.0,26.0,38.0,22.0,6.0,3.0,3.0,0.0,2.0,8.0,5.71,1.68,2
Danny Duffy,31.0,25.5,25.5,0.0,0.0,142.6,143.0,73.5,128.0,58.0,22.0,7.5,9.0,0.0,0.0,0.0,4.609999999999999,1.4,0
Danny Farquhar,33.0,8.0,0.0,0.0,0.0,8.0,6.0,5.0,9.0,0.0,3.0,1.0,1.0,0.0,1.0,2.0,5.63,0.75,1
Danny Hultzen,30.0,6.0,0.0,0.0,0.0,3.1,4.0,0.0,5.0,2.0,0.0,0.0,0.0,0.0,0.0,0.0,0.0,1.8,1
Danny Salazar,30.0,1.0,1.0,0.0,0.0,4.0,4.0,2.0,2.0,3.0,2.0,0.0,1.0,0.0,0.0,0.0,4.5,1.75,1
Dario Agrazal,25.0,15.0,14.0,0.0,0.0,73.1,82.0,40.0,41.0,18.0,15.0,4.0,5.0,0.0,0.0,0.0,4.91,1.36,2
Darren O'Day,37.0,14.0,0.0,0.0,0.0,12.55,10.5,4.5,16.5,2.5,1.5,0.0,1.0,1.0,1.0,2.0,2.645,0.925,1
Darwinzon Hernandez,23.0,29.0,1.0,0.0,0.0,30.1,27.0,15.0,57.0,26.0,1.0,0.0,1.0,0.0,0.0,2.0,4.45,1.75,1
David Bednar,25.0,13.0,0.0,0.0,0.0,11.0,10.0,8.0,14.0,5.0,3.0,0.0,2.0,0.0,0.0,2.0,6.55,1.36,1
David Carpenter,35.0,4.0,0.0,0.0,0.0,3.1,4.0,2.0,2.0,4.0,0.0,0.0,0.0,0.0,0.0,0.0,5.4,2.4,1
David Hale,32.0,11.0,0.0,0.0,0.0,21.900000000000002,23.5,8.25,13.5,4.75,1.75,1.5,0.0,1.0,0.0,0.0,5.1875,1.5825,1
David Hernandez,35.0,52.0,0.0,0.0,0.0,53.1,49.5,28.0,59.0,18.5,6.5,3.5,3.5,1.0,4.5,13.5,5.2749999999999995,1.345,2
David Hess,27.0,22.0,16.5,0.0,0.0,91.55,100.0,59.5,71.0,33.5,25.0,2.0,10.0,0.0,0.0,0.0,5.984999999999999,1.4649999999999999,2
David McKay,25.0,12.5,0.0,0.0,0.0,13.05,10.0,8.0,17.0,8.5,1.5,0.0,0.0,0.0,0.5,0.5,5.365,1.55,1
David Paulino,26.0,7.0,0.0,0.0,0.0,6.2,6.0,1.0,6.0,2.0,1.0,1.0,0.0,0.0,0.0,0.0,1.35,1.2,1
David Phelps,33.0,20.5,0.5,0.0,0.0,17.05,15.5,6.5,18.0,8.5,2.5,1.0,0.5,0.5,2.0,2.5,3.4050000000000002,1.4,1
David Price,35.0,26.0,26.0,0.5,0.0,141.55,130.0,60.5,152.5,41.0,20.0,11.5,6.0,0.0,0.0,0.0,3.93,1.225,0
David Robertson,35.0,38.0,0.0,0.0,0.0,37.7,27.0,14.5,48.5,16.0,4.0,4.0,2.0,2.5,2.0,11.5,4.315,1.565,1
Dean Deetz,26.0,4.0,0.0,0.0,0.0,3.1,4.0,2.0,3.0,1.0,1.0,0.0,0.0,0.0,0.0,0.0,5.4,1.5,1
Dean Kiekhefer,31.0,4.0,0.0,0.0,0.0,2.0,7.0,4.0,1.0,1.0,1.0,0.0,0.0,0.0,0.0,0.0,18.0,4.0,1
Deck McGuire,31.0,10.5,2.0,0.0,0.0,18.65,19.0,13.0,16.5,13.0,4.5,0.0,1.0,0.0,0.0,0.0,6.275,1.685,1
Dellin Betances,32.0,33.5,0.0,0.0,0.0,33.2,22.0,10.0,58.5,13.0,3.5,2.0,3.0,2.0,1.5,10.0,1.35,0.525,1
Dennis Santana,24.0,2.0,0.0,0.0,0.0,4.1,6.0,4.5,5.0,2.5,0.5,0.5,0.0,0.0,0.0,0.0,9.735,1.955,1
Deolis Guerra,31.0,1.0,0.0,0.0,0.0,0.2,4.0,4.0,0.0,0.0,1.0,0.0,0.0,0.0,0.0,0.0,54.0,6.0,1
Dereck Rodriguez,28.0,24.5,17.5,0.0,0.0,108.55,103.0,49.5,80.0,36.0,15.0,6.0,7.5,0.0,0.0,0.0,4.225,1.29,2
Derek Holland,33.0,30.75,17.0,0.25,0.0,106.4,97.5,48.25,105.0,44.75,14.5,4.0,5.75,0.0,0.25,0.5,4.9825,1.4025,2
Derek Law,30.0,32.5,2.0,0.0,0.0,36.65,38.5,22.0,39.5,24.0,5.0,1.0,1.0,2.5,0.5,4.0,6.165,1.73,1
Devin Smeltzer,25.0,11.0,6.0,0.0,0.0,49.0,50.0,21.0,38.0,12.0,8.0,2.0,2.0,1.0,0.0,1.0,3.86,1.27,2
Devin Williams,26.0,13.0,0.0,0.0,0.0,13.2,18.0,6.0,14.0,6.0,2.0,0.0,0.0,0.0,0.0,2.0,3.95,1.76,1
Diego Castillo,26.0,54.0,8.5,0.0,0.0,62.2,47.5,23.0,73.0,22.0,7.0,4.5,5.0,4.0,2.0,13.5,3.295,1.095,2
Dillon Maples,28.0,11.5,0.0,0.0,0.0,8.149999999999999,6.5,7.0,13.5,7.5,2.0,1.0,0.0,0.0,0.0,0.0,8.605,1.81,1
Dillon Peters,28.0,12.0,8.5,0.0,0.0,49.6,59.5,32.5,36.0,20.5,11.0,3.0,3.0,0.0,0.0,0.0,6.27,1.655,2
Dillon Tate,26.0,16.0,0.0,0.0,0.0,21.0,18.0,15.0,20.0,9.0,3.0,0.0,2.0,0.0,0.0,1.0,6.43,1.29,1
Dinelson Lamet,28.0,14.0,14.0,0.0,0.0,73.0,62.0,33.0,105.0,30.0,12.0,3.0,5.0,0.0,0.0,0.0,4.07,1.26,2
Domingo German,28.0,24.0,19.0,0.0,0.0,114.1,103.0,58.5,127.5,36.0,22.5,10.0,5.0,0.0,0.0,0.0,4.800000000000001,1.24,0
Dominic Leone,28.0,34.5,0.0,0.0,0.0,32.1,33.0,18.5,36.0,15.0,6.0,1.0,1.0,0.5,1.5,2.5,5.015000000000001,1.48,1
Donnie Hart,30.0,11.25,0.0,0.0,0.0,11.350000000000001,16.5,6.0,7.25,7.0,1.0,0.0,0.0,0.0,0.0,0.5,2.795,1.4100000000000001,1
Doug Fister,36.0,12.0,12.0,0.0,0.0,66.0,73.0,33.0,40.0,19.0,11.0,1.0,7.0,0.0,0.0,0.0,4.5,1.39,2
Dovydas Neverauskas,27.0,17.5,0.0,0.0,0.0,18.05,22.5,17.5,18.5,8.5,5.5,0.0,0.0,0.0,0.5,1.5,9.305,1.92,1
Drew Anderson,26.0,3.5,0.5,0.0,0.0,9.1,11.5,6.0,8.5,4.0,0.5,0.0,0.5,0.0,0.0,0.0,6.234999999999999,1.75,1
Drew Gagnon,30.0,11.5,0.5,0.0,0.0,17.6,24.5,14.5,12.5,6.0,6.5,2.5,1.0,0.0,0.5,0.0,6.81,1.7,1
Drew Hutchison,30.0,8.0,2.5,0.0,0.0,21.1,25.0,16.0,15.5,13.0,4.5,1.0,1.0,0.0,0.0,0.0,6.75,1.78,1
Drew Pomeranz,31.0,24.5,10.0,0.0,0.0,62.825,69.75,39.0,67.25,33.0,11.25,1.5,5.5,0.5,0.0,3.5,5.0575,1.5150000000000001,2
Drew Rucinski,31.0,32.0,0.0,0.0,0.0,35.1,34.0,17.0,27.0,13.0,2.0,4.0,2.0,0.0,1.0,4.0,4.33,1.33,1
Drew Smith,27.0,27.0,0.0,0.0,0.0,28.0,34.0,11.0,18.0,6.0,2.0,1.0,1.0,0.0,2.0,4.0,3.54,1.43,1
Drew Smyly,31.0,12.5,10.5,0.0,0.0,56.650000000000006,63.0,39.5,60.0,27.5,16.0,2.0,3.5,0.5,0.0,0.0,6.4350000000000005,1.615,2
Drew Steckenrider,29.0,43.0,0.0,0.0,0.0,39.15,32.0,19.0,44.0,16.0,6.5,2.0,3.0,2.5,3.0,11.0,5.09,1.125,1
Drew VerHagen,29.0,31.5,2.5,0.0,0.0,57.05,58.0,33.5,52.0,21.0,7.5,3.5,3.0,0.0,1.0,2.0,5.265000000000001,1.375,2
Duane Underwood,26.0,6.5,0.5,0.0,0.0,7.6,7.5,4.0,8.0,3.0,1.5,0.0,0.5,0.0,0.0,0.0,3.825,1.31,1
Dustin May,23.0,14.0,4.0,0.0,0.0,34.2,33.0,14.0,32.0,5.0,2.0,2.0,3.0,0.0,1.0,4.0,3.63,1.1,1
Dylan Bundy,27.0,30.5,30.5,0.5,0.0,166.2,174.5,95.0,173.0,56.0,35.0,7.5,15.0,0.0,0.0,0.0,5.12,1.38,0
Dylan Cease,24.0,14.0,14.0,0.0,0.0,73.0,78.0,47.0,81.0,35.0,15.0,4.0,7.0,0.0,0.0,0.0,5.79,1.55,2
Dylan Covey,29.0,22.5,16.5,0.0,0.0,89.7,102.0,61.0,66.0,40.0,12.5,3.0,11.0,0.0,0.5,0.0,6.58,1.625,2
Dylan Floro,29.0,38.5,0.0,0.0,0.0,38.925,37.25,15.0,35.5,12.75,2.75,4.0,2.25,0.0,1.5,4.75,3.2075,1.2575,1
Eddie Butler,29.0,15.0,0.0,0.0,0.0,24.6,29.5,15.5,14.5,9.5,5.5,1.0,1.5,1.0,0.0,1.0,5.275,1.51,1
Edgar Garcia,23.0,37.0,0.0,0.0,0.0,39.0,38.0,25.0,45.0,26.0,11.0,2.0,0.0,0.0,0.0,2.0,5.77,1.64,2
Edgar Santana,28.0,69.0,0.0,0.0,0.0,66.1,61.0,24.0,54.0,12.0,7.0,3.0,4.0,0.0,7.0,20.0,3.26,1.1,2
Edinson Volquez,37.0,11.0,4.0,0.0,0.0,16.0,20.0,12.0,10.0,12.0,3.0,0.0,1.0,0.0,0.0,1.0,6.75,2.0,1
Eduardo Jimenez,25.0,8.0,0.0,0.0,0.0,10.2,12.0,7.0,8.0,5.0,1.0,0.0,0.0,0.0,0.0,0.0,5.91,1.59,1
Eduardo Paredes,25.0,14.0,0.0,0.0,0.0,18.1,25.0,14.0,15.0,7.0,5.0,0.0,0.0,0.0,0.0,0.0,6.87,1.75,1
Eduardo Rodriguez,27.0,30.5,28.5,0.0,0.0,166.14999999999998,157.0,70.5,179.5,60.0,20.0,16.0,5.5,0.0,0.0,0.0,3.815,1.295,0
Edubray Ramos,27.0,36.0,0.0,0.0,0.0,28.6,26.5,10.0,26.5,11.0,4.5,2.0,0.5,0.5,1.5,7.0,3.8600000000000003,1.44,1
Edward Paredes,33.0,15.0,0.0,0.0,0.0,7.2,7.0,5.0,8.0,2.0,2.0,2.0,0.0,0.0,0.0,3.0,5.87,1.17,1
Edwin Diaz,26.0,69.5,0.0,0.0,0.0,65.55,49.5,26.0,111.5,19.5,10.0,1.0,5.5,41.5,5.5,0.5,3.775,1.085,2
Edwin Jackson,37.0,13.0,11.75,0.0,0.0,62.8,63.75,35.0,47.0,26.5,11.75,3.75,4.0,0.0,0.0,0.0,6.5625,1.6349999999999998,2
Elieser Hernandez,25.0,26.5,10.5,0.0,0.0,73.65,72.0,42.0,65.0,26.5,15.5,2.5,6.0,0.0,0.0,1.0,5.12,1.345,2
Elvis Luciano,20.0,25.0,0.0,0.0,0.0,33.2,36.0,20.0,27.0,24.0,4.0,1.0,0.0,0.0,0.0,0.0,5.35,1.78,1
Emilio Pagan,29.0,60.5,0.0,0.0,0.0,66.0,50.0,24.0,79.5,16.0,12.5,3.5,1.5,10.0,4.0,6.5,3.33,1.01,2
Emmanuel Clase,22.0,21.0,1.0,0.0,0.0,23.1,20.0,6.0,21.0,6.0,2.0,2.0,3.0,1.0,0.0,4.0,2.31,1.11,1
Enderson Franco,27.0,5.0,0.0,0.0,0.0,5.1,4.0,2.0,4.0,1.0,1.0,0.0,0.0,0.0,0.0,1.0,3.38,0.94,1
Enny Romero,29.0,2.6666666666666665,0.0,0.0,0.0,3.3333333333333335,7.666666666666667,4.666666666666667,3.3333333333333335,2.0,1.3333333333333333,0.0,0.0,0.0,0.0,0.0,12.75,2.9166666666666665,1
Enyel De Los Santos,24.0,6.0,1.5,0.0,0.0,15.0,16.0,9.5,12.0,6.5,3.0,0.5,0.5,0.0,0.0,0.0,6.050000000000001,1.5299999999999998,1
Erasmo Ramirez,30.0,5.5,5.0,0.0,0.0,24.1,28.0,18.5,17.0,6.5,8.0,1.0,2.0,0.0,0.0,0.0,9.25,1.535,1
Eric Hanhold,26.0,3.0,0.0,0.0,0.0,2.1,4.0,2.0,2.0,1.0,0.0,0.0,0.0,0.0,0.0,0.0,7.71,2.14,1
Eric Lauer,25.0,26.5,26.0,0.0,0.0,130.6,142.5,64.0,119.0,48.5,17.5,7.0,8.5,0.0,0.0,0.0,4.395,1.47,0
Eric Skoglund,27.0,10.0,8.5,0.0,0.0,45.5,48.0,30.5,26.5,14.0,8.5,0.5,4.5,0.0,0.0,0.0,7.07,1.5350000000000001,1
Eric Stout,27.0,3.0,0.0,0.0,0.0,2.1,7.0,6.0,2.0,2.0,2.0,0.0,0.0,0.0,0.0,0.0,23.14,3.86,1
Eric Yardley,30.0,10.0,0.0,0.0,0.0,11.2,12.0,3.0,7.0,3.0,1.0,0.0,1.0,0.0,0.0,0.0,2.31,1.29,1
Erick Fedde,27.0,16.0,11.5,0.0,0.0,64.05,68.0,35.0,43.5,27.5,9.5,3.0,3.0,0.0,0.0,0.0,5.02,1.495,2
Erik Goeddel,31.0,15.5,0.0,0.0,0.0,18.1,13.0,6.0,22.0,10.0,2.0,1.5,0.0,0.0,1.0,2.5,2.3049999999999997,1.245,1
Erik Swanson,27.0,27.0,8.0,0.0,0.0,58.0,56.0,37.0,52.0,12.0,17.0,1.0,5.0,2.0,0.0,1.0,5.74,1.17,2
Ervin Santana,37.0,4.0,4.0,0.0,0.0,18.65,25.0,18.0,10.5,7.5,7.5,0.0,1.5,0.0,0.0,0.0,8.739999999999998,1.75,1
Evan Marshall,30.0,32.5,0.0,0.0,0.0,28.6,27.0,10.0,25.0,14.0,2.5,2.0,1.0,0.0,2.5,11.0,5.1,1.795,1
Evan Phillips,26.0,14.75,0.25,0.0,0.0,16.8,19.25,14.25,22.0,12.5,2.25,0.0,0.75,0.0,0.0,1.5,9.987499999999999,1.935,1
Felipe Vazquez,29.0,63.0,0.0,0.0,0.0,65.0,53.0,16.0,89.5,18.5,4.5,4.5,1.5,32.5,4.0,0.0,2.175,1.085,2
Felix Hernandez,34.0,22.0,21.5,0.0,0.0,113.19999999999999,122.0,73.5,91.0,42.0,22.0,4.5,11.0,0.0,0.0,0.0,5.975,1.4649999999999999,0
Felix Pena,30.0,20.5,12.0,0.0,0.0,94.15,83.5,46.0,93.0,31.0,14.0,5.5,4.0,0.0,0.0,0.5,4.38,1.21,2
Fernando Abad,34.0,21.0,0.0,0.0,0.0,13.0,9.0,6.0,9.0,3.0,2.0,0.0,2.0,0.0,0.0,8.0,4.15,0.92,1
Fernando Rodney,43.0,30.75,0.0,0.0,0.0,27.650000000000002,27.75,13.5,29.75,15.0,3.0,1.0,2.0,6.75,2.75,6.25,5.119999999999999,1.645,1
Fernando Romero,25.0,13.0,5.5,0.0,0.0,34.6,39.5,20.0,31.5,15.0,4.0,1.5,2.0,0.0,0.0,0.5,5.880000000000001,1.78,1
Fernando Salas,35.0,22.0,0.0,0.0,0.0,21.1,24.0,11.0,16.5,6.5,3.0,2.0,2.0,0.0,0.0,2.0,5.625,2.165,1
Framber Valdez,26.0,17.0,6.5,0.0,0.0,53.6,48.0,27.5,51.0,34.0,6.0,4.0,4.0,0.0,0.0,0.0,4.025,1.455,2
Francisco Liriano,36.0,48.0,13.0,0.0,0.0,101.6,93.5,47.5,86.5,54.0,13.5,5.0,7.5,0.0,2.0,6.0,4.025,1.4300000000000002,2
Frankie Montas,27.0,14.5,13.5,0.0,0.0,80.5,79.0,28.0,73.0,22.0,6.5,7.0,3.0,0.0,0.0,0.0,3.255,1.2850000000000001,2
Freddy Peralta,24.0,27.5,11.0,0.0,0.0,81.55,68.0,43.5,105.5,38.5,11.5,6.5,3.5,0.5,0.5,3.0,4.77,1.2999999999999998,2
Gabe Speier,25.0,9.0,0.0,0.0,0.0,7.1,5.0,6.0,10.0,6.0,2.0,0.0,0.0,0.0,0.0,1.0,7.36,1.5,1
Gabriel Moya,25.0,35.0,6.0,0.0,0.0,36.1,35.0,19.0,31.0,13.0,6.0,3.0,1.0,0.0,2.0,3.0,4.71,1.32,1
Gabriel Ynoa,27.0,36.0,13.0,0.0,0.0,110.2,126.0,69.0,67.0,26.0,29.0,1.0,10.0,0.0,0.0,0.0,5.61,1.37,2
Garrett Richards,32.0,9.5,9.5,0.0,0.0,42.15,37.0,19.5,49.0,20.0,6.5,2.5,2.5,0.0,0.0,0.0,5.985,1.565,1
Genesis Cabrera,23.0,13.0,2.0,0.0,0.0,20.1,23.0,11.0,19.0,11.0,2.0,0.0,2.0,1.0,0.0,1.0,4.87,1.67,1
Geoff Hartlieb,26.0,29.0,0.0,0.0,0.0,35.0,52.0,35.0,38.0,18.0,8.0,0.0,1.0,0.0,0.0,2.0,9.0,2.0,2
George Kontos,35.0,9.333333333333334,0.0,0.0,0.0,8.499999999999998,9.0,4.333333333333333,5.0,2.3333333333333335,1.6666666666666667,0.6666666666666666,1.0,0.3333333333333333,0.3333333333333333,1.6666666666666667,2.8033333333333332,0.9866666666666667,1
Gerardo Reyes,27.0,27.0,0.0,0.0,0.0,26.0,24.0,22.0,38.0,11.0,3.0,4.0,0.0,0.0,1.0,1.0,7.62,1.35,1
German Marquez,25.0,30.5,30.5,0.5,0.5,185.0,176.5,87.0,202.5,46.0,26.5,13.0,8.0,0.0,0.0,0.0,4.265,1.2,0
Gerrit Cole,30.0,32.5,32.5,0.5,0.5,206.1,142.5,61.5,301.0,56.0,24.0,17.5,5.0,0.0,0.0,0.0,2.69,0.96,0
Gerson Bautista,25.0,6.5,1.0,0.0,0.0,6.55,10.5,8.5,5.0,7.0,2.0,0.0,1.0,0.0,0.0,0.0,11.73,2.7199999999999998,1
Gio Gonzalez,35.0,17.5,16.5,0.0,0.0,86.125,79.75,37.0,76.0,38.5,8.75,4.0,3.75,0.0,0.0,0.0,3.425,1.2650000000000001,2
Giovanny Gallegos,29.0,34.5,0.0,0.0,0.0,39.775,24.75,10.75,49.5,8.75,5.0,1.5,1.0,0.75,1.5,9.5,2.2800000000000002,0.9175,1
Glenn Sparkman,28.0,23.0,13.0,0.5,0.5,87.05,105.5,55.0,54.0,28.0,16.5,2.0,7.0,0.0,0.0,0.0,5.24,1.565,2
Grant Dayton,32.0,14.0,0.0,0.0,0.0,12.0,12.0,4.0,14.0,4.0,4.0,0.0,1.0,0.0,1.0,1.0,3.0,1.33,1
Greg Holland,34.0,34.0,0.0,0.0,0.0,29.125,23.25,15.0,32.25,20.0,3.0,1.0,1.5,9.25,3.25,1.5,4.46,1.4675000000000002,1
Gregory Infante,33.0,10.0,0.0,0.0,0.0,9.0,12.0,8.0,6.0,8.0,0.0,1.0,1.0,0.0,0.0,0.0,8.0,2.22,1
Gregory Soto,25.0,33.0,7.0,0.0,0.0,57.2,74.0,37.0,45.0,33.0,9.0,0.0,5.0,0.0,1.0,2.0,5.77,1.86,2
Griffin Canning,24.0,18.0,17.0,0.0,0.0,90.1,80.0,46.0,96.0,30.0,14.0,5.0,6.0,0.0,0.0,0.0,4.58,1.22,2
Hansel Robles,30.0,48.75,0.5,0.0,0.0,49.925,42.25,15.75,52.25,14.25,5.25,3.0,1.25,12.0,2.25,3.0,3.24,1.2275,2
Harrison Musgrave,28.0,22.5,0.0,0.0,0.0,27.1,22.5,13.5,22.0,14.5,3.5,1.0,1.5,0.0,0.0,2.5,4.115,1.4500000000000002,1
Heath Fillmyer,26.0,14.5,8.0,0.0,0.0,52.099999999999994,53.0,29.5,36.0,22.0,8.5,2.0,2.0,0.0,0.0,0.5,6.16,1.565,2
Heath Hembree,31.0,56.0,0.0,0.0,0.0,49.6,43.5,22.5,61.0,22.5,8.5,2.5,0.5,1.0,2.0,12.0,4.03,1.32,2
Hector Neris,31.0,60.5,0.0,0.0,0.0,57.2,45.5,24.5,82.5,20.0,10.5,2.0,4.5,19.5,4.5,3.0,4.015,1.1600000000000001,2
Hector Noesi,33.0,12.0,4.0,0.0,0.0,27.2,30.0,26.0,24.0,14.0,7.0,0.0,3.0,0.0,0.0,0.0,8.46,1.59,1
Hector Rondon,32.0,62.5,0.5,0.0,0.0,59.6,57.0,23.0,57.5,20.0,7.0,2.5,3.5,7.5,5.0,14.0,3.455,1.2850000000000001,2
Hector Santiago,32.0,29.25,4.0,0.0,0.0,59.3,61.0,31.25,61.5,35.5,10.0,3.25,1.75,1.0,0.0,0.0,5.5575,1.7375,2
Hector Velazquez,31.0,40.5,8.0,0.0,0.0,70.55,77.5,32.0,51.0,27.0,7.0,4.0,3.0,0.0,0.5,2.0,4.305,1.49,2
Hoby Milner,29.0,5.5,0.0,0.0,0.0,3.2,4.25,3.0,3.5,1.75,0.75,0.0,0.0,0.0,0.0,0.75,7.295,1.6324999999999998,1
Homer Bailey,34.0,17.75,17.75,0.5,0.0,93.82499999999999,111.0,56.75,74.75,29.75,16.75,3.75,9.25,0.0,0.0,0.0,5.32,1.4725,2
Huascar Ynoa,22.0,2.0,0.0,0.0,0.0,3.0,6.0,6.0,3.0,1.0,1.0,0.0,0.0,0.0,0.0,0.0,18.0,2.33,1
Hunter Harvey,25.0,7.0,0.0,0.0,0.0,6.1,3.0,1.0,11.0,4.0,1.0,1.0,0.0,0.0,1.0,1.0,1.42,1.11,1
Hunter Strickland,31.5,31.5,0.0,0.0,0.0,28.575000000000003,27.0,13.75,23.0,12.5,4.0,2.0,2.75,7.5,2.25,2.75,5.295,1.1875,1
Hunter Wood,27.0,23.5,4.5,0.0,0.0,31.775,32.5,12.25,30.75,12.0,3.75,0.75,0.75,0.25,0.0,2.5,3.45,1.3975,1
Hyun-Jin Ryu,33.0,22.0,22.0,0.5,0.5,132.14999999999998,114.0,32.5,126.0,19.5,13.0,10.5,4.0,0.0,0.0,0.0,2.145,1.01,0
Ian Gibaut,26.0,5.0,0.0,0.0,0.0,7.05,6.0,4.5,8.0,5.0,0.5,0.5,0.5,0.0,0.0,0.0,7.055,1.52,1
Ian Hamilton,25.0,10.0,0.0,0.0,0.0,8.0,6.0,4.0,5.0,2.0,2.0,1.0,2.0,0.0,1.0,1.0,4.5,1.0,1
Ian Kennedy,35.0,42.5,11.0,0.0,0.0,91.15,94.5,43.0,89.0,28.5,13.0,3.0,5.5,15.0,2.0,0.5,4.035,1.33,2
Ian Krol,29.0,1.0,0.0,0.0,0.0,2.0,1.0,0.0,2.0,1.0,0.0,0.0,0.0,0.0,0.0,0.0,0.0,1.0,1
Ivan Nova,33.0,31.5,31.5,1.0,0.0,174.0,198.0,86.5,114.0,41.0,28.0,10.0,10.5,0.0,0.0,0.0,4.455,1.365,0
J.A. Happ,37.0,23.25,22.75,0.0,0.0,124.85,117.5,62.0,118.25,37.25,23.75,10.25,5.5,0.0,0.0,0.0,4.172499999999999,1.2075,0
J.B. Wendelken,27.0,20.0,0.0,0.0,0.0,24.200000000000003,14.5,7.0,24.0,7.0,1.5,1.5,0.5,0.0,0.5,1.0,2.06,0.8500000000000001,1
J.J. Hoover,33.0,2.0,0.0,0.0,0.0,1.1,4.0,3.0,0.0,2.0,1.0,0.0,1.0,0.0,1.0,0.0,20.25,4.5,1
JC Ramirez,32.0,3.5,1.0,0.0,0.0,7.1,7.5,5.5,4.0,4.0,2.0,0.0,1.0,0.0,0.0,0.0,6.975,1.615,1
JD Hammer,26.0,20.0,0.0,0.0,0.0,19.0,15.0,8.0,13.0,12.0,2.0,1.0,0.0,0.0,1.0,0.0,3.79,1.42,1
JT Chargois,29.0,30.0,0.0,0.0,0.0,26.6,23.5,13.5,34.0,10.0,4.0,1.5,2.0,0.0,2.0,3.5,4.835,1.245,1
Jace Fry,27.0,63.5,0.5,0.0,0.0,53.05,40.5,27.0,69.0,31.5,5.5,2.5,3.5,2.0,1.5,14.0,4.5649999999999995,1.3450000000000002,2
Jack Flaherty,24.0,30.5,30.5,0.0,0.0,173.55,121.5,58.0,206.5,57.0,22.5,9.5,8.5,0.0,0.0,0.0,3.045,1.04,0
Jackson Stephens,26.0,29.0,0.0,0.0,0.0,38.1,50.0,21.0,33.0,15.0,7.0,2.0,3.0,0.0,0.0,0.0,4.93,1.7,1
Jacob Barnes,30.0,32.75,0.25,0.0,0.0,32.150000000000006,34.5,15.75,31.5,17.0,3.75,0.25,1.75,1.0,1.0,2.25,5.4575000000000005,1.66,1
Jacob Nix,24.0,9.0,9.0,0.0,0.0,42.1,52.0,33.0,21.0,13.0,8.0,2.0,5.0,0.0,0.0,0.0,7.02,1.54,1
Jacob Rhame,27.0,17.5,0.0,0.0,0.0,19.1,20.5,12.0,16.5,8.5,4.5,0.5,1.5,0.5,0.5,1.0,5.055,1.6549999999999998,1
Jacob Turner,29.0,2.5,0.5,0.0,0.0,3.1,9.5,7.5,1.5,3.0,1.0,0.0,0.5,0.0,0.0,0.0,30.44,5.09,1
Jacob Waguespack,26.0,16.0,13.0,0.0,0.0,78.0,75.0,38.0,63.0,29.0,12.0,5.0,5.0,0.0,0.0,0.0,4.38,1.33,2
Jacob Webb,27.0,36.0,0.0,0.0,0.0,32.1,24.0,5.0,28.0,12.0,4.0,4.0,0.0,2.0,2.0,9.0,1.39,1.11,1
Jacob deGrom,32.0,32.0,32.0,0.5,0.0,210.5,153.0,48.0,262.0,45.0,14.5,10.5,8.5,0.0,0.0,0.0,2.065,0.94,0
Jaime Barria,24.0,22.5,19.5,0.0,0.0,105.65,104.5,54.0,86.5,37.0,20.5,7.0,9.5,0.0,0.0,0.0,4.915,1.355,2
Jaime Garcia,34.0,16.5,7.0,0.0,0.0,40.65,41.0,26.5,36.5,22.0,6.5,1.5,3.5,0.0,0.0,2.0,5.3149999999999995,1.55,1
Jaime Schultz,29.0,13.0,0.5,0.0,0.0,17.55,12.0,11.5,19.0,10.0,3.5,1.0,1.0,0.0,0.0,1.5,6.42,1.475,1
Jairo Diaz,29.0,56.0,0.0,0.0,0.0,57.2,56.0,29.0,63.0,19.0,7.0,6.0,4.0,5.0,3.0,7.0,4.53,1.3,2
Jake Arrieta,34.0,27.5,27.5,0.0,0.0,153.7,157.0,73.0,124.0,54.0,21.0,9.0,9.5,0.0,0.0,0.0,4.3,1.38,0
Jake Barrett,29.0,4.5,0.0,0.0,0.0,5.1,7.0,5.0,5.0,2.0,1.5,0.0,0.5,0.0,0.0,0.0,9.935,1.8050000000000002,1
Jake Diekman,33.0,36.75,0.0,0.0,0.0,28.6,24.5,15.0,37.5,17.5,1.75,0.5,2.25,0.5,0.75,12.0,5.1,1.525,1
Jake Faria,27.0,12.5,6.0,0.0,0.0,37.05,37.0,23.0,29.75,19.5,5.75,2.0,2.25,0.0,0.0,0.5,6.23,1.8024999999999998,1
Jake Jewell,27.0,10.5,0.0,0.0,0.0,14.05,15.0,11.0,12.0,4.5,4.0,0.0,0.5,0.0,0.0,0.5,7.92,1.435,1
Jake Junis,28.0,30.5,30.5,0.5,0.0,176.05,187.0,94.0,164.0,50.5,31.5,9.0,13.0,0.0,0.0,0.0,4.805,1.35,0
Jake McGee,34.0,53.0,0.0,0.0,0.0,46.1,53.0,28.5,41.0,13.5,10.5,1.0,3.0,0.5,2.0,9.0,5.42,1.43,2
Jake Newberry,25.0,20.5,0.0,0.0,0.0,22.05,21.0,10.0,20.0,12.5,5.0,1.5,0.0,0.0,0.5,2.5,4.25,1.5499999999999998,1
Jake Odorizzi,30.0,31.0,31.0,0.0,0.0,161.55,145.0,72.0,170.0,61.5,18.0,11.0,8.5,0.0,0.0,0.0,4.0,1.275,0
Jake Petricka,32.0,23.5,0.0,0.0,0.0,26.6,32.5,13.0,22.0,11.0,3.0,1.5,0.5,0.0,0.0,0.5,3.955,1.5699999999999998,1
Jake Thompson,26.0,9.0,0.0,0.0,0.0,16.1,14.0,9.0,14.0,11.0,1.0,1.0,0.0,2.0,0.0,0.0,4.96,1.53,1
Jalen Beeks,27.0,20.0,1.75,0.0,0.0,64.6,70.5,32.75,55.0,26.0,7.5,4.25,1.75,0.5,0.0,1.0,6.469999999999999,1.6825,2
James Bourque,27.0,1.0,0.0,0.0,0.0,0.2,3.0,4.0,0.0,2.0,0.0,0.0,0.0,0.0,0.0,0.0,54.0,7.5,1
James Hoyt,33.0,4.5,0.0,0.0,0.0,4.1,3.5,1.0,5.0,1.5,1.0,0.0,0.0,0.0,0.0,0.5,1.08,3.48,1
James Karinchak,25.0,5.0,0.0,0.0,0.0,5.1,3.0,1.0,8.0,1.0,0.0,0.0,0.0,0.0,0.0,0.0,1.69,0.75,1
James Marvel,27.0,4.0,4.0,0.0,0.0,17.1,25.0,16.0,9.0,6.0,4.0,0.0,3.0,0.0,0.0,0.0,8.31,1.79,1
James Norwood,26.0,10.0,0.0,0.0,0.0,10.05,11.5,4.0,10.5,6.5,0.5,0.0,1.0,0.0,0.0,1.0,3.49,1.775,1
James Paxton,31.0,28.5,28.5,1.0,0.5,155.14999999999998,136.0,65.5,197.0,48.5,23.0,13.0,6.0,0.0,0.0,0.0,3.79,1.19,0
James Pazos,29.0,36.0,0.0,0.0,0.0,30.05,27.0,9.0,27.5,9.5,2.5,2.0,0.5,0.0,1.0,11.0,2.31,1.15,1
James Sherfy,28.0,16.0,0.0,0.0,0.0,17.1,15.5,7.5,19.5,7.5,2.5,0.5,0.0,0.5,0.5,0.5,3.7699999999999996,1.315,1
James Shields,38.0,34.0,33.0,0.0,0.0,204.2,190.0,103.0,154.0,78.0,34.0,7.0,16.0,0.0,0.0,0.0,4.53,1.31,0
Jameson Taillon,28.0,19.5,19.5,1.5,0.5,114.05,106.5,42.5,104.5,27.0,12.0,8.0,6.5,0.0,0.0,0.0,3.65,1.1549999999999998,2
Jandel Gustave,27.0,23.0,0.0,0.0,0.0,24.1,18.0,8.0,14.0,9.0,1.0,0.0,0.0,1.0,1.0,4.0,2.96,1.11,1
Jared Hughes,35.0,54.0,0.0,0.0,0.0,56.875,42.75,16.5,43.0,18.25,5.25,3.25,2.75,3.75,2.75,10.25,2.9725,1.08,2
Jarlin Garcia,27.0,41.0,3.5,0.0,0.0,58.1,49.5,26.5,39.5,22.0,10.0,3.5,2.5,0.0,0.5,4.0,3.965,1.215,2
Jason Adam,29.0,27.0,0.0,0.0,0.0,26.65,22.5,14.5,27.5,12.5,5.0,1.5,1.5,0.0,1.5,3.0,4.515000000000001,1.27,1
Jason Hammel,38.0,39.0,18.0,0.0,0.0,127.0,168.0,85.0,92.0,39.0,18.0,4.0,14.0,0.0,2.0,1.0,6.02,1.63,0
Jason Vargas,37.0,17.5,17.25,0.25,0.25,83.3,85.25,48.25,73.0,30.75,14.25,5.25,6.75,0.0,0.0,0.0,5.2299999999999995,1.4024999999999999,2
Javy Guerra,32.333333333333336,25.833333333333336,0.0,0.0,0.0,30.16666666666667,33.333333333333336,17.666666666666668,25.5,9.333333333333334,4.166666666666666,1.0,0.6666666666666666,0.8333333333333333,0.0,1.3333333333333335,5.093333333333334,1.3566666666666667,1
Jay Jackson,32.0,28.0,0.0,0.0,0.0,30.1,22.0,15.0,47.0,18.0,6.0,1.0,0.0,0.0,0.0,2.0,4.45,1.32,1
Jeanmar Gomez,32.0,21.0,0.0,0.0,0.0,20.05,26.0,13.5,18.5,8.0,2.5,0.5,1.0,0.0,0.5,3.0,6.45,1.725,1
Jeff Beliveau,33.0,9.0,0.0,0.0,0.0,4.2,7.0,6.0,2.0,5.0,2.0,0.0,0.0,1.0,0.0,0.0,11.57,2.57,1
Jeff Brigham,28.0,18.0,2.0,0.0,0.0,27.1,26.0,15.0,25.5,13.5,5.0,1.5,3.0,0.5,0.5,2.0,5.26,1.54,1
Jeff Hoffman,27.0,10.5,8.0,0.0,0.0,39.1,46.0,30.0,36.5,20.5,10.5,1.0,3.0,0.0,0.0,0.5,7.955,2.065,1
Jeff Samardzija,35.0,21.0,21.0,0.0,0.0,112.65,99.5,51.0,85.0,37.5,17.0,6.0,8.5,0.0,0.0,0.0,4.885,1.37,2
Jeffrey Springs,28.0,21.5,1.0,0.0,0.0,32.05,35.0,17.5,31.5,18.5,4.0,2.5,1.0,0.0,0.5,1.5,4.890000000000001,1.665,1
Jefry Rodriguez,27.0,12.0,8.0,0.0,0.0,49.1,45.5,28.5,36.0,29.0,6.5,2.0,4.0,0.0,0.0,0.0,5.17,1.51,2
Jen-Ho Tseng,25.0,1.0,1.0,0.0,0.0,2.0,4.0,3.0,3.0,0.0,1.0,0.0,0.0,0.0,0.0,0.0,13.5,2.0,1
Jerad Eickhoff,30.0,7.5,5.5,0.0,0.0,31.6,34.0,20.5,31.0,9.0,9.5,1.5,2.5,0.5,0.0,0.0,6.23,1.5899999999999999,1
Jeremy Bleich,33.0,2.0,0.0,0.0,0.0,0.1,2.0,2.0,1.0,0.0,0.0,0.0,0.0,0.0,0.0,0.0,54.0,6.0,1
Jeremy Hellickson,33.0,14.0,13.5,0.0,0.0,65.05,62.5,31.0,47.5,20.0,10.0,3.5,3.0,0.0,0.0,0.0,4.84,1.395,2
Jeremy Jeffress,33.0,60.5,0.0,0.0,0.0,64.1,51.5,20.0,67.5,22.0,5.0,5.5,2.5,8.0,4.0,15.0,3.155,1.1800000000000002,2
Jeremy Walker,25.0,6.0,0.0,0.0,0.0,9.1,9.0,2.0,6.0,4.0,0.0,0.0,0.0,0.0,0.0,0.0,1.93,1.39,1
Jerry Blevins,37.0,54.5,0.5,0.0,0.0,37.150000000000006,30.5,18.5,39.0,19.0,5.5,2.0,1.0,1.0,0.0,9.0,4.375,1.315,1
Jerry Vasto,28.0,3.0,0.0,0.0,0.0,1.7000000000000002,3.0,2.0,2.0,1.0,0.5,0.0,0.5,0.0,0.0,0.5,21.475,3.545,1
Jesse Biddle,28.0,35.0,0.0,0.0,0.0,36.15,32.0,15.333333333333332,37.833333333333336,19.166666666666668,3.8333333333333335,3.0,0.6666666666666666,0.5,1.6666666666666667,6.166666666666667,6.06,1.7249999999999999,1
Jesse Chavez,37.0,39.5,4.5,0.0,0.0,62.775,62.0,27.75,59.0,15.25,9.25,2.75,3.0,1.75,0.75,5.75,3.59,1.1725,2
Jesse Hahn,31.0,6.0,0.0,0.0,0.0,4.2,7.0,7.0,7.0,6.0,1.0,0.0,1.0,0.0,0.0,0.0,13.5,2.79,1
Jesus Luzardo,22.0,6.0,0.0,0.0,0.0,12.0,5.0,2.0,16.0,3.0,1.0,0.0,0.0,2.0,0.0,2.0,1.5,0.67,1
Jesus Reyes,27.0,5.0,0.0,0.0,0.0,5.2,4.0,2.0,2.0,2.0,1.0,0.0,0.0,0.0,0.0,0.0,3.18,1.06,1
Jesus Tinoco,25.0,24.0,0.0,0.0,0.0,36.0,36.0,19.0,28.0,22.0,12.0,0.0,3.0,1.0,0.0,2.0,4.75,1.61,1
Jeurys Familia,30.0,50.5,0.0,0.0,0.0,47.825,46.0,25.25,52.25,28.0,4.25,4.0,2.5,4.5,3.5,8.75,4.4325,1.475,2
Jhan Marinez,32.0,8.0,0.0,0.0,0.0,8.0,9.0,5.0,3.0,9.0,1.0,0.0,0.0,0.0,0.0,0.0,5.63,2.25,1
Jhoulys Chacin,32.0,23.75,23.5,0.0,0.0,121.69999999999999,105.25,54.75,103.25,47.0,15.25,8.25,7.0,0.0,0.0,0.0,5.0375,1.3624999999999998,0
Jim Johnson,37.0,62.0,1.0,0.0,0.0,63.1,64.0,27.0,45.0,22.0,9.0,5.0,3.0,2.0,3.0,8.0,3.84,1.36,2
Jimmy Cordero,28.0,18.75,0.0,0.0,0.0,18.775,18.0,9.0,13.75,8.75,2.0,0.75,1.25,0.0,0.5,1.0,5.215,1.5375,1
Jimmy Herget,27.0,5.0,0.0,0.0,0.0,6.1,8.0,3.0,0.0,3.0,2.0,0.0,0.0,0.0,0.0,0.0,4.26,1.74,1
Jimmy Nelson,31.0,10.0,3.0,0.0,0.0,22.0,25.0,17.0,26.0,17.0,4.0,0.0,2.0,0.0,0.0,0.0,6.95,1.91,1
Jimmy Yacabonis,28.0,20.5,5.5,0.0,0.0,40.5,45.5,27.5,33.0,21.0,8.5,0.5,2.0,0.0,0.0,1.5,6.1,1.6400000000000001,1
Joakim Soria,36.0,52.0,0.5,0.0,0.0,49.55,38.75,21.75,58.25,14.0,5.5,1.75,3.0,4.5,3.75,13.75,3.8125,1.0775000000000001,2
Joe Biagini,30.0,40.75,2.0,0.0,0.0,52.05,65.75,32.25,41.5,18.5,10.5,2.75,4.0,0.25,0.5,5.5,5.785,1.6824999999999999,2
Joe Harvey,28.0,9.0,0.0,0.0,0.0,9.0,9.0,5.0,8.5,6.5,1.5,0.5,0.0,0.0,0.0,0.0,5.0649999999999995,1.7149999999999999,1
Joe Jimenez,25.0,67.0,0.0,0.0,0.0,60.7,54.5,29.5,80.0,22.5,9.0,4.5,5.5,6.0,4.5,19.0,4.34,1.26,2
Joe Kelly,32.0,64.0,0.0,0.0,0.0,58.150000000000006,53.0,29.0,65.0,27.0,5.0,4.5,3.0,1.5,5.0,14.5,4.475,1.37,2
Joe Mantiply,29.0,1.0,0.0,0.0,0.0,3.0,3.0,3.0,2.0,2.0,1.0,1.0,0.0,0.0,0.0,0.0,9.0,1.67,1
Joe Musgrove,27.0,25.5,25.0,0.0,0.0,142.6,140.5,68.0,128.5,31.0,16.5,8.5,10.5,0.0,0.0,0.5,4.25,1.2,0
Joe Palumbo,25.0,7.0,4.0,0.0,0.0,16.2,21.0,17.0,21.0,8.0,7.0,0.0,3.0,0.0,0.0,0.0,9.18,1.74,1
Joe Ross,27.0,15.0,6.0,0.0,0.0,40.0,45.5,24.0,32.0,18.5,5.0,2.0,3.0,0.0,1.0,1.0,5.27,1.49,1
Joe Smith,36.0,42.0,0.0,0.0,0.0,35.1,26.5,12.0,34.0,8.5,4.5,3.0,0.5,0.0,1.5,8.0,2.77,0.985,1
Joel Kuhnel,25.0,11.0,0.0,0.0,0.0,9.2,8.0,5.0,9.0,5.0,1.0,1.0,0.0,0.0,0.0,1.0,4.66,1.34,1
Joel Payamps,26.0,2.0,0.0,0.0,0.0,4.0,4.0,2.0,3.0,3.0,0.0,0.0,0.0,0.0,0.0,0.0,4.5,1.75,1
Joey Krehbiel,27.0,2.0,0.0,0.0,0.0,3.0,1.0,0.0,0.0,2.0,0.0,0.0,0.0,0.0,0.0,0.0,0.0,1.0,1
Joey Lucchesi,27.0,28.0,28.0,0.0,0.0,146.6,134.5,67.5,151.5,49.5,23.0,9.0,9.5,0.0,0.0,0.0,4.13,1.255,0
John Axford,37.0,25.0,0.5,0.0,0.0,27.1,26.0,16.0,27.0,11.0,3.0,2.0,0.5,0.0,0.0,3.0,10.795,1.99,1
John Brebbia,30.0,55.5,0.0,0.0,0.0,61.2,51.0,23.5,73.5,21.5,5.5,3.0,3.5,1.0,0.5,8.5,3.395,1.17,2
John Curtiss,27.0,4.5,0.0,0.0,0.0,4.1,5.0,2.5,4.0,3.5,0.0,0.0,0.5,0.0,0.0,0.0,4.77,2.015,1
John Gant,28.0,45.0,9.5,0.0,0.0,90.05,71.0,35.5,77.5,45.5,6.5,9.0,3.5,1.5,1.5,9.0,3.5650000000000004,1.29,2
John Lamb,30.0,3.0,3.0,0.0,0.0,10.0,15.0,8.0,11.0,4.0,4.0,0.0,1.0,0.0,0.0,0.0,7.2,1.9,1
John Means,27.0,16.0,13.5,0.0,0.0,79.05,72.0,33.5,62.5,19.0,12.0,6.0,5.5,0.0,0.0,0.0,8.55,1.47,2
John Schreiber,26.0,13.0,0.0,0.0,0.0,13.0,16.0,9.0,19.0,4.0,3.0,2.0,0.0,0.0,1.0,1.0,6.23,1.54,1
Johnny Barbato,28.0,7.0,0.0,0.0,0.0,6.2,11.0,9.0,2.0,5.0,3.0,0.0,0.0,0.0,0.0,2.0,12.15,2.4,1
Johnny Cueto,34.0,6.5,6.5,0.0,0.0,34.5,28.5,14.0,25.5,11.0,5.5,2.0,2.0,0.0,0.0,0.0,4.145,1.1800000000000002,1
Jon Duplantier,26.0,15.0,3.0,0.0,0.0,36.2,39.0,18.0,34.0,18.0,2.0,1.0,1.0,1.0,0.0,0.0,4.42,1.55,1
Jon Edwards,32.0,9.0,0.0,0.0,0.0,8.1,5.5,2.5,7.5,5.0,2.0,1.0,0.0,0.0,0.0,0.0,2.685,1.265,1
Jon Gray,28.0,28.5,28.0,0.0,0.0,161.05,163.5,81.0,166.5,54.0,23.0,11.5,8.5,0.0,0.0,0.0,4.48,1.35,0
Jon Lester,36.0,31.5,31.5,0.0,0.0,176.2,189.5,76.0,157.0,58.0,25.0,15.5,8.0,0.0,0.0,0.0,3.8899999999999997,1.405,0
Jonathan Hernandez,24.0,9.0,2.0,0.0,0.0,16.2,14.0,8.0,19.0,13.0,3.0,2.0,1.0,0.0,0.0,1.0,4.32,1.62,1
Jonathan Holder,27.0,47.0,1.0,0.0,0.0,53.55,48.0,26.0,53.0,15.0,6.0,3.0,2.5,0.0,1.0,5.5,4.725,1.2000000000000002,2
Jonathan Loaisiga,25.0,12.0,4.0,0.0,0.0,27.7,28.5,15.0,35.0,14.0,4.5,2.0,1.0,0.0,0.5,0.0,4.83,1.51,1
Jonny Venters,35.0,15.5,0.25,0.0,0.0,10.350000000000001,9.5,6.25,9.75,6.5,1.0,1.25,0.75,1.0,0.5,4.25,7.539999999999999,1.895,1
Jordan Hicks,24.0,51.0,0.0,0.0,0.0,52.7,37.5,20.5,50.5,28.0,2.0,2.5,3.0,10.0,4.0,14.0,3.365,1.1400000000000001,2
Jordan Lyles,29.0,15.75,9.0,0.0,0.0,56.875,53.5,26.25,57.5,20.75,9.25,3.75,3.0,0.0,0.0,0.5,3.8525,1.2825,2
Jordan Montgomery,27.0,4.0,3.5,0.0,0.0,15.55,16.0,7.0,14.0,6.0,2.0,1.0,0.0,0.0,0.0,0.0,5.1850000000000005,1.55,1
Jordan Romano,27.0,17.0,0.0,0.0,0.0,15.1,17.0,13.0,21.0,9.0,4.0,0.0,2.0,0.0,0.0,5.0,7.63,1.7,1
Jordan Yamamoto,24.0,15.0,15.0,0.0,0.0,78.2,54.0,39.0,82.0,36.0,11.0,4.0,5.0,0.0,0.0,0.0,4.46,1.14,2
Jordan Zimmermann,34.0,24.0,24.0,0.0,0.0,121.55,142.5,76.0,96.5,25.5,23.5,4.0,10.5,0.0,0.0,0.0,5.715,1.3900000000000001,0
Jorge Alcala,25.0,2.0,0.0,0.0,0.0,1.2,1.0,0.0,1.0,1.0,0.0,0.0,0.0,0.0,0.0,0.0,0.0,1.2,1
Jorge De La Rosa,39.0,29.5,0.0,0.0,0.0,28.0,25.5,10.5,23.5,13.5,3.0,0.0,1.0,0.5,0.5,4.5,2.96,1.3250000000000002,1
Jorge Lopez,27.0,23.75,10.75,0.0,0.0,74.9,84.25,51.0,64.0,26.5,15.0,2.5,5.75,0.5,0.5,0.0,5.4399999999999995,1.47,2
Jose Alvarado,25.0,52.5,0.5,0.0,0.0,47.0,35.5,16.5,59.5,28.0,1.5,1.0,6.0,7.5,3.0,20.0,3.5949999999999998,1.4900000000000002,2
Jose Alvarez,31.0,71.5,0.5,0.0,0.0,61.0,58.5,20.5,55.0,20.0,5.5,4.5,4.0,1.0,2.5,15.0,3.035,1.29,2
Jose Berrios,26.0,32.0,32.0,1.5,0.5,196.1,176.5,82.0,198.5,56.0,25.5,13.0,9.5,0.0,0.0,0.0,3.76,1.18,0
Jose Castillo,24.0,19.0,0.0,0.0,0.0,19.150000000000002,11.5,7.0,27.0,6.5,1.5,1.5,1.5,0.0,0.5,6.0,1.645,1.205,1
Jose Cisnero,31.0,35.0,0.0,0.0,0.0,35.1,35.0,17.0,40.0,19.0,5.0,0.0,4.0,0.0,2.0,4.0,4.33,1.53,1
Jose De Leon,28.0,3.0,0.0,0.0,0.0,4.0,3.0,1.0,7.0,3.0,0.0,1.0,0.0,0.0,0.0,0.0,2.25,1.5,1
Jose Fernandez,27.0,8.5,0.0,0.0,0.0,6.65,8.0,7.0,4.0,4.5,1.5,0.0,0.0,0.0,0.0,1.0,11.64,2.175,1
Jose Leclerc,26.0,64.5,1.5,0.0,0.0,62.7,38.0,21.5,92.5,32.0,4.0,2.0,3.5,13.0,4.0,11.0,2.9450000000000003,1.09,2
Jose Quijada,24.0,34.0,0.0,0.0,0.0,29.2,27.0,19.0,44.0,26.0,10.0,2.0,3.0,1.0,1.0,4.0,5.76,1.79,1
Jose Quintana,31.0,32.0,31.5,0.0,0.0,172.55,176.5,83.5,155.0,57.0,22.5,13.0,10.0,0.0,0.0,0.0,4.355,1.355,0
Jose Ramirez,30.0,7.0,0.0,0.0,0.0,6.1,9.0,12.0,7.0,8.0,0.0,0.0,2.0,0.0,0.0,0.0,17.05,2.68,1
Jose Rodriguez,25.0,9.0,1.0,0.0,0.0,19.2,17.0,6.0,13.0,11.0,5.0,0.0,1.0,0.0,0.0,0.0,2.75,1.42,1
Jose Ruiz,25.0,23.0,0.5,0.0,0.0,22.05,30.5,13.5,20.5,13.5,3.5,0.5,2.0,0.0,0.5,0.5,4.890000000000001,1.925,1
Jose Suarez,22.0,19.0,15.0,0.0,0.0,81.0,100.0,64.0,72.0,33.0,23.0,2.0,6.0,0.0,0.0,0.0,7.11,1.64,2
Jose Urena,29.0,27.5,22.0,0.5,0.0,129.1,127.0,63.0,96.0,38.5,16.0,6.5,11.0,1.5,1.0,0.0,4.595,1.33,0
Jose Urquidy,25.0,9.0,7.0,0.0,0.0,41.0,38.0,18.0,40.0,7.0,6.0,2.0,1.0,0.0,0.0,0.0,3.95,1.1,1
Jose Valdez,30.0,4.0,0.0,0.0,0.0,5.0,8.0,7.0,4.0,1.0,3.0,0.0,0.0,0.0,0.0,0.0,12.6,1.8,1
Josh A. Smith,33.0,18.0,2.0,0.0,0.0,31.0,36.0,20.0,29.0,8.0,10.0,0.0,3.0,1.0,1.0,0.0,5.81,1.42,1
Josh D. Smith,30.0,7.0,0.0,0.0,0.0,6.1,5.5,4.5,7.0,5.5,0.0,0.0,0.0,0.0,0.0,0.0,6.855,1.65,1
Josh Fields,35.0,45.0,0.0,0.0,0.0,41.0,28.0,10.0,33.0,11.0,4.0,2.0,2.0,2.0,1.0,8.0,2.2,0.95,1
Josh Hader,26.0,58.0,0.0,0.0,0.0,78.15,38.5,22.0,140.5,25.0,12.0,4.5,3.0,24.5,6.0,14.0,2.5250000000000004,0.81,2
Josh Lucas,29.0,8.5,0.5,0.0,0.0,14.649999999999999,15.0,10.0,15.0,8.0,1.5,0.0,0.0,0.5,0.0,0.0,6.01,1.54,1
Josh Osich,32.0,34.5,0.0,0.0,0.0,39.6,41.0,23.0,35.5,11.0,8.5,2.0,0.0,0.0,1.0,2.0,6.455,1.6949999999999998,1
Josh Ravin,32.0,2.0,0.0,0.0,0.0,3.0,2.0,2.0,1.0,2.0,0.0,0.0,1.0,0.0,0.0,0.0,6.0,1.33,1
Josh Rogers,26.0,4.0,1.5,0.0,0.0,12.649999999999999,17.5,12.5,5.5,5.5,4.5,0.5,1.5,0.0,0.0,0.0,8.64,1.7799999999999998,1
Josh Sborz,26.0,7.0,0.0,0.0,0.0,9.0,10.0,8.0,7.0,4.0,2.0,0.0,1.0,0.0,0.0,0.0,8.0,1.56,1
Josh Smoker,31.0,4.0,0.0,0.0,0.0,3.2,5.5,3.5,2.0,3.5,1.0,0.0,0.0,0.0,0.5,0.0,5.56,2.01,1
Josh Staumont,26.0,16.0,0.0,0.0,0.0,19.1,21.0,8.0,15.0,10.0,4.0,0.0,0.0,0.0,1.0,0.0,3.72,1.6,1
Josh Taylor,27.0,52.0,1.0,0.0,0.0,47.1,40.0,16.0,62.0,16.0,5.0,2.0,2.0,0.0,1.0,4.0,3.04,1.18,2
Josh Tomlin,35.0,41.5,5.0,0.0,0.0,74.6,87.0,40.5,48.5,9.5,19.5,2.0,3.0,1.0,1.0,4.0,4.9399999999999995,1.3,2
Joshua James,27.0,27.5,2.0,0.0,0.0,42.05,30.5,19.0,64.5,21.0,6.5,3.5,0.5,0.5,1.0,4.0,3.5250000000000004,1.1400000000000001,2
Juan Minaya,30.0,37.0,0.0,0.0,0.0,36.7,35.0,14.5,42.5,20.5,3.5,1.0,1.0,0.5,1.5,4.0,3.59,1.505,1
Juan Nicasio,34.0,46.5,0.0,0.0,0.0,44.55,55.0,26.5,49.0,13.0,5.0,1.5,4.5,1.0,3.5,14.5,5.375,1.515,2
Julio Teheran,29.0,32.0,32.0,0.0,0.0,174.7,135.0,75.5,162.0,83.5,24.0,9.5,10.0,0.0,0.0,0.0,3.875,1.245,0
Julio Urias,24.0,20.0,4.0,0.0,0.0,41.6,30.0,11.0,46.0,13.5,3.5,2.0,1.5,2.0,0.5,2.5,1.245,0.665,1
Junichi Tazawa,34.0,15.5,0.0,0.0,0.0,14.0,17.5,11.0,14.0,8.0,3.5,0.5,0.5,0.0,0.0,1.0,5.625,1.65,1
Junior Fernandez,23.0,13.0,0.0,0.0,0.0,11.2,9.0,7.0,16.0,6.0,2.0,0.0,1.0,0.0,3.0,0.0,5.4,1.29,1
Junior Guerra,35.0,51.5,13.0,0.0,0.0,112.1,100.5,48.5,106.5,45.5,15.0,7.5,7.0,1.5,4.0,11.0,3.82,1.26,2
Justin Anderson,27.0,55.5,0.0,0.0,0.0,51.05,42.0,27.0,63.5,36.0,4.5,3.0,1.5,2.5,1.5,16.5,4.8100000000000005,1.525,2
Justin Dunn,25.0,4.0,4.0,0.0,0.0,6.2,2.0,2.0,5.0,9.0,0.0,0.0,0.0,0.0,0.0,0.0,2.7,1.65,1
Justin Grimm,31.0,10.5,0.0,0.0,0.0,8.2,9.5,10.0,5.5,7.0,1.5,0.5,1.5,0.0,1.0,1.5,7.715,1.4400000000000002,1
Justin Haley,29.0,4.0,0.0,0.0,0.0,7.2,10.0,4.0,0.0,3.0,2.0,0.0,0.0,0.0,0.0,0.0,4.7,1.7,1
Justin Hancock,29.0,10.0,0.0,0.0,0.0,12.1,5.0,2.0,11.0,9.0,1.0,0.0,0.0,0.0,0.0,0.0,1.46,1.14,1
Justin Miller,33.0,34.0,0.0,0.0,0.0,33.65,29.0,14.0,35.5,10.5,7.5,4.0,0.5,1.0,1.0,7.5,3.8149999999999995,1.205,1
Justin Shafer,28.0,20.0,0.0,0.0,0.0,23.650000000000002,23.5,10.0,20.5,16.0,3.5,1.0,0.5,0.5,0.0,1.5,3.55,1.6099999999999999,1
Justin Verlander,37.0,34.0,34.0,1.5,1.0,218.5,146.5,62.0,295.0,39.5,32.0,18.5,7.5,0.0,0.0,0.0,2.55,0.8500000000000001,0
Justin Wilson,33.0,58.0,0.0,0.0,0.0,46.6,39.0,16.0,56.5,26.0,4.5,4.0,3.5,2.0,2.0,12.5,3.0,1.38,2
Justus Sheffield,24.0,5.5,3.5,0.0,0.0,19.1,24.0,12.5,18.5,10.5,3.0,0.0,0.5,0.0,0.0,0.0,7.815,2.175,1
Kazuhisa Makita,35.0,27.0,0.0,0.0,0.0,35.0,32.0,21.0,37.0,12.0,7.0,0.0,1.0,0.0,0.0,2.0,5.4,1.26,1
Kelvin Herrera,30.0,40.5,0.0,0.0,0.0,36.4,40.75,20.5,36.0,14.0,5.5,2.0,2.25,4.75,1.5,3.5,4.4174999999999995,1.4425,1
Ken Giles,30.0,40.25,0.0,0.0,0.0,38.85,31.5,12.0,54.75,10.25,4.0,1.0,2.25,18.0,0.5,0.25,3.2125,1.0975000000000001,1
Kendall Graveman,29.0,7.0,7.0,0.0,0.0,34.1,44.0,29.0,27.0,13.0,9.0,1.0,5.0,0.0,0.0,0.0,7.6,1.66,1
Kenley Jansen,32.0,65.5,0.0,0.0,0.0,67.1,52.5,25.0,81.0,16.5,11.0,3.0,4.0,35.5,6.0,0.0,3.36,1.025,2
Kenta Maeda,32.0,38.0,23.0,0.0,0.0,139.14999999999998,114.5,61.0,161.0,47.0,17.5,9.0,9.0,2.5,0.0,4.5,3.925,1.165,0
Keone Kela,27.0,29.5,0.0,0.0,0.0,27.425,19.0,8.25,33.0,10.25,2.75,1.75,1.0,6.5,2.5,4.0,2.6525,1.0375,1
Keury Mella,27.0,3.0,0.0,0.0,0.0,6.15,9.0,6.0,6.0,5.0,2.0,0.0,0.0,0.0,0.0,0.0,8.02,2.08,1
Kevin Gausman,29.0,15.5,12.0,0.0,0.0,71.32499999999999,75.5,36.25,65.5,20.5,10.25,3.25,5.0,0.0,0.0,0.5,4.38,1.2925,2
Kevin Ginkel,26.0,25.0,0.0,0.0,0.0,24.1,15.0,4.0,28.0,9.0,2.0,3.0,0.0,2.0,0.0,9.0,1.48,0.99,1
Kevin Jepsen,36.0,21.0,0.0,0.0,0.0,16.2,15.0,11.0,8.0,11.0,4.0,0.0,3.0,0.0,0.0,3.0,5.94,1.56,1
Kevin McCarthy,28.0,60.5,0.0,0.0,0.0,66.05,69.0,28.0,42.0,20.5,5.5,4.5,3.0,0.5,4.0,11.5,3.865,1.365,2
Kevin Quackenbush,31.0,10.0,0.0,0.0,0.0,9.0,13.0,11.0,7.0,6.0,3.0,0.0,1.0,0.0,0.0,0.0,11.0,2.11,1
Kevin Shackelford,31.0,5.0,0.0,0.0,0.0,8.0,13.0,7.0,7.0,4.0,0.0,0.0,1.0,0.0,1.0,0.0,7.88,2.13,1
Keynan Middleton,27.0,13.5,0.0,0.0,0.0,12.2,9.0,2.5,11.0,8.0,0.5,0.0,0.0,3.0,0.5,1.0,1.605,1.365,1
Kirby Yates,33.0,62.5,0.0,0.0,0.0,61.6,41.0,11.5,95.5,15.0,4.0,2.5,4.0,26.5,2.0,8.0,1.665,0.905,2
Koda Glover,27.0,21.0,0.0,0.0,0.0,16.1,13.0,6.0,9.0,10.0,1.0,1.0,3.0,1.0,0.0,5.0,3.31,1.41,1
Kohl Stewart,25.0,8.5,3.0,0.0,0.0,30.650000000000002,31.5,16.5,17.0,13.0,3.0,2.0,1.5,0.0,0.0,0.5,5.035,1.44,1
Kolby Allard,23.0,6.0,5.0,0.0,0.0,26.55,35.5,18.0,18.0,11.5,3.0,2.5,1.5,0.0,0.0,0.0,8.67,2.225,1
Kris Medlen,34.0,1.0,1.0,0.0,0.0,4.0,9.0,7.0,4.0,4.0,0.0,0.0,1.0,0.0,0.0,0.0,15.75,3.25,1
Kyle Barraclough,30.0,41.25,0.0,0.0,0.0,35.900000000000006,29.5,18.25,40.0,22.25,6.25,0.75,3.5,5.0,4.25,7.0,4.327500000000001,1.54,1
Kyle Bird,27.0,12.0,0.0,0.0,0.0,12.2,11.0,11.0,10.0,15.0,5.0,0.0,0.0,1.0,0.0,0.0,7.82,2.05,1
Kyle Crick,27.0,58.0,0.0,0.0,0.0,54.55,43.0,21.5,63.0,29.0,6.5,3.0,4.5,1.0,3.5,15.0,3.675,1.3399999999999999,2
Kyle Crockett,28.0,15.0,0.0,0.0,0.0,9.1,16.0,6.0,11.0,2.0,1.0,1.0,0.0,0.0,0.0,1.0,5.79,1.93,1
Kyle Dowdy,27.0,13.0,1.0,0.0,0.0,22.1,26.0,18.0,17.0,18.0,4.0,2.0,1.0,0.0,1.0,0.0,7.25,1.97,1
Kyle Freeland,27.0,27.5,27.5,0.0,0.0,153.1,154.0,71.0,126.0,54.5,21.0,10.0,9.0,0.0,0.0,0.0,4.79,1.415,0
Kyle Gibson,32.0,33.0,30.5,0.0,0.0,178.1,176.0,82.5,169.5,67.5,23.0,11.5,10.0,0.0,0.5,1.0,4.23,1.37,0
Kyle Hendricks,30.0,31.5,31.5,0.5,0.5,188.0,176.0,72.0,155.5,38.0,20.5,12.5,10.5,0.0,0.0,0.0,3.45,1.14,0
Kyle Keller,27.0,10.0,0.0,0.0,0.0,10.2,5.0,4.0,11.0,8.0,3.0,0.0,0.0,0.0,0.0,0.0,3.38,1.22,1
Kyle McGowin,28.0,6.0,1.0,0.0,0.0,11.6,14.0,11.5,13.0,4.5,4.5,0.0,0.0,0.5,0.0,0.0,8.0,1.5299999999999998,1
Kyle McGrath,28.0,4.0,0.0,0.0,0.0,4.0,3.0,2.0,4.0,3.0,2.0,0.0,0.0,0.0,0.0,0.0,4.5,1.5,1
Kyle Ryan,28.0,73.0,0.0,0.0,0.0,61.0,55.0,24.0,58.0,29.0,5.0,4.0,2.0,0.0,2.0,14.0,3.54,1.38,2
Kyle Wright,24.0,5.5,2.0,0.0,0.0,12.6,14.0,11.0,11.5,9.5,3.0,0.0,1.5,0.0,0.0,0.0,6.595,1.775,1
Kyle Zimmer,29.0,15.0,0.0,0.0,0.0,18.1,28.0,22.0,18.0,19.0,2.0,0.0,1.0,0.0,0.0,0.0,10.8,2.56,1
Lance Lynn,33.0,24.25,23.75,0.0,0.0,143.1,138.25,63.25,163.25,48.5,14.0,10.5,8.0,0.0,0.0,0.0,4.145,1.35,0
Lance McCullers,26.0,25.0,22.0,0.0,0.0,128.1,100.0,55.0,142.0,50.0,12.0,10.0,6.0,0.0,0.0,1.0,3.86,1.17,0
Lewis Thorpe,24.0,12.0,2.0,0.0,0.0,27.2,38.0,19.0,31.0,10.0,3.0,3.0,2.0,0.0,2.0,1.0,6.18,1.73,1
Liam Hendriks,31.0,50.0,5.0,0.0,0.0,54.5,43.0,14.0,73.0,15.5,4.0,2.0,2.5,12.5,3.5,4.0,2.965,1.21,2
Locke St. John,27.0,7.0,0.0,0.0,0.0,6.2,7.0,4.0,5.0,4.0,0.0,0.0,0.0,0.0,0.0,2.0,5.4,1.65,1
Logan Allen,23.0,4.5,2.0,0.0,0.0,13.600000000000001,18.0,9.5,8.5,6.5,2.0,1.0,1.5,0.0,0.0,0.0,3.375,1.5550000000000002,1
Logan Webb,23.0,8.0,8.0,0.0,0.0,39.2,44.0,23.0,37.0,14.0,5.0,2.0,3.0,0.0,0.0,0.0,5.22,1.46,1
Lou Trivino,28.0,65.0,0.5,0.0,0.0,67.0,57.0,29.5,69.5,31.0,7.5,6.0,4.5,2.0,5.0,20.5,4.085,1.335,2
Louis Coleman,34.0,51.0,0.0,0.0,0.0,51.1,43.0,20.0,41.0,24.0,5.0,4.0,1.0,0.0,3.0,6.0,3.51,1.31,2
Lucas Giolito,26.0,30.5,30.5,1.5,1.0,174.64999999999998,148.5,92.5,176.5,73.5,25.5,12.0,11.0,0.0,0.0,0.0,4.77,1.27,0
Lucas Sims,26.0,14.25,2.0,0.0,0.0,25.3,19.25,14.25,32.5,12.75,4.75,1.0,0.5,0.0,0.25,1.5,5.9475,1.44,1
Luis Avilan,31.0,40.0,0.0,0.0,0.0,27.1,27.5,13.75,27.75,11.5,3.25,2.5,0.25,0.5,0.75,3.75,4.29,1.4275,1
Luis Castillo,27.0,31.5,31.5,0.0,0.0,179.7,148.5,76.5,195.5,64.0,25.0,12.5,10.0,0.0,0.0,0.0,3.8499999999999996,1.18,0
Luis Cessa,28.0,29.5,2.5,0.0,0.0,62.6,63.0,31.5,57.0,22.0,9.5,1.5,2.5,1.5,0.0,2.0,4.675000000000001,1.37,2
Luis Escobar,24.0,4.0,0.0,0.0,0.0,5.2,10.0,5.0,2.0,4.0,1.0,0.0,0.0,0.0,0.0,0.0,7.94,2.47,1
Luis Garcia,33.0,61.5,1.0,0.0,0.0,54.0,55.0,30.5,54.0,25.5,8.5,2.5,1.0,1.0,2.5,9.5,5.21,1.49,2
Luis Ortiz,25.0,1.5,1.0,0.0,0.0,2.6,5.5,4.0,1.5,4.0,1.0,0.0,1.0,0.0,0.0,0.0,13.115,3.495,1
Luis Perdomo,27.0,29.5,5.5,0.0,0.0,58.1,65.5,33.5,47.0,20.0,5.0,1.5,5.0,0.0,0.5,3.5,5.525,1.545,2
Luis Santos,29.0,15.0,1.0,0.0,0.0,20.0,26.0,16.0,24.0,10.0,4.0,1.0,1.0,0.0,0.0,0.0,7.2,1.8,1
Luis Severino,26.0,17.5,17.5,0.5,0.5,101.55,89.5,37.0,118.5,26.0,9.5,10.0,4.5,0.0,0.0,0.0,2.4450000000000003,1.0699999999999998,2
Luiz Gohara,24.0,9.0,1.0,0.0,0.0,19.2,16.0,13.0,18.0,8.0,3.0,0.0,1.0,1.0,0.0,0.0,5.95,1.22,1
Luke Bard,29.0,20.0,1.5,0.0,0.0,30.1,25.5,16.5,26.5,9.0,6.0,1.5,1.5,0.0,0.5,0.5,5.09,1.195,1
Luke Farrell,29.0,14.5,1.5,0.0,0.0,22.1,18.0,11.0,25.5,9.5,5.0,2.0,2.0,0.0,0.5,0.5,3.935,1.075,1
Luke Gregerson,36.0,11.5,0.0,0.0,0.0,8.7,12.5,7.5,7.0,3.5,1.0,0.0,0.0,0.0,0.0,1.0,7.525,1.85,1
Luke Jackson,29.0,52.5,0.0,0.0,0.0,56.2,58.5,25.5,76.0,23.5,6.5,5.0,2.0,9.5,4.0,6.0,4.135,1.46,2
Luke Weaver,27.0,21.0,18.5,0.0,0.0,100.1,102.5,48.0,95.0,34.0,12.5,5.5,7.0,0.0,0.0,0.0,3.9450000000000003,1.2850000000000001,2
Madison Bumgarner,31.0,27.5,27.5,0.0,0.0,168.2,154.5,68.5,156.0,43.0,22.0,7.5,8.0,0.0,0.0,0.0,3.58,1.185,0
Manny Banuelos,29.0,16.0,8.0,0.0,0.0,50.2,60.0,39.0,44.0,33.0,12.0,3.0,4.0,0.0,0.0,0.0,6.93,1.84,2
Marc Rzepczynski,35.0,11.5,0.0,0.0,0.0,4.7,8.0,4.0,5.5,5.0,1.0,0.0,0.5,0.0,0.5,2.5,4.695,2.185,1
Marco Estrada,37.0,16.5,16.5,0.0,0.0,83.19999999999999,89.0,54.0,57.0,29.0,18.0,3.5,8.0,0.0,0.0,0.0,6.244999999999999,1.37,2
Marco Gonzales,28.0,31.5,31.5,0.5,0.0,184.6,191.0,82.0,146.0,44.0,20.0,14.5,11.0,0.0,0.0,0.0,3.995,1.2650000000000001,0
Marcus Stroman,29.0,17.5,17.5,0.0,0.0,96.9,103.25,48.0,78.25,32.5,9.0,4.5,7.75,0.0,0.0,0.0,4.452500000000001,1.415,2
Marcus Walden,32.0,39.0,0.0,0.0,0.0,46.1,37.5,19.5,45.0,17.5,3.0,4.5,1.0,1.5,2.0,3.5,3.745,1.1749999999999998,2
Mark Leiter,29.0,10.0,0.0,0.0,0.0,11.2,17.5,10.0,11.0,6.0,3.5,0.0,0.5,0.0,0.0,0.5,9.45,2.175,1
Mark Melancon,35.0,37.0,0.0,0.0,0.0,36.275,41.75,13.75,32.5,11.5,2.0,1.75,2.5,4.5,2.0,5.25,3.455,1.4300000000000002,1
Martin Perez,29.0,27.0,22.0,0.0,0.0,125.1,150.0,76.5,93.5,51.5,19.5,6.0,7.0,0.0,0.5,1.0,5.67,1.65,0
Masahiro Tanaka,31.0,29.5,29.0,1.0,1.0,169.0,163.5,77.5,154.0,37.5,26.5,11.5,7.5,0.0,0.0,0.0,4.1,1.185,0
Matt Albers,37.0,50.5,0.0,0.0,0.0,46.650000000000006,49.0,31.0,44.5,20.5,9.0,5.5,4.5,2.5,1.5,8.5,6.234999999999999,1.5150000000000001,2
Matt Andriese,31.0,37.25,1.25,0.0,0.0,54.650000000000006,57.0,30.0,59.0,19.75,7.75,3.25,4.25,0.5,1.5,2.5,5.6225000000000005,1.4775,2
Matt Barnes,30.0,66.0,0.0,0.0,0.0,62.65,49.0,26.0,103.0,34.5,6.5,5.5,4.0,2.0,5.5,26.0,3.715,1.3199999999999998,2
Matt Belisle,40.0,16.5,0.0,0.0,0.0,16.7,24.5,15.0,12.5,5.5,3.0,0.5,0.5,0.0,0.5,0.5,7.095000000000001,1.525,1
Matt Bowman,29.0,24.5,0.0,0.0,0.0,27.5,28.0,14.5,25.5,12.0,3.0,1.0,1.0,0.0,1.0,2.5,4.96,1.495,1
Matt Boyd,29.0,32.0,32.0,0.0,0.0,185.1,178.0,94.0,238.0,50.0,39.0,9.0,12.0,0.0,0.0,0.0,4.56,1.23,0
Matt Bush,34.0,21.0,0.0,0.0,0.0,23.0,23.0,12.0,19.0,14.0,3.0,0.0,0.0,0.0,0.0,3.0,4.7,1.61,1
Matt Carasiti,29.0,11.0,5.0,0.0,0.0,9.2,11.0,5.0,10.0,5.0,2.0,0.0,1.0,0.0,0.0,0.0,4.66,1.66,1
Matt Festa,27.0,14.0,0.5,0.0,0.0,15.100000000000001,16.5,8.0,12.5,7.0,2.5,0.0,1.0,0.0,1.0,2.0,3.9,1.615,1
Matt Grace,31.0,53.5,0.5,0.0,0.0,52.7,58.0,26.0,41.5,11.5,8.0,1.0,1.5,0.0,0.0,6.0,4.615,1.33,2
Matt Hall,27.0,10.5,0.0,0.0,0.0,15.55,23.5,16.5,16.0,9.0,2.5,0.0,0.5,0.0,0.5,0.0,11.17,2.295,1
Matt Harvey,31.0,14.0,13.0,0.0,0.0,68.35,72.75,44.75,52.25,23.75,13.25,3.25,4.75,0.0,0.0,0.0,6.42,1.4725000000000001,2
Matt Koch,29.0,14.0,7.0,0.0,0.0,53.2,58.5,30.5,29.5,13.0,13.5,2.5,2.5,0.0,0.0,0.0,6.65,1.435,2
Matt Magill,30.0,32.5,0.0,0.0,0.0,40.650000000000006,41.75,17.75,44.0,16.5,7.25,2.75,2.0,1.25,1.0,3.25,3.925,1.4024999999999999,2
Matt Moore,31.0,20.5,7.0,0.0,0.0,56.0,65.5,38.5,47.5,21.0,9.5,1.5,4.0,0.0,0.5,1.0,3.395,1.03,2
Matt Ramsey,30.0,1.0,0.0,0.0,0.0,1.0,0.0,0.0,1.0,0.0,0.0,0.0,0.0,0.0,0.0,0.0,0.0,0.0,1
Matt Shoemaker,33.0,6.0,6.0,0.0,0.0,29.6,22.5,11.0,28.5,9.5,3.0,2.5,1.0,0.0,0.0,0.0,3.2550000000000003,1.065,1
Matt Strahm,28.0,43.5,10.5,0.0,0.0,87.65,80.0,37.0,93.5,21.5,14.0,4.5,7.5,0.0,0.5,6.5,3.38,1.115,2
Matt Wisler,28.0,15.5,2.75,0.0,0.0,22.6,24.25,12.75,23.75,5.75,4.5,1.0,1.25,0.0,1.0,2.0,4.6875,1.2650000000000001,1
Matt Wotherspoon,28.0,2.0,0.0,0.0,0.0,4.2,10.0,8.0,2.0,2.0,2.0,0.0,0.0,0.0,0.0,0.0,15.43,2.57,1
Matthew Boyd,29.0,31.5,31.5,0.0,0.0,177.6,162.0,88.5,198.5,50.5,33.0,9.0,12.5,0.0,0.0,0.0,4.475,1.1949999999999998,0
Max Fried,26.0,23.5,17.5,0.5,0.0,99.19999999999999,100.0,42.5,108.5,33.5,12.0,9.0,5.0,0.0,0.0,0.5,3.4799999999999995,1.35,2
Max Scherzer,36.0,30.0,30.0,1.0,0.5,196.14999999999998,147.0,59.0,271.5,42.0,20.5,14.5,7.0,0.0,0.0,0.0,2.7249999999999996,0.97,0
Merandy Gonzalez,24.0,8.0,1.0,0.0,0.0,22.0,31.0,14.0,19.0,8.0,4.0,2.0,1.0,0.0,0.0,0.0,5.73,1.77,1
Merrill Kelly,31.0,32.0,32.0,0.0,0.0,183.1,184.0,90.0,158.0,57.0,29.0,13.0,14.0,0.0,0.0,0.0,4.42,1.31,0
Michael Blazek,31.0,4.0,0.0,0.0,0.0,5.0,6.0,4.0,0.0,5.0,1.0,0.0,0.0,0.0,0.0,0.0,7.2,2.2,1
Michael Feliz,27.0,52.5,0.5,0.0,0.0,51.650000000000006,46.5,27.5,64.0,25.0,8.5,2.5,3.0,0.0,1.5,7.5,4.825,1.385,2
Michael Fiers,35.0,33.0,33.0,1.0,1.0,184.2,166.0,80.0,126.0,53.0,30.0,15.0,4.0,0.0,0.0,0.0,3.9,1.19,0
Michael Fulmer,27.0,24.0,24.0,0.0,0.0,132.1,128.0,69.0,110.0,46.0,19.0,3.0,12.0,0.0,0.0,0.0,4.69,1.31,0
Michael King,25.0,1.0,0.0,0.0,0.0,2.0,2.0,0.0,1.0,0.0,0.0,0.0,0.0,0.0,0.0,0.0,0.0,1.0,1
Michael Kopech,24.0,4.0,4.0,0.0,0.0,14.1,20.0,8.0,15.0,2.0,4.0,1.0,1.0,0.0,0.0,0.0,5.02,1.53,1
Michael Lorenzen,28.0,59.0,1.5,0.0,0.0,82.05,73.0,27.5,69.5,31.0,7.5,2.5,3.0,4.0,2.5,14.5,3.0149999999999997,1.265,2
Michael Pineda,31.0,26.0,26.0,0.0,0.0,146.0,141.0,65.0,140.0,28.0,23.0,11.0,5.0,0.0,0.0,0.0,4.01,1.16,0
Michael Wacha,29.0,22.0,19.5,0.0,0.0,105.15,105.5,48.5,87.5,45.5,17.5,7.0,4.5,0.0,0.0,0.0,3.98,1.395,2
Michel Baez,24.0,24.0,1.0,0.0,0.0,29.2,25.0,10.0,28.0,14.0,3.0,1.0,1.0,0.0,0.0,0.0,3.03,1.31,1
Miguel Almonte,27.0,8.0,0.0,0.0,0.0,7.0,9.0,8.0,7.0,3.0,1.0,0.0,0.0,0.0,0.0,0.0,10.29,1.71,1
Miguel Castro,25.0,64.0,0.5,0.0,0.0,79.6,69.0,38.0,64.0,45.5,9.5,1.5,5.0,1.0,2.5,7.0,4.3100000000000005,1.435,2
Miguel Del Pozo,27.0,17.0,0.0,0.0,0.0,9.1,10.0,11.0,11.0,8.0,3.0,1.0,1.0,0.0,0.0,0.0,10.61,1.93,1
Miguel Diaz,25.0,8.0,0.0,0.0,0.0,12.149999999999999,12.5,7.5,17.0,6.5,1.5,0.5,0.0,0.0,0.0,0.5,5.965,1.54,1
Miguel Gonzalez,36.0,3.0,3.0,0.0,0.0,12.1,24.0,17.0,5.0,6.0,4.0,0.0,3.0,0.0,0.0,0.0,12.41,2.43,1
Miguel Socolovich,34.0,4.0,0.0,0.0,0.0,5.0,8.0,6.0,4.0,2.0,0.0,0.0,1.0,0.0,0.0,0.0,10.8,2.0,1
Mike Clevinger,29.0,26.5,26.5,0.5,0.5,163.0,130.0,52.5,188.0,52.0,15.5,13.0,6.0,0.0,0.0,0.0,2.865,1.1099999999999999,0
Mike Dunn,35.0,26.5,0.0,0.0,0.0,17.1,19.5,15.5,13.5,12.0,2.5,0.5,0.0,0.0,0.5,3.5,8.065,1.8250000000000002,1
Mike Fiers,35.0,15.5,15.0,0.0,0.0,86.0,83.0,34.0,69.5,18.5,16.0,6.0,4.0,0.0,0.0,0.0,3.6100000000000003,1.15,2
Mike Foltynewicz,28.0,26.0,26.0,1.0,0.5,150.0,119.5,58.5,153.5,52.5,20.0,10.5,8.0,0.0,0.0,0.0,3.6950000000000003,1.165,0
Mike Hauschild,30.0,2.0,1.0,0.0,0.0,8.1,7.0,4.0,5.0,4.0,0.0,1.0,1.0,0.0,0.0,0.0,4.32,1.32,1
Mike Leake,32.0,23.5,23.5,0.5,0.25,141.85,160.25,68.5,91.25,23.75,21.75,8.0,7.75,0.0,0.0,0.0,4.335,1.3075,0
Mike Mayers,28.0,33.0,0.0,0.0,0.0,35.1,40.0,20.5,32.5,13.0,5.0,1.0,1.0,0.5,0.0,3.5,5.665,1.555,1
Mike Minor,32.0,30.0,30.0,1.0,0.5,182.55,164.0,78.0,166.0,53.0,27.5,13.0,9.0,0.0,0.0,0.0,3.885,1.1800000000000002,0
Mike Montgomery,31.0,27.25,12.75,0.0,0.0,84.75,93.75,40.0,60.25,28.0,9.5,3.25,5.25,0.0,0.25,0.75,4.5725,1.5175,2
Mike Morin,29.0,14.5,0.0,0.0,0.0,14.55,14.5,8.0,9.5,3.0,1.5,0.25,0.75,0.25,0.75,2.0,5.6175,1.42,1
Mike Shawaryn,26.0,14.0,0.0,0.0,0.0,20.1,26.0,22.0,29.0,13.0,5.0,0.0,0.0,0.0,0.0,0.0,9.74,1.92,1
Mike Soroka,23.0,17.0,17.0,0.0,0.0,99.69999999999999,91.5,31.0,81.5,24.0,7.5,7.5,2.5,0.0,0.0,0.0,3.0949999999999998,1.275,2
Mike Wright,30.0,28.75,1.0,0.0,0.0,49.324999999999996,61.5,32.5,44.5,21.0,7.5,2.0,1.25,0.25,0.25,0.5,6.824999999999999,1.77,2
Mike Zagurski,37.0,2.0,0.0,0.0,0.0,1.0,5.0,7.0,2.0,2.0,0.0,0.0,1.0,0.0,1.0,0.0,63.0,7.0,1
Miles Mikolas,32.0,32.0,32.0,1.0,1.0,192.1,189.5,74.0,145.0,30.5,21.5,13.5,9.0,0.0,0.0,0.0,3.495,1.145,0
Mitch Keller,24.0,11.0,11.0,0.0,0.0,48.0,72.0,38.0,65.0,16.0,6.0,1.0,5.0,0.0,0.0,0.0,7.13,1.83,2
Montana DuRapau,28.0,14.0,2.0,0.0,0.0,17.1,27.0,18.0,22.0,9.0,4.0,0.0,1.0,0.0,0.0,0.0,9.35,2.08,1
Murphy Smith,33.0,3.0,0.0,0.0,0.0,3.1,5.0,3.0,0.0,1.0,0.0,0.0,0.0,0.0,0.0,0.0,8.1,1.8,1
Mychal Givens,30.0,63.5,0.0,0.0,0.0,69.6,55.0,33.0,82.5,28.0,8.5,1.0,6.5,10.0,6.0,11.0,4.28,1.19,2
Nate Jones,34.0,23.0,0.0,0.0,0.0,20.05,19.0,7.0,21.0,11.0,3.0,1.0,1.5,3.0,1.5,4.0,3.24,1.54,1
Nate Karns,32.0,4.0,2.0,0.0,0.0,5.1,7.0,0.0,5.0,3.0,0.0,0.0,1.0,0.0,0.0,0.0,0.0,1.88,1
Nathan Eovaldi,30.0,17.0,11.25,0.0,0.0,61.35,62.25,34.25,60.25,22.5,11.5,2.5,2.25,0.0,0.5,2.5,4.8925,1.355,2
Neil Ramirez,31.0,29.0,0.25,0.0,0.0,26.675,24.5,14.25,31.5,12.75,6.25,0.0,1.75,0.0,0.5,7.0,4.970000000000001,1.475,1
Nestor Cortes,25.0,18.5,0.5,0.0,0.0,35.2,42.5,23.0,36.0,16.0,9.0,2.5,0.5,0.0,0.5,0.5,6.6899999999999995,2.275,1
Nick Anderson,30.0,34.0,0.0,0.0,0.0,32.150000000000006,26.0,12.0,55.0,9.0,4.0,2.5,2.0,0.5,2.0,8.0,3.0149999999999997,0.97,1
Nick Burdi,27.0,6.5,0.0,0.0,0.0,4.6499999999999995,7.0,6.0,9.5,2.5,1.0,1.0,0.5,0.0,0.5,0.0,14.8,2.685,1
Nick Gardewine,27.0,3.0,0.0,0.0,0.0,5.0,7.0,2.0,4.0,0.0,0.0,0.0,0.0,0.0,0.0,0.0,3.6,1.4,1
Nick Goody,29.0,25.5,0.0,0.0,0.0,25.700000000000003,22.5,12.5,31.0,13.5,5.5,1.5,2.0,0.0,0.5,6.0,5.24,1.495,1
Nick Kingham,28.0,15.25,8.5,0.0,0.0,51.8,59.0,33.25,46.0,19.25,11.75,3.5,4.0,0.25,0.0,0.0,5.8225,1.5825,2
Nick Margevicius,24.0,17.0,12.0,0.0,0.0,57.0,73.0,43.0,42.0,19.0,12.0,2.0,6.0,0.0,0.0,0.0,6.79,1.61,2
Nick Pivetta,27.0,31.5,22.5,0.5,0.0,128.6,133.0,71.5,138.5,45.0,22.0,5.5,10.0,0.5,0.0,0.5,5.074999999999999,1.4100000000000001,0
Nick Ramirez,31.0,46.0,0.0,0.0,0.0,79.2,76.0,36.0,74.0,35.0,11.0,5.0,4.0,0.0,1.0,1.0,4.07,1.39,2
Nick Rumbelow,29.0,8.0,0.0,0.0,0.0,9.15,11.0,8.0,9.0,3.5,4.0,0.0,0.0,0.5,0.0,0.5,16.555,2.21,1
Nick Tropeano,30.0,8.5,7.5,0.0,0.0,44.6,43.0,27.5,37.0,18.5,11.0,2.5,3.5,0.0,0.0,0.0,7.3100000000000005,1.53,1
Nick Vincent,34.0,39.0,0.75,0.0,0.0,39.1,36.75,18.0,39.75,10.5,5.5,2.25,3.0,0.0,1.0,7.75,3.8725,1.2,1
Nick Wittgren,29.0,43.5,0.0,0.0,0.0,45.2,38.0,14.5,45.5,15.0,5.5,3.5,1.0,2.0,1.0,8.0,2.875,1.195,2
Noah Syndergaard,28.0,28.5,28.5,1.5,1.0,175.64999999999998,171.0,73.0,178.5,44.5,16.5,11.5,6.0,0.0,0.0,0.0,3.6550000000000002,1.22,0
Noe Ramirez,30.0,60.0,4.0,0.0,0.0,75.15,67.0,36.0,87.0,25.0,12.0,6.0,4.5,0.5,1.5,4.0,4.265000000000001,1.2149999999999999,2
Odrisamer Despaigne,33.0,6.25,2.75,0.0,0.0,16.125,25.0,14.25,12.25,8.25,2.5,0.5,1.75,0.0,0.25,0.0,8.1025,2.085,1
Oliver Drake,33.0,29.4,0.0,0.0,0.0,32.58,23.2,12.8,40.1,11.2,4.9,2.6,1.1,1.0,0.6,5.6,5.85,1.367,1
Oliver Perez,39.0,59.0,0.0,0.0,0.0,36.150000000000006,27.5,11.5,45.5,9.5,3.0,1.5,2.5,0.5,2.0,18.5,2.685,0.985,1
Osmer Morales,27.0,1.0,0.0,0.0,0.0,0.1,1.0,0.0,0.0,0.0,0.0,0.0,0.0,0.0,0.0,0.0,0.0,3.0,1
P.J. Conlon,26.0,3.0,2.0,0.0,0.0,7.2,15.0,7.0,5.0,2.0,2.0,0.0,0.0,0.0,0.0,0.0,8.22,2.22,1
Pablo Lopez,24.0,15.5,15.5,0.0,0.0,84.65,83.5,45.0,70.5,22.5,11.5,3.5,6.0,0.0,0.0,0.0,4.615,1.25,2
Parker Bridwell,29.0,5.0,1.0,0.0,0.0,6.2,14.0,13.0,3.0,2.0,5.0,1.0,0.0,0.0,0.0,0.0,17.55,2.4,1
Parker Markel,30.0,10.0,0.0,0.0,0.0,10.65,13.0,9.5,12.0,8.5,3.0,0.0,0.5,0.0,0.0,0.0,10.57,2.335,1
Pat Neshek,40.0,25.0,0.0,0.0,0.0,21.05,23.0,8.5,12.0,3.5,3.5,1.5,1.5,4.0,0.5,6.0,3.795,1.27,1
Pat Venditte,35.0,8.5,0.0,0.0,0.0,8.55,7.5,5.0,5.5,2.5,1.0,0.0,0.0,0.0,0.0,0.0,9.385,1.4,1
Patrick Corbin,31.0,33.0,33.0,1.0,1.0,201.0,165.5,71.5,242.0,59.0,19.5,12.5,7.0,0.0,0.0,0.0,3.2,1.115,0
Patrick Sandoval,23.0,10.0,9.0,0.0,0.0,39.1,35.0,22.0,42.0,19.0,6.0,0.0,4.0,0.0,0.0,0.0,5.03,1.37,1
Paul Blackburn,26.0,5.0,3.5,0.0,0.0,19.1,26.0,17.5,13.5,5.0,2.5,1.0,2.5,0.0,0.0,0.0,8.9,1.75,1
Paul Fry,28.0,50.5,0.0,0.0,0.0,47.150000000000006,43.5,24.0,45.5,22.0,4.0,1.0,5.5,2.5,3.5,10.0,4.345,1.3599999999999999,2
Paul Sewald,30.0,31.5,0.0,0.0,0.0,37.65,40.0,24.0,40.0,13.0,5.5,0.5,4.0,1.5,1.0,1.0,5.325,1.29,1
Pedro Araujo,27.0,10.5,0.0,0.0,0.0,14.1,15.5,13.0,14.5,9.5,5.0,0.5,1.5,0.0,0.0,0.0,17.355,3.09,1
Pedro Avila,23.0,1.0,1.0,0.0,0.0,5.1,4.0,1.0,5.0,2.0,0.0,0.0,0.0,0.0,0.0,0.0,1.69,1.13,1
Pedro Baez,32.0,63.0,0.0,0.0,0.0,62.650000000000006,44.5,21.0,65.5,23.0,5.0,5.5,2.5,0.5,3.5,16.0,2.99,1.085,2
Pedro Payano,25.0,6.0,4.0,0.0,0.0,22.0,26.0,14.0,17.0,15.0,3.0,1.0,2.0,0.0,0.0,0.0,5.73,1.86,1
Pedro Strop,35.0,55.0,0.0,0.0,0.0,50.2,35.5,19.0,53.0,20.5,5.0,4.0,3.0,11.5,5.0,7.5,3.6149999999999998,1.13,2
Pete Fairbanks,26.0,10.5,0.0,0.0,0.0,10.149999999999999,12.5,8.0,14.0,5.0,2.5,1.0,1.5,1.0,0.0,1.5,7.23,1.675,1
Peter Lambert,23.0,19.0,19.0,0.0,0.0,89.1,119.0,72.0,57.0,36.0,18.0,3.0,7.0,0.0,0.0,0.0,7.25,1.74,2
Peter Moylan,41.0,39.0,0.0,0.0,0.0,28.1,32.0,14.0,23.0,18.0,4.0,0.0,1.0,0.0,1.0,3.0,4.45,1.76,1
Phil Hughes,34.0,11.5,1.0,0.0,0.0,16.1,22.0,11.5,16.0,5.0,5.5,0.0,0.0,0.0,0.0,0.0,6.425,1.635,1
Phil Maton,27.0,30.0,0.0,0.0,0.0,32.6,34.5,17.75,35.75,14.5,3.25,0.0,1.0,0.0,0.5,2.0,4.8575,1.3825,1
Phillip Diehl,26.0,10.0,0.0,0.0,0.0,7.1,10.0,6.0,8.0,2.0,1.0,0.0,0.0,0.0,0.0,0.0,7.36,1.64,1
Phillips Valdez,28.0,11.0,0.0,0.0,0.0,16.0,17.0,7.0,18.0,9.0,3.0,0.0,0.0,0.0,0.0,0.0,3.94,1.63,1
Pierce Johnson,29.0,37.0,0.0,0.0,0.0,43.2,38.0,27.0,36.0,22.0,5.0,3.0,2.0,0.0,0.0,1.0,5.56,1.37,1
Preston Guilmet,33.0,4.0,0.0,0.0,0.0,5.0,9.0,6.5,4.0,2.0,3.0,0.0,0.5,0.0,0.0,0.0,15.75,2.69,1
R.J. Alaniz,29.0,6.0,0.0,0.0,0.0,7.6,9.5,8.0,6.5,3.5,1.5,0.5,0.0,0.0,0.0,0.0,12.825,2.265,1
Rafael Montero,29.0,22.0,0.0,0.0,0.0,29.0,23.0,8.0,34.0,5.0,5.0,2.0,0.0,0.0,1.0,7.0,2.48,0.97,1
Raisel Iglesias,30.0,67.0,0.0,0.0,0.0,69.5,56.5,25.0,84.5,23.0,12.0,2.5,8.5,32.0,5.0,1.5,3.27,1.145,2
Randall Delgado,30.0,10.0,0.0,0.0,0.0,11.1,11.0,6.0,5.0,6.0,3.0,2.0,0.0,0.0,1.0,0.0,4.76,1.5,1
Randy Dobnak,25.0,9.0,5.0,0.0,0.0,28.1,27.0,5.0,23.0,5.0,1.0,2.0,1.0,1.0,0.0,0.0,1.59,1.13,1
Randy Messenger,39.0,18.0,1.0,0.0,0.0,21.0,18.0,15.0,21.0,10.0,6.0,2.0,1.0,0.0,0.0,0.0,6.43,1.33,1
Randy Rosario,26.0,26.75,0.0,0.0,0.0,26.450000000000003,27.25,11.25,18.25,12.25,3.0,2.5,0.0,0.5,0.75,4.0,3.3075,1.3425,1
Ranger Suarez,25.0,20.5,1.5,0.0,0.0,31.6,36.5,13.0,26.5,9.0,4.5,3.5,1.0,0.0,0.5,3.0,4.2700000000000005,1.56,1
Ray Black,30.0,17.25,0.0,0.0,0.0,15.55,12.0,10.25,21.0,7.25,3.25,1.0,1.25,0.0,1.0,1.0,5.495,1.5274999999999999,1
Reed Garrett,27.0,13.0,0.0,0.0,0.0,15.1,24.0,14.0,10.0,13.0,3.0,0.0,0.0,0.0,1.0,0.0,8.22,2.41,1
Reggie McClain,27.0,14.0,2.0,0.0,0.0,21.0,22.0,14.0,11.0,13.0,2.0,1.0,1.0,0.0,1.0,0.0,6.0,1.67,1
Reyes Moronta,27.0,62.5,0.0,0.0,0.0,60.6,37.5,18.0,74.5,35.0,4.0,4.0,4.5,0.5,5.0,13.5,2.675,1.2000000000000002,2
Reymin Guduan,28.0,5.0,0.0,0.0,0.0,4.1,4.5,4.0,5.0,2.0,2.0,0.5,0.0,0.0,0.5,0.0,7.255000000000001,1.275,1
Reynaldo Lopez,26.0,32.5,32.5,0.5,0.0,186.1,184.0,96.0,160.0,70.0,30.0,8.5,12.5,0.0,0.0,0.0,4.645,1.365,0
Rhiner Cruz,33.0,2.0,0.0,0.0,0.0,3.1,3.0,1.0,4.0,2.0,0.0,0.0,0.0,0.0,0.0,0.0,2.7,1.5,1
Ricardo Pinto,26.0,2.0,0.0,0.0,0.0,2.1,4.0,4.0,0.0,2.0,1.0,0.0,0.0,0.0,0.0,0.0,15.43,2.57,1
Ricardo Rodriguez,28.0,4.0,0.0,0.0,0.0,6.2,11.0,3.0,3.0,1.0,0.0,0.0,0.0,0.0,0.0,1.0,4.05,1.8,1
Rich Hill,40.0,19.0,18.5,0.0,0.0,95.19999999999999,78.0,35.0,111.0,29.5,15.0,7.5,3.0,0.0,0.0,0.0,3.055,1.125,2
Richard Bleier,33.0,42.0,0.5,0.0,0.0,43.650000000000006,50.5,20.0,22.5,6.0,3.0,3.0,0.0,2.0,1.0,7.0,3.65,1.27,1
Richard Lovelady,25.0,25.0,0.0,0.0,0.0,20.0,30.0,17.0,17.0,8.0,2.0,0.0,3.0,0.0,1.0,2.0,7.65,1.9,1
Richard Rodriguez,30.0,67.5,0.0,0.0,0.0,67.1,60.0,23.0,75.5,21.0,9.5,4.0,4.0,0.5,2.0,15.5,3.095,1.21,2
Rick Porcello,31.0,32.5,32.5,0.5,0.0,182.6,187.5,99.0,166.5,46.5,29.0,15.5,9.5,0.0,0.0,0.0,4.9,1.285,0
Rico Garcia,26.0,2.0,1.0,0.0,0.0,6.0,9.0,7.0,2.0,5.0,3.0,0.0,1.0,0.0,0.0,0.0,10.5,2.33,1
Rob Scahill,33.0,6.0,0.0,0.0,0.0,5.0,5.0,3.0,3.0,3.0,0.0,0.0,0.0,0.0,0.0,0.0,5.4,1.6,1
Rob Whalen,26.0,1.0,0.0,0.0,0.0,4.0,1.0,0.0,0.0,1.0,0.0,0.0,0.0,0.0,0.0,0.0,0.0,0.5,1
Rob Zastryzny,28.0,6.0,0.0,0.0,0.0,5.2,6.0,3.0,3.0,4.0,0.0,1.0,0.0,0.0,0.0,0.0,4.76,1.76,1
Robbie Erlin,29.0,38.0,6.5,0.0,0.0,82.05,92.0,42.0,70.0,13.5,9.0,2.0,4.0,0.0,0.5,3.0,4.79,1.355,2
Robbie Ray,28.0,28.5,28.5,0.0,0.0,148.65,123.5,69.0,200.0,77.0,24.5,9.0,5.0,0.0,0.0,0.0,4.135,1.3450000000000002,0
Robby Scott,31.0,10.0,0.0,0.0,0.0,6.65,9.0,5.0,8.5,6.0,1.5,0.5,0.5,0.0,0.0,0.5,6.505,2.15,1
Robert Dugger,25.0,7.0,7.0,0.0,0.0,34.1,33.0,22.0,25.0,17.0,6.0,0.0,4.0,0.0,0.0,0.0,5.77,1.46,1
Robert Gsellman,27.0,60.0,0.0,0.0,0.0,71.6,70.0,35.5,65.0,25.5,7.5,4.0,3.0,7.0,5.0,11.5,4.470000000000001,1.335,2
Robert Stephenson,27.0,30.5,1.5,0.0,0.0,37.7,30.0,19.5,46.0,18.0,5.5,1.5,2.0,0.0,2.0,5.5,6.51,1.7650000000000001,1
Robert Stock,30.0,21.0,0.0,0.0,0.0,24.700000000000003,25.5,11.5,26.5,10.5,1.5,1.0,0.5,0.0,1.0,2.0,6.315,1.6600000000000001,1
Roberto Gomez,31.0,5.0,0.0,0.0,0.0,9.1,20.0,8.0,8.0,1.0,0.0,1.0,0.0,0.0,0.0,0.0,7.71,2.25,1
Roberto Osuna,25.0,42.5,0.0,0.0,0.0,41.825,30.75,12.0,44.5,7.0,4.25,2.5,2.0,24.25,3.25,0.5,2.545,0.9375,1
Roenis Elias,32.0,23.5,2.0,0.0,0.0,38.0,34.5,13.0,28.75,12.5,3.0,2.5,1.0,3.5,0.75,0.5,4.485,1.4175,1
Rogelio Armenteros,26.0,5.0,2.0,0.0,0.0,18.0,17.0,8.0,18.0,5.0,1.0,1.0,1.0,1.0,0.0,0.0,4.0,1.22,1
Ronald Bolanos,24.0,5.0,3.0,0.0,0.0,19.2,17.0,13.0,19.0,12.0,3.0,0.0,2.0,0.0,0.0,0.0,5.95,1.47,1
Rookie Davis,27.0,5.0,1.0,0.0,0.0,10.2,12.0,8.0,10.0,8.0,3.0,0.0,1.0,0.0,0.0,0.0,6.75,1.88,1
Ross Detwiler,34.0,9.5,6.0,0.0,0.0,37.6,47.0,27.0,24.0,14.5,10.5,1.5,3.0,0.0,0.0,0.0,5.545,1.645,1
Ross Stripling,30.0,32.5,18.0,0.0,0.0,106.1,103.5,38.0,114.5,21.0,14.5,6.0,5.0,0.0,0.0,3.0,3.245,1.17,2
Rowan Wick,27.0,20.5,0.0,0.0,0.0,20.6,17.5,7.5,21.0,8.5,0.5,1.0,0.5,1.0,0.0,2.5,4.455,1.41,1
Ryan Borucki,26.0,9.5,9.5,0.0,0.0,51.7,55.5,25.0,36.5,19.5,4.5,2.0,3.5,0.0,0.0,0.0,7.335000000000001,2.235,2
Ryan Brasier,33.0,48.0,0.0,0.0,0.0,44.2,35.0,18.0,45.0,14.0,5.5,2.0,2.0,3.5,3.0,10.0,3.2249999999999996,1.03,2
Ryan Buchter,33.0,59.0,0.0,0.0,0.0,42.1,37.0,13.5,45.5,19.0,6.0,3.5,0.5,0.0,2.0,14.0,2.865,1.31,2
Ryan Burr,26.0,12.0,0.5,0.0,0.0,14.2,14.5,9.0,13.0,7.0,3.0,0.5,0.5,0.0,0.0,0.0,6.015000000000001,1.565,1
Ryan Carpenter,30.0,7.5,7.0,0.0,0.0,31.150000000000002,47.5,30.0,20.0,8.5,10.0,1.0,4.0,0.0,0.0,0.0,8.275,1.76,1
Ryan Cook,33.0,19.0,0.0,0.0,0.0,17.0,15.0,10.0,23.0,7.0,4.0,2.0,1.0,0.0,0.0,5.0,5.29,1.29,1
Ryan Dull,30.0,15.833333333333334,0.0,0.0,0.0,14.583333333333334,15.166666666666668,9.0,13.0,4.666666666666667,2.3333333333333335,0.0,0.0,0.0,0.0,2.1666666666666665,8.469999999999999,1.6933333333333334,1
Ryan Eades,28.0,4.0,0.0,0.0,0.0,5.2,5.5,1.5,5.0,3.0,1.0,0.0,0.5,0.0,0.5,0.5,1.76,1.535,1
Ryan Feierabend,35.0,2.0,1.0,1.0,0.0,5.2,11.0,7.0,4.0,1.0,2.0,0.0,1.0,0.0,0.0,0.0,11.12,2.12,1
Ryan Garton,30.0,2.0,0.0,0.0,0.0,3.0,4.0,4.0,1.0,1.0,2.0,0.0,0.0,0.0,0.0,0.0,12.0,1.67,1
Ryan Helsley,26.0,24.0,0.0,0.0,0.0,36.2,34.0,12.0,32.0,12.0,5.0,2.0,0.0,0.0,1.0,1.0,2.95,1.25,1
Ryan Madson,40.0,29.0,0.0,0.0,0.0,26.1,29.0,16.0,27.0,8.0,3.5,1.0,2.5,2.0,2.0,7.0,5.880000000000001,1.37,1
Ryan Meisinger,26.0,18.0,1.0,0.0,0.0,21.0,18.0,15.0,21.0,10.0,6.0,2.0,1.0,0.0,0.0,0.0,6.43,1.33,1
Ryan O'Rourke,32.0,2.0,0.0,0.0,0.0,1.1,0.0,0.0,1.0,3.0,0.0,0.0,0.0,0.0,0.0,0.0,0.0,2.25,1
Ryan Pressly,31.0,46.75,0.0,0.0,0.0,44.625,32.75,12.0,61.25,11.5,4.5,1.5,1.75,2.0,4.0,20.75,2.2024999999999997,0.94,2
Ryan Sherriff,30.0,5.0,0.0,0.0,0.0,5.2,8.0,4.0,3.0,2.0,1.0,0.0,0.0,0.0,0.0,1.0,6.35,1.76,1
Ryan Tepera,32.0,45.5,0.5,0.0,0.0,42.7,37.5,19.0,41.0,16.0,7.0,2.5,3.5,3.5,4.0,10.5,4.300000000000001,1.255,2
Ryan Weber,30.0,10.0,1.5,0.0,0.0,22.650000000000002,26.5,13.0,15.0,5.0,2.5,1.0,2.5,0.0,0.0,0.0,5.074999999999999,1.345,1
Ryan Yarbrough,28.0,33.0,10.0,0.0,0.0,144.14999999999998,130.5,64.5,122.5,35.0,16.5,13.5,6.0,0.0,0.0,0.0,4.02,1.145,0
Ryne Harper,31.0,61.0,0.0,0.0,0.0,54.1,54.0,23.0,50.0,10.0,7.0,4.0,2.0,1.0,3.0,12.0,3.81,1.18,2
Ryne Stanek,29.0,45.25,21.25,0.0,0.0,52.125,37.75,19.5,62.75,23.25,6.75,1.0,2.5,0.25,1.0,5.75,3.71,1.255,2
Sal Romano,26.0,25.5,12.5,0.0,0.0,80.64999999999999,88.5,50.0,60.5,30.5,13.5,4.5,5.5,1.0,0.0,1.5,6.51,1.635,2
Sam Coonrod,28.0,33.0,0.0,0.0,0.0,27.2,19.0,11.0,20.0,15.0,3.0,5.0,1.0,0.0,1.0,0.0,3.58,1.23,1
Sam Dyson,32.0,52.25,0.0,0.0,0.0,50.574999999999996,41.25,16.25,41.75,13.25,4.0,3.25,1.75,2.0,3.0,13.25,3.75,1.205,2
Sam Freeman,33.0,32.0,0.0,0.0,0.0,26.05,22.0,12.5,29.0,17.0,2.0,1.5,2.5,0.0,1.5,4.5,4.395,1.975,1
Sam Gaviglio,30.0,39.0,12.0,0.0,0.0,109.2,112.5,61.0,96.5,30.0,19.5,3.5,6.0,0.0,0.0,1.5,4.96,1.28,2
Sam Howard,27.0,12.0,0.0,0.0,0.0,11.5,13.0,7.5,12.0,6.5,2.5,1.0,0.0,0.0,0.0,0.0,4.4399999999999995,1.815,1
Sam Selman,29.0,10.0,0.0,0.0,0.0,10.1,6.0,5.0,10.0,6.0,2.0,0.0,0.0,0.0,1.0,1.0,4.35,1.16,1
Sam Tuivailala,27.0,20.5,1.0,0.0,0.0,20.575,16.75,6.5,21.0,8.5,1.25,1.5,0.75,0.0,0.5,4.5,2.52,1.21,1
Sammy Solis,32.0,56.0,0.0,0.0,0.0,39.1,43.0,28.0,44.0,18.0,7.0,1.0,2.0,0.0,4.0,13.0,6.41,1.55,2
Sandy Alcantara,25.0,19.0,19.0,1.0,1.0,115.55,102.0,49.0,90.5,52.0,13.0,4.0,8.5,0.0,0.0,0.0,3.66,1.365,2
Sandy Baez,26.0,5.0,0.0,0.0,0.0,7.55,7.0,4.5,5.0,4.5,1.0,0.0,0.0,0.0,0.0,0.5,7.01,1.7349999999999999,1
Santiago Casilla,40.0,26.0,0.0,0.0,0.0,31.1,18.0,11.0,22.0,20.0,0.0,0.0,0.0,1.0,0.0,1.0,3.16,1.21,1
Scott Alexander,31.0,50.5,0.5,0.0,0.0,41.55,37.0,17.0,32.5,17.0,3.0,2.5,1.5,1.5,1.5,13.5,3.6550000000000002,1.325,1
Scott Barlow,27.0,33.5,0.0,0.0,0.0,42.55,40.0,19.5,53.5,20.0,4.0,2.0,2.0,0.5,1.0,7.0,3.91,1.355,2
Scott Copeland,32.0,1.0,0.0,0.0,0.0,1.1,1.0,0.0,2.0,0.0,0.0,0.0,0.0,0.0,0.0,0.0,0.0,0.75,1
Scott Oberg,30.0,52.5,0.0,0.0,0.0,57.1,42.0,15.0,57.5,17.5,4.5,7.0,1.0,2.5,3.5,11.0,2.35,1.04,2
Sean Doolittle,33.0,53.0,0.0,0.0,0.0,52.5,42.0,17.5,63.0,10.5,7.0,4.5,4.0,27.0,3.5,1.5,2.825,0.95,2
Sean Gilmartin,30.0,6.5,0.5,0.0,0.0,14.55,15.0,7.0,8.0,6.5,3.0,0.5,1.0,0.0,0.0,0.0,11.145,2.56,1
Sean Manaea,28.0,16.0,16.0,0.5,0.5,94.69999999999999,78.5,34.0,69.0,19.5,12.0,8.0,4.5,0.0,0.0,0.0,2.4,0.93,2
Sean Newcomb,27.0,43.0,17.0,0.0,0.0,116.05,99.0,47.5,112.5,55.0,13.0,9.0,6.0,0.5,1.0,8.0,3.5300000000000002,1.3250000000000002,0
Sean Poppen,26.0,4.0,0.0,0.0,0.0,8.1,10.0,7.0,9.0,5.0,1.0,0.0,0.0,0.0,0.0,0.0,7.56,1.8,1
Sean Reid-Foley,25.0,8.0,6.5,0.0,0.0,32.15,32.0,17.0,35.0,21.0,5.5,2.0,4.0,0.0,0.0,0.0,4.695,1.635,1
Seranthony Dominguez,25.0,40.0,0.0,0.0,0.0,41.1,28.0,15.0,51.5,17.0,3.5,2.5,2.5,8.0,3.0,11.5,3.48,1.195,1
Sergio Romo,37.0,52.75,2.5,0.0,0.0,48.4,45.0,21.25,52.5,14.25,7.25,2.0,2.25,17.5,4.75,8.25,3.76,1.1675,2
Seth Lugo,30.0,57.5,2.5,0.0,0.0,90.55,68.5,27.0,103.5,22.0,8.5,5.0,4.0,4.5,3.0,16.0,2.68,0.99,2
Seunghwan Oh,38.0,28.75,0.0,0.0,0.0,26.075,27.5,14.5,27.75,7.25,5.0,3.0,1.25,0.75,2.0,6.75,5.9675,1.4625,1
Shane Bieber,25.0,27.0,26.0,1.5,1.0,164.15,158.0,68.0,188.5,31.5,22.0,13.0,6.5,0.0,0.0,0.0,3.915,1.19,0
Shane Carle,29.0,29.5,0.0,0.0,0.0,36.05,30.5,15.0,24.5,18.0,2.5,2.0,0.5,0.5,0.5,7.0,6.25,1.6800000000000002,1
Shane Greene,31.0,49.25,0.0,0.0,0.0,47.1,45.5,22.0,48.5,13.75,8.0,2.0,3.75,21.75,4.25,2.5,3.8575,1.2075,2
Shaun Anderson,25.0,28.0,16.0,0.0,0.0,96.0,111.0,58.0,70.0,38.0,13.0,3.0,5.0,2.0,0.0,1.0,5.44,1.55,2
Shawn Armstrong,30.0,20.75,0.0,0.0,0.0,21.425,21.0,10.25,23.25,8.75,2.5,0.25,0.75,1.5,1.25,3.25,5.58,1.5474999999999999,1
Shawn Kelley,36.0,38.5,0.0,0.0,0.0,35.625,35.75,17.0,34.0,8.25,7.75,3.0,1.0,5.5,2.5,4.0,3.845,1.13,1
Shelby Miller,29.0,12.0,6.0,0.0,0.0,30.0,41.0,30.5,24.5,18.5,6.5,0.5,3.5,0.0,0.5,1.0,9.64,1.99,1
Shohei Ohtani,26.0,114.0,10.0,0.0,0.0,51.2,38.0,19.0,63.0,22.0,6.0,4.0,2.0,0.0,0.0,0.0,3.31,1.16,2
Silvino Bracho,28.0,31.0,0.0,0.0,0.0,31.0,25.0,11.0,34.0,12.0,2.0,2.0,0.0,0.0,4.0,2.0,3.19,1.19,1
Sonny Gray,30.0,30.5,27.0,0.0,0.0,152.6,130.0,63.5,164.0,62.5,15.5,11.0,8.5,0.0,0.0,0.0,3.8850000000000002,1.29,0
Spencer Turnbull,28.0,17.0,16.5,0.0,0.0,82.1,85.5,43.5,80.5,31.5,7.5,1.5,9.5,0.0,0.0,0.5,5.335,1.365,2
Stefan Crichton,28.0,28.0,0.0,0.0,0.0,30.1,23.0,12.0,33.0,8.0,3.0,1.0,0.0,0.0,0.0,3.0,3.56,1.02,1
Stephen Gonsalves,26.0,7.0,4.0,0.0,0.0,24.2,28.0,18.0,16.0,22.0,2.0,2.0,2.0,0.0,0.0,0.0,6.57,2.03,1
Stephen Nogosek,25.0,7.0,0.0,0.0,0.0,6.2,12.0,8.0,6.0,2.0,2.0,0.0,1.0,0.0,0.0,0.0,10.8,2.1,1
Stephen Strasburg,32.0,27.5,27.5,0.0,0.0,169.5,139.5,65.5,203.5,47.0,21.0,14.0,6.5,0.0,0.0,0.0,3.5300000000000002,1.12,0
Stephen Tarpley,27.0,15.5,0.5,0.0,0.0,16.6,20.0,11.0,23.5,10.5,3.0,0.5,0.0,1.0,0.0,1.0,4.965,1.6600000000000001,1
Steve Cishek,34.0,75.0,0.0,0.0,0.0,67.05,46.5,19.0,67.5,28.5,6.0,4.0,4.5,5.5,3.5,18.5,2.5650000000000004,1.12,2
Steven Brault,28.0,35.0,12.0,0.0,0.0,102.15,100.5,56.0,91.0,55.0,12.5,5.0,4.5,0.0,0.0,1.5,4.885,1.52,2
Steven Matz,29.0,31.0,30.0,0.5,0.5,157.05,148.5,71.5,152.5,55.0,26.0,8.0,10.5,0.0,0.0,0.5,4.09,1.295,0
Steven Okert,29.0,10.0,0.0,0.0,0.0,7.1,4.0,1.0,8.0,0.0,1.0,0.0,0.0,0.0,0.0,0.0,1.23,0.55,1
Steven Wright,36.0,13.0,2.0,0.0,0.0,29.650000000000002,26.0,11.0,23.5,15.0,4.0,1.5,1.0,0.5,0.0,1.0,5.6049999999999995,1.81,1
T.J. McFarland,31.0,49.0,0.0,0.0,0.0,64.0,67.5,23.0,38.5,21.0,5.0,1.0,1.0,0.5,0.0,5.0,3.41,1.41,2
T.J. Zeuch,25.0,5.0,3.0,0.0,0.0,22.2,22.0,12.0,20.0,11.0,2.0,1.0,2.0,0.0,0.0,0.0,4.76,1.46,1
Taijuan Walker,28.0,2.0,2.0,0.0,0.0,7.0,8.0,2.5,5.0,2.5,0.5,0.0,0.0,0.0,0.0,0.0,1.73,1.27,1
Tanner Anderson,27.0,5.5,2.5,0.0,0.0,16.6,22.5,11.5,12.0,7.5,2.5,0.5,1.5,0.0,0.0,0.0,6.195,1.8449999999999998,1
Tanner Rainey,27.0,30.0,0.0,0.0,0.0,27.55,22.5,20.0,40.5,25.0,5.0,1.0,1.5,0.0,1.5,4.5,14.17,2.51,1
Tanner Roark,33.0,23.25,22.75,0.0,0.0,131.325,135.5,63.5,112.5,37.75,19.0,7.0,10.0,0.0,0.0,0.0,4.375,1.3325,0
Tanner Scott,26.0,40.5,0.0,0.0,0.0,39.6,41.5,23.0,56.5,23.5,5.0,2.0,2.0,0.0,2.0,3.5,5.09,1.67,2
Tayler Scott,28.0,6.5,1.0,0.0,0.0,7.699999999999999,15.5,13.0,7.0,5.5,3.0,0.0,0.0,0.0,0.0,0.0,14.040000000000001,2.55,1
Taylor Clarke,27.0,23.0,15.0,0.0,0.0,84.2,86.0,50.0,68.0,30.0,23.0,5.0,5.0,1.0,0.0,0.0,5.31,1.37,2
Taylor Cole,31.0,28.0,4.0,0.0,0.0,43.6,39.0,22.5,44.5,18.0,2.5,3.5,3.0,0.0,0.0,2.0,4.335,1.24,2
Taylor Guerrieri,27.0,14.5,0.0,0.0,0.0,17.65,17.5,11.0,17.5,13.0,2.0,0.0,0.0,0.0,0.0,1.5,5.234999999999999,1.58,1
Taylor Guilbeau,27.0,17.0,0.0,0.0,0.0,12.1,10.0,5.0,7.0,3.0,2.0,0.0,0.0,0.0,2.0,3.0,3.65,1.05,1
Taylor Hearn,26.0,1.0,1.0,0.0,0.0,0.1,3.0,4.0,0.0,4.0,0.0,0.0,1.0,0.0,0.0,0.0,108.0,21.0,1
Taylor Rogers,29.0,66.0,0.0,0.0,0.0,68.55,53.5,20.0,82.5,13.5,5.5,1.5,3.0,16.0,4.0,14.0,2.62,0.975,2
Taylor Williams,29.0,33.0,0.0,0.0,0.0,33.6,37.5,20.5,36.0,16.0,3.5,1.0,2.0,0.0,1.0,2.0,7.035,1.725,1
Tayron Guerrero,29.0,56.0,0.0,0.0,0.0,52.0,53.0,33.5,55.5,33.0,7.5,1.0,2.5,0.0,4.0,7.5,5.845,1.6600000000000001,2
Thomas Pannone,26.0,24.5,6.5,0.0,0.0,58.0,55.0,35.0,49.0,23.0,10.0,3.5,3.5,0.0,0.0,0.5,5.175000000000001,1.315,2
Thyago Vieira,27.0,11.0,0.0,0.0,0.0,12.1,16.0,10.5,11.5,7.0,2.0,1.0,0.5,0.5,0.0,0.5,8.065,1.995,1
Tim Collins,31.0,23.5,0.0,0.0,0.0,15.2,16.0,7.0,12.5,7.5,3.0,0.0,0.0,0.0,0.0,2.0,3.745,1.46,1
Tim Hill,30.0,58.0,0.0,0.0,0.0,42.2,38.5,19.5,40.5,13.5,4.0,1.5,2.0,1.5,1.5,11.0,4.08,1.21,2
Tim Mayza,28.0,52.5,0.0,0.0,0.0,43.150000000000006,39.0,20.5,47.5,20.5,5.5,1.5,1.5,0.0,0.5,9.5,4.095,1.3599999999999999,2
Tim Melville,30.0,7.0,7.0,0.0,0.0,33.1,34.0,18.0,24.0,14.0,9.0,2.0,3.0,0.0,0.0,0.0,4.86,1.44,1
Tim Peterson,29.0,14.0,0.0,0.0,0.0,17.15,18.0,11.5,14.0,6.0,4.5,1.0,1.0,0.0,0.0,1.5,5.545,1.5699999999999998,1
Tom Eshelman,26.0,10.0,4.0,0.0,0.0,36.0,47.0,26.0,22.0,11.0,12.0,1.0,2.0,0.0,0.0,0.0,6.5,1.61,1
Tommy Hunter,34.0,35.0,0.0,0.0,0.0,34.55,33.5,13.5,28.0,7.5,3.0,2.5,2.0,2.0,1.0,13.0,1.9,0.815,1
Tommy Kahnle,31.0,48.0,0.0,0.0,0.0,42.1,34.0,21.0,59.0,17.5,6.0,2.5,1.0,0.5,3.0,14.5,5.115,1.345,2
Tommy Milone,33.0,14.0,5.0,0.0,0.0,68.65,69.5,38.0,58.5,12.0,15.5,2.5,5.5,0.0,0.0,0.0,5.285,1.28,2
Tony Barnette,36.0,12.0,0.0,0.0,0.0,13.600000000000001,10.5,4.0,13.0,2.5,1.5,1.0,0.0,0.0,0.0,0.5,4.57,1.205,1
Tony Cingrani,31.0,30.0,0.0,0.0,0.0,22.2,19.0,12.0,36.0,6.0,2.0,1.0,2.0,0.0,2.0,11.0,4.76,1.1,1
Tony Gonsolin,26.0,11.0,6.0,0.0,0.0,40.0,26.0,13.0,37.0,15.0,4.0,4.0,2.0,1.0,0.0,0.0,2.93,1.03,1
Tony Sipp,37.0,45.0,0.0,0.0,0.0,29.6,23.0,9.5,30.0,11.0,1.0,2.0,1.5,0.0,0.5,9.5,3.285,1.1800000000000002,1
Tony Watson,35.0,66.0,0.0,0.0,0.0,60.0,55.0,22.0,56.5,13.0,6.5,3.0,4.0,0.0,3.5,28.5,3.38,1.145,2
Touki Toussaint,24.0,15.5,3.0,0.0,0.0,35.1,31.0,19.5,38.5,23.5,3.0,3.0,0.5,0.0,0.0,1.0,4.825,1.51,1
Travis Bergen,26.0,21.0,0.0,0.0,0.0,19.2,18.0,12.0,18.0,9.0,4.0,2.0,0.0,0.0,0.0,0.0,5.49,1.37,1
Travis Lakins,26.0,16.0,3.0,0.0,0.0,23.1,23.0,10.0,18.0,10.0,1.0,0.0,1.0,0.0,0.0,1.0,3.86,1.41,1
Trent Thornton,26.0,32.0,29.0,0.0,0.0,154.1,156.0,83.0,149.0,61.0,24.0,6.0,9.0,0.0,0.0,0.0,4.84,1.41,0
Trevor Bauer,29.0,22.5,22.0,0.25,0.25,140.625,113.0,48.0,173.75,49.0,13.0,8.75,6.25,0.5,0.0,0.0,3.65,1.185,0
Trevor Cahill,32.0,29.0,15.5,0.0,0.0,106.05,100.5,57.0,90.5,40.0,16.5,5.5,6.5,0.0,0.0,0.0,4.87,1.33,2
Trevor Gott,28.0,35.0,0.0,0.0,0.0,35.6,30.0,19.0,36.0,13.5,4.0,3.5,1.0,0.5,0.5,1.5,5.0600000000000005,1.315,1
Trevor Hildenberger,29.0,47.5,0.0,0.0,0.0,44.55,52.5,31.5,42.5,16.5,7.0,3.0,4.0,4.0,2.0,12.0,7.945,1.825,2
Trevor Kelley,26.0,10.0,0.0,0.0,0.0,8.1,9.0,8.0,6.0,5.0,2.0,0.0,3.0,0.0,0.0,0.0,8.64,1.68,1
Trevor May,31.0,44.5,0.5,0.0,0.0,44.599999999999994,32.0,15.0,57.5,15.5,6.0,4.5,2.0,2.5,1.0,11.0,3.0700000000000003,1.05,2
Trevor Oaks,27.0,4.0,2.0,0.0,0.0,13.2,21.0,11.0,10.0,6.0,1.0,0.0,2.0,0.0,0.0,0.0,7.24,1.98,1
Trevor Richards,27.0,20.0,18.25,0.0,0.0,96.82499999999999,92.25,46.25,96.75,41.0,12.25,3.5,7.5,0.0,0.0,0.25,3.8175,1.3399999999999999,2
Trevor Rosenthal,30.0,11.0,0.0,0.0,0.0,7.55,5.5,11.5,8.5,13.0,0.0,0.0,0.5,0.0,0.0,1.0,14.87,2.5949999999999998,1
Trevor Williams,28.0,28.5,28.5,0.5,0.5,157.7,154.0,73.0,119.5,49.5,21.0,10.5,9.5,0.0,0.0,0.0,4.245,1.295,0
Trey Wingenter,26.0,36.5,0.5,0.0,0.0,35.0,23.5,20.0,49.5,19.5,4.0,0.5,1.5,0.5,2.5,10.5,4.720000000000001,1.24,1
Troy Scribner,29.0,1.0,1.0,0.0,0.0,3.2,4.0,2.0,4.0,6.0,0.0,0.0,1.0,0.0,0.0,0.0,4.91,2.73,1
Ty Blach,29.0,25.25,7.75,0.0,0.0,65.675,78.0,37.0,42.5,24.75,6.0,3.25,4.25,0.0,0.0,1.5,8.5075,1.9899999999999998,2
Ty Buttrey,27.0,44.0,0.0,0.0,0.0,44.099999999999994,42.0,19.0,52.0,14.0,4.0,3.0,4.0,3.0,3.0,16.0,3.645,1.245,2
Tyler Alexander,26.0,13.0,8.0,0.0,0.0,53.2,68.0,29.0,47.0,7.0,9.0,1.0,4.0,0.0,0.0,0.0,4.86,1.4,2
Tyler Anderson,30.0,18.5,18.5,0.0,0.0,98.1,99.0,58.0,93.5,35.0,19.0,3.5,6.0,0.0,0.0,0.0,8.155,1.7,2
Tyler Bashlor,27.0,24.0,0.0,0.0,0.0,27.0,23.5,16.0,22.5,14.5,6.0,0.0,3.0,0.0,1.5,0.5,5.585,1.46,1
Tyler Beede,27.0,13.0,12.0,0.0,0.0,62.1,68.0,36.5,61.0,27.0,11.0,2.5,5.5,0.0,0.0,0.0,6.65,1.85,2
Tyler Chatwood,30.0,31.0,12.5,0.0,0.0,89.7,78.5,46.5,79.5,66.0,8.5,4.5,4.5,1.0,1.0,1.5,4.529999999999999,1.565,2
Tyler Clippard,35.0,63.0,2.0,0.0,0.0,65.1,47.5,24.0,74.5,19.0,10.5,2.5,1.5,3.5,3.0,11.5,3.285,1.01,2
Tyler Cloyd,33.0,7.0,0.0,0.0,0.0,17.2,25.0,17.0,13.0,10.0,3.0,0.0,0.0,0.0,0.0,0.0,8.66,1.98,1
Tyler Danish,26.0,7.0,0.0,0.0,0.0,6.1,8.0,5.0,5.0,4.0,2.0,1.0,0.0,0.0,0.0,0.0,7.11,1.89,1
Tyler Duffey,29.0,38.5,0.5,0.0,0.0,41.1,35.0,18.0,50.5,9.0,7.0,3.5,1.5,0.0,1.0,8.5,4.85,1.105,2
Tyler Glasnow,27.0,17.25,8.75,0.0,0.0,57.900000000000006,42.25,19.25,72.0,20.25,5.75,3.5,2.25,0.0,0.0,1.0,3.025,1.0825,2
Tyler Kinley,29.0,29.25,0.0,0.0,0.0,27.125,25.25,13.75,26.25,20.0,3.0,1.5,0.5,0.5,1.0,0.5,9.66,2.1,1
Tyler Lyons,32.0,17.0,0.0,0.0,0.0,11.149999999999999,15.25,10.25,13.75,5.25,2.5,0.75,0.5,0.0,1.0,4.75,8.17,1.7825,1
Tyler Mahle,25.0,24.0,24.0,0.0,0.0,120.6,130.5,68.0,119.5,43.5,23.5,5.0,10.5,0.0,0.0,0.0,5.0600000000000005,1.4500000000000002,0
Tyler Olson,30.0,41.0,0.0,0.0,0.0,28.65,30.0,15.0,34.0,14.0,3.5,1.5,1.0,0.0,0.5,3.0,4.67,1.5099999999999998,1
Tyler Rogers,29.0,17.0,0.0,0.0,0.0,17.2,12.0,2.0,16.0,3.0,0.0,2.0,0.0,0.0,2.0,5.0,1.02,0.85,1
Tyler Skaggs,29.0,19.5,19.5,0.0,0.0,102.15,100.0,47.0,103.5,34.0,11.5,7.5,8.5,0.0,0.0,0.0,4.154999999999999,1.3,2
Tyler Thornburg,31.0,20.5,0.0,0.0,0.0,21.1,24.5,15.5,21.5,10.0,5.0,1.0,0.0,0.0,0.0,1.5,6.67,1.62,1
Tyler Webb,30.0,38.0,0.0,0.0,0.0,32.525,22.0,14.0,27.75,13.75,4.25,1.0,0.75,0.5,0.0,4.0,5.47,1.3175,1
Tyson Ross,33.0,11.25,9.25,0.0,0.0,54.849999999999994,53.5,29.25,43.0,24.5,7.75,2.5,4.75,0.0,0.0,0.0,4.85,1.4525,2
Victor Alcantara,27.0,36.5,0.0,0.0,0.0,36.1,35.0,15.5,22.5,10.5,6.5,2.0,1.5,0.0,1.5,6.5,3.625,1.22,1
Victor Arano,25.0,31.5,0.0,0.0,0.0,31.650000000000002,28.0,10.0,33.5,9.5,3.5,1.0,1.0,1.5,1.0,5.0,3.295,1.03,1
Vidal Nuno,33.0,17.0,0.0,0.0,0.0,33.0,24.0,6.0,29.0,10.0,5.0,3.0,0.0,0.0,1.0,0.0,1.64,1.03,1
Vince Velasquez,28.0,32.0,26.5,0.0,0.0,131.64999999999998,129.0,71.5,145.5,51.0,21.0,8.0,10.0,0.0,0.0,1.0,4.88,1.365,0
Wade Davis,35.0,59.5,0.0,0.0,0.0,53.65,47.0,35.5,60.0,27.5,7.5,2.0,6.0,29.0,4.5,0.0,6.390000000000001,1.47,2
Wade LeBlanc,36.0,29.0,17.5,0.0,0.0,141.55,148.0,72.0,111.0,35.5,26.0,7.5,6.0,0.0,0.0,0.0,4.715,1.315,0
Wade Miley,33.0,24.5,24.5,0.0,0.0,123.65,117.5,48.5,95.0,44.0,13.0,9.5,4.0,0.0,0.0,0.0,3.275,1.275,0
Walker Buehler,26.0,27.0,26.5,1.0,0.0,159.6,124.0,53.0,183.0,37.0,16.0,11.0,4.5,0.0,0.5,0.0,2.94,1.0,0
Walker Lockett,26.0,6.5,3.5,0.0,0.0,18.6,27.5,18.5,14.0,8.0,5.0,0.5,2.0,0.0,0.0,0.0,8.969999999999999,1.9249999999999998,1
Wander Suero,29.0,59.0,0.0,0.0,0.0,59.15,53.5,27.5,64.0,20.5,4.5,5.0,5.0,0.5,3.0,10.5,4.0649999999999995,1.24,2
Wandy Peralta,29.0,41.25,0.0,0.0,0.0,32.35,39.0,19.75,23.5,19.5,3.75,1.25,1.25,0.0,0.25,4.25,4.9975000000000005,1.575,1
Warwick Saupold,30.0,31.0,0.0,0.0,0.0,34.1,41.0,17.0,16.0,13.0,6.0,4.0,1.0,1.0,2.0,1.0,4.46,1.57,1
Wei-Chieh Huang,26.0,4.0,0.0,0.0,0.0,5.2,8.0,2.0,2.0,5.0,0.0,0.0,0.0,0.0,0.0,0.0,3.18,2.29,1
Wei-Chung Wang,28.0,12.5,0.0,0.0,0.0,15.5,13.5,6.5,9.0,7.0,2.0,1.5,0.0,0.0,0.0,0.0,5.04,1.6099999999999999,1
Wei-Yin Chen,35.0,35.5,13.0,0.0,0.0,100.6,109.0,60.5,87.0,32.5,17.0,3.0,6.5,0.0,0.0,1.5,5.6899999999999995,1.44,2
Wes Parsons,28.0,8.5,0.0,0.0,0.0,11.05,11.0,7.25,8.0,8.75,2.0,0.25,1.0,0.0,0.0,0.5,6.225,1.77,1
Will Harris,36.0,64.5,0.0,0.0,0.0,58.1,45.0,16.0,63.0,14.0,4.5,4.5,2.0,2.0,2.0,21.0,2.495,1.01,2
Will Smith,31.0,58.5,0.0,0.0,0.0,59.05,41.5,17.5,83.5,18.0,6.5,4.0,1.5,24.0,4.0,3.0,2.655,1.005,2
William Cuevas,29.0,9.0,1.0,0.0,0.0,17.0,20.0,14.0,20.0,11.0,3.0,0.0,2.0,0.0,0.0,1.0,7.41,1.82,1
Williams Jerez,28.0,11.5,0.0,0.0,0.0,9.85,11.5,6.25,9.75,6.25,2.0,0.25,0.0,0.0,0.5,1.75,5.515000000000001,1.8675,1
Wilmer Font,30.0,11.166666666666666,3.666666666666667,0.0,0.0,21.233333333333334,20.666666666666668,11.833333333333332,21.833333333333336,7.5,4.833333333333334,1.0,1.3333333333333335,0.0,0.3333333333333333,0.3333333333333333,7.038333333333333,1.545,1
Wily Peralta,31.0,39.5,0.0,0.0,0.0,37.1,36.5,20.0,29.5,21.0,5.5,1.5,2.0,8.0,1.5,3.0,4.734999999999999,1.54,1
Xavier Cedeno,34.0,14.5,0.0,0.0,0.0,9.275,8.5,2.25,9.0,5.5,0.25,0.5,0.0,0.25,0.25,2.75,0.9924999999999999,2.3775,1
Yacksel Rios,27.0,21.5,0.0,0.0,0.0,21.075,25.5,16.0,21.0,9.5,4.0,1.75,1.0,0.0,0.0,1.25,8.057500000000001,2.0125,1
Yefry Ramirez,26.0,11.75,6.25,0.0,0.0,38.574999999999996,39.5,26.5,37.75,22.0,6.5,0.5,4.5,0.0,0.0,0.0,6.63,1.7149999999999999,1
Yency Almonte,26.0,21.0,0.0,0.0,0.0,24.1,27.0,12.0,21.5,9.0,4.0,0.0,0.5,0.0,0.5,2.0,3.6999999999999997,1.4300000000000002,1
Yennsy Diaz,23.0,1.0,0.0,0.0,0.0,0.2,1.0,2.0,0.0,4.0,0.0,0.0,0.0,0.0,0.0,0.0,27.0,7.5,1
Yimi Garcia,30.0,44.5,0.0,0.0,0.0,42.1,34.5,19.5,42.5,9.0,11.0,1.0,3.0,0.0,2.0,3.0,4.625,1.175,1
Yoan Lopez,27.0,40.0,0.0,0.0,0.0,34.6,29.5,13.0,26.5,9.0,6.5,1.0,3.5,0.5,1.5,11.0,3.205,1.015,1
Yohander Mendez,25.0,5.5,2.5,0.0,0.0,15.7,16.0,10.0,13.0,10.0,3.0,1.5,1.0,0.0,0.0,0.0,5.66,1.74,1
Yonny Chirinos,26.0,22.0,12.5,0.0,0.0,111.15,98.0,46.0,94.5,26.5,15.0,7.0,5.0,0.0,0.0,0.0,3.6799999999999997,1.135,2
Yoshihisa Hirano,36.0,68.5,0.0,0.0,0.0,59.55,50.0,23.0,60.0,22.5,6.5,4.5,4.0,2.0,4.5,24.0,3.5949999999999998,1.2349999999999999,2
Yovani Gallardo,34.0,10.5,9.0,0.0,0.0,47.05,53.5,33.5,29.0,23.5,7.0,4.0,4.0,0.0,0.0,0.0,18.314999999999998,3.34,2
Yu Darvish,34.0,19.5,19.5,0.0,0.0,109.1,88.0,50.5,139.0,38.5,20.0,3.5,5.5,0.0,0.0,0.0,4.465,1.2650000000000001,0
Yusei Kikuchi,29.0,32.0,32.0,1.0,1.0,161.2,195.0,98.0,116.0,50.0,36.0,6.0,11.0,0.0,0.0,0.0,5.46,1.52,0
Yusmeiro Petit,35.0,77.0,0.0,0.0,0.0,88.0,66.5,28.0,73.5,14.0,12.0,6.0,3.0,0.0,1.5,22.5,2.855,0.91,2
Zac Curtis,28.0,7.5,0.0,0.0,0.0,7.699999999999999,6.0,4.5,9.0,9.5,0.5,0.0,0.5,0.0,0.0,0.5,5.654999999999999,1.955,1
Zac Gallen,25.0,7.5,7.5,0.0,0.0,39.650000000000006,31.0,12.5,48.0,18.0,4.0,1.5,3.0,0.0,0.0,0.0,2.805,1.22,1
Zac Grotz,27.0,14.0,0.0,0.0,0.0,17.1,14.0,8.0,18.0,8.0,0.0,1.0,0.0,0.0,0.0,1.0,4.15,1.27,1
Zac Reininger,27.0,21.5,0.5,0.0,0.0,24.55,36.0,22.5,17.5,12.5,8.0,0.5,1.5,0.0,0.0,0.5,8.135,1.935,1
Zac Rosscup,32.0,13.166666666666668,0.0,0.0,0.0,8.55,8.166666666666666,4.666666666666667,14.333333333333332,5.166666666666666,1.8333333333333333,0.3333333333333333,0.5,0.0,0.6666666666666666,1.3333333333333335,8.415,2.23,1
Zach Davies,27.0,22.0,22.0,0.0,0.0,112.6,111.0,49.0,75.5,36.0,14.0,6.0,7.0,0.0,0.0,0.0,4.16,1.31,2
Zach Duke,37.0,33.0,0.0,0.0,0.0,24.375,24.75,12.5,21.75,14.25,2.25,2.75,1.75,0.0,0.75,6.25,4.79,1.555,1
Zach Eflin,26.0,28.0,26.0,1.0,0.5,145.55,151.0,68.5,126.0,42.5,22.0,10.5,10.5,0.0,0.0,0.0,4.245,1.3250000000000002,0
Zach McAllister,32.0,22.0,0.0,0.0,0.0,22.150000000000002,28.5,15.5,19.5,5.0,4.0,0.5,1.0,0.0,0.5,2.0,13.285,2.185,1
Zach Neal,31.0,1.0,0.0,0.0,0.0,1.0,2.0,1.0,0.0,0.0,1.0,0.0,0.0,0.0,0.0,0.0,9.0,2.0,1
Zach Plesac,25.0,21.0,21.0,1.0,1.0,115.2,102.0,49.0,88.0,40.0,19.0,8.0,6.0,0.0,0.0,0.0,3.81,1.23,2
Zack Britton,32.0,43.25,0.0,0.0,0.0,40.6,26.25,10.0,35.0,21.25,2.25,2.0,0.5,3.25,2.75,16.75,2.5375,1.1949999999999998,1
Zack Godley,30.0,24.75,18.25,0.0,0.0,112.05,112.5,62.25,110.0,51.0,11.5,8.5,6.75,0.5,0.0,0.0,4.952500000000001,1.4525000000000001,0
Zack Greinke,36.0,24.75,24.75,0.0,0.0,155.64999999999998,134.25,54.0,146.25,29.0,19.25,12.0,6.75,0.0,0.0,0.0,3.085,1.045,0
Zack Littell,24.0,18.5,1.0,0.0,0.0,28.55,29.5,12.5,23.0,10.0,3.5,3.0,1.0,0.0,0.5,0.5,4.44,1.4649999999999999,1
Zack Wheeler,30.0,30.0,30.0,0.0,0.0,188.6,173.0,76.5,187.0,52.5,18.0,11.5,7.5,0.0,0.0,0.0,3.635,1.19,0
