,Astros-SO,Astros-AVG,Astros-HBP,Astros-SH,Astros-HR,Astros-RBI,Astros-R,Astros-H,Result,Home,Away,SO,AVG,HBP,SH,HR,RBI,R,H,ERA-Starting ,ERA-Opposing,WHIP-Starting,WHIP-Opposing,K-Starting,K-Opposing
0,56.95,0.23908452400000002,3.0964285714999997,0.5642857145,11.982142855,40.289285715,41.80595238,71.295238095,0,HOU,ANA,47.388888885,0.217888889,2.5925925925,0.2037037035,8.037037037,26.370370375,27.574074075,49.796296295,2.69,4.1549999999999985,0.96,1.3,0.96,1.3
1,56.95,0.23908452400000002,3.0964285714999997,0.5642857145,11.982142855,40.289285715,41.80595238,71.295238095,0,HOU,ANA,47.388888885,0.217888889,2.5925925925,0.2037037035,8.037037037,26.370370375,27.574074075,49.796296295,3.09,3.31,1.12,1.16,1.12,1.16
2,56.95,0.23908452400000002,3.0964285714999997,0.5642857145,11.982142855,40.289285715,41.80595238,71.295238095,1,HOU,ANA,47.388888885,0.217888889,2.5925925925,0.2037037035,8.037037037,26.370370375,27.574074075,49.796296295,2.55,7.31,0.8500000000000001,1.53,0.8500000000000001,1.53
3,56.95,0.23908452400000002,3.0964285714999997,0.5642857145,11.982142855,40.289285715,41.80595238,71.295238095,0,ANA,HOU,47.388888885,0.217888889,2.5925925925,0.2037037035,8.037037037,26.370370375,27.574074075,49.796296295,3.86,4.53,1.17,1.245,1.17,1.245
4,56.95,0.23908452400000002,3.0964285714999997,0.5642857145,11.982142855,40.289285715,41.80595238,71.295238095,1,ANA,HOU,47.388888885,0.217888889,2.5925925925,0.2037037035,8.037037037,26.370370375,27.574074075,49.796296295,2.69,4.915,0.96,1.355,0.96,1.355
5,56.95,0.23908452400000002,3.0964285714999997,0.5642857145,11.982142855,40.289285715,41.80595238,71.295238095,1,ANA,HOU,47.388888885,0.217888889,2.5925925925,0.2037037035,8.037037037,26.370370375,27.574074075,49.796296295,2.55,5.985,0.8500000000000001,1.565,0.8500000000000001,1.565
6,56.95,0.23908452400000002,3.0964285714999997,0.5642857145,11.982142855,40.289285715,41.80595238,71.295238095,1,ANA,HOU,47.388888885,0.217888889,2.5925925925,0.2037037035,8.037037037,26.370370375,27.574074075,49.796296295,3.745,4.1549999999999985,1.34,1.3,1.34,1.3
7,56.95,0.23908452400000002,3.0964285714999997,0.5642857145,11.982142855,40.289285715,41.80595238,71.295238095,1,ANA,HOU,47.388888885,0.217888889,2.5925925925,0.2037037035,8.037037037,26.370370375,27.574074075,49.796296295,2.55,7.31,0.8500000000000001,1.53,0.8500000000000001,1.53
8,56.95,0.23908452400000002,3.0964285714999997,0.5642857145,11.982142855,40.289285715,41.80595238,71.295238095,0,ANA,HOU,47.388888885,0.217888889,2.5925925925,0.2037037035,8.037037037,26.370370375,27.574074075,49.796296295,3.86,4.53,1.17,1.245,1.17,1.245
9,56.95,0.23908452400000002,3.0964285714999997,0.5642857145,11.982142855,40.289285715,41.80595238,71.295238095,1,ANA,HOU,47.388888885,0.217888889,2.5925925925,0.2037037035,8.037037037,26.370370375,27.574074075,49.796296295,3.745,4.53,1.34,1.245,1.34,1.245
10,56.95,0.23908452400000002,3.0964285714999997,0.5642857145,11.982142855,40.289285715,41.80595238,71.295238095,1,ANA,HOU,47.388888885,0.217888889,2.5925925925,0.2037037035,8.037037037,26.370370375,27.574074075,49.796296295,2.55,4.915,0.8500000000000001,1.355,0.8500000000000001,1.355
11,56.95,0.23908452400000002,3.0964285714999997,0.5642857145,11.982142855,40.289285715,41.80595238,71.295238095,1,ANA,HOU,47.388888885,0.217888889,2.5925925925,0.2037037035,8.037037037,26.370370375,27.574074075,49.796296295,4.025,4.38,1.455,1.21,1.455,1.21
12,56.95,0.23908452400000002,3.0964285714999997,0.5642857145,11.982142855,40.289285715,41.80595238,71.295238095,0,HOU,ANA,47.388888885,0.217888889,2.5925925925,0.2037037035,8.037037037,26.370370375,27.574074075,49.796296295,2.55,4.53,0.8500000000000001,1.245,0.8500000000000001,1.245
13,56.95,0.23908452400000002,3.0964285714999997,0.5642857145,11.982142855,40.289285715,41.80595238,71.295238095,0,HOU,ANA,47.388888885,0.217888889,2.5925925925,0.2037037035,8.037037037,26.370370375,27.574074075,49.796296295,4.025,4.915,1.455,1.355,1.455,1.355
14,56.95,0.23908452400000002,3.0964285714999997,0.5642857145,11.982142855,40.289285715,41.80595238,71.295238095,1,HOU,ANA,47.388888885,0.217888889,2.5925925925,0.2037037035,8.037037037,26.370370375,27.574074075,49.796296295,3.5250000000000004,4.38,1.14,1.21,1.14,1.21
15,56.95,0.23908452400000002,3.0964285714999997,0.5642857145,11.982142855,40.289285715,41.80595238,71.295238095,1,HOU,ANA,47.388888885,0.217888889,2.5925925925,0.2037037035,8.037037037,26.370370375,27.574074075,49.796296295,2.69,3.31,0.96,1.16,0.96,1.16
16,56.95,0.23908452400000002,3.0964285714999997,0.5642857145,11.982142855,40.289285715,41.80595238,71.295238095,1,HOU,ANA,47.388888885,0.217888889,2.5925925925,0.2037037035,8.037037037,26.370370375,27.574074075,49.796296295,2.69,4.53,0.96,1.245,0.96,1.245
17,56.95,0.23908452400000002,3.0964285714999997,0.5642857145,11.982142855,40.289285715,41.80595238,71.295238095,1,HOU,ANA,47.388888885,0.217888889,2.5925925925,0.2037037035,8.037037037,26.370370375,27.574074075,49.796296295,2.55,4.915,0.8500000000000001,1.355,0.8500000000000001,1.355
18,56.95,0.23908452400000002,3.0964285714999997,0.5642857145,11.982142855,40.289285715,41.80595238,71.295238095,1,HOU,ANA,47.388888885,0.217888889,2.5925925925,0.2037037035,8.037037037,26.370370375,27.574074075,49.796296295,3.09,4.1549999999999985,1.12,1.3,1.12,1.3
19,56.95,0.23908452400000002,3.0964285714999997,0.5642857145,11.982142855,40.289285715,41.80595238,71.295238095,1,ANA,HOU,47.388888885,0.217888889,2.5925925925,0.2037037035,8.037037037,26.370370375,27.574074075,49.796296295,3.275,4.87,1.275,1.33,1.275,1.33
20,56.95,0.23908452400000002,3.0964285714999997,0.5642857145,11.982142855,40.289285715,41.80595238,71.295238095,1,ANA,HOU,47.388888885,0.217888889,2.5925925925,0.2037037035,8.037037037,26.370370375,27.574074075,49.796296295,2.55,6.42,0.8500000000000001,1.4725,0.8500000000000001,1.4725
21,56.95,0.23908452400000002,3.0964285714999997,0.5642857145,11.982142855,40.289285715,41.80595238,71.295238095,0,HOU,ANA,47.388888885,0.217888889,2.5925925925,0.2037037035,8.037037037,26.370370375,27.574074075,49.796296295,2.55,4.2650000000000015,0.8500000000000001,1.215,0.8500000000000001,1.215
22,56.95,0.23908452400000002,3.0964285714999997,0.5642857145,11.982142855,40.289285715,41.80595238,71.295238095,1,HOU,ANA,47.388888885,0.217888889,2.5925925925,0.2037037035,8.037037037,26.370370375,27.574074075,49.796296295,2.69,4.53,0.96,1.245,0.96,1.245
23,56.95,0.23908452400000002,3.0964285714999997,0.5642857145,11.982142855,40.289285715,41.80595238,71.295238095,1,HOU,ANA,47.388888885,0.217888889,2.5925925925,0.2037037035,8.037037037,26.370370375,27.574074075,49.796296295,3.95,7.11,1.1,1.64,1.1,1.64
24,56.95,0.23908452400000002,3.0964285714999997,0.5642857145,11.982142855,40.289285715,41.80595238,71.295238095,0,ANA,HOU,47.388888885,0.217888889,2.5925925925,0.2037037035,8.037037037,26.370370375,27.574074075,49.796296295,3.5250000000000004,4.58,1.14,1.22,1.14,1.22
25,56.95,0.23908452400000002,3.0964285714999997,0.5642857145,11.982142855,40.289285715,41.80595238,71.295238095,0,ANA,HOU,47.388888885,0.217888889,2.5925925925,0.2037037035,8.037037037,26.370370375,27.574074075,49.796296295,3.455,4.53,1.285,1.245,1.285,1.245
26,56.95,0.23908452400000002,3.0964285714999997,0.5642857145,11.982142855,40.289285715,41.80595238,71.295238095,1,ANA,HOU,47.388888885,0.217888889,2.5925925925,0.2037037035,8.037037037,26.370370375,27.574074075,49.796296295,2.69,4.38,0.96,1.21,0.96,1.21
27,56.95,0.23908452400000002,3.0964285714999997,0.5642857145,11.982142855,40.289285715,41.80595238,71.295238095,1,ANA,HOU,47.388888885,0.217888889,2.5925925925,0.2037037035,8.037037037,26.370370375,27.574074075,49.796296295,3.275,6.42,1.275,1.4725,1.275,1.4725
28,56.95,0.23908452400000002,3.0964285714999997,0.5642857145,11.982142855,40.289285715,41.80595238,71.295238095,1,HOU,ANA,47.388888885,0.217888889,2.5925925925,0.2037037035,8.037037037,26.370370375,27.574074075,49.796296295,3.085,7.11,1.045,1.64,1.045,1.64
29,56.95,0.23908452400000002,3.0964285714999997,0.5642857145,11.982142855,40.289285715,41.80595238,71.295238095,1,HOU,ANA,47.388888885,0.217888889,2.5925925925,0.2037037035,8.037037037,26.370370375,27.574074075,49.796296295,3.275,6.27,1.275,1.655,1.275,1.655
30,56.95,0.23908452400000002,3.0964285714999997,0.5642857145,11.982142855,40.289285715,41.80595238,71.295238095,1,HOU,ANA,47.388888885,0.217888889,2.5925925925,0.2037037035,8.037037037,26.370370375,27.574074075,49.796296295,4.025,4.915,1.455,1.355,1.455,1.355
31,56.95,0.23908452400000002,3.0964285714999997,0.5642857145,11.982142855,40.289285715,41.80595238,71.295238095,1,HOU,ANA,47.388888885,0.217888889,2.5925925925,0.2037037035,8.037037037,26.370370375,27.574074075,49.796296295,3.085,4.915,1.045,1.355,1.045,1.355
32,56.95,0.23908452400000002,3.0964285714999997,0.5642857145,11.982142855,40.289285715,41.80595238,71.295238095,0,HOU,ANA,47.388888885,0.217888889,2.5925925925,0.2037037035,8.037037037,26.370370375,27.574074075,49.796296295,3.275,5.03,1.275,1.37,1.275,1.37
33,56.95,0.23908452400000002,3.0964285714999997,0.5642857145,11.982142855,40.289285715,41.80595238,71.295238095,1,HOU,ANA,47.388888885,0.217888889,2.5925925925,0.2037037035,8.037037037,26.370370375,27.574074075,49.796296295,2.55,2.75,0.8500000000000001,1.42,0.8500000000000001,1.42
34,56.95,0.23908452400000002,3.0964285714999997,0.5642857145,11.982142855,40.289285715,41.80595238,71.295238095,0,ANA,HOU,47.388888885,0.217888889,2.5925925925,0.2037037035,8.037037037,26.370370375,27.574074075,49.796296295,3.275,4.915,1.275,1.355,1.275,1.355
35,56.95,0.23908452400000002,3.0964285714999997,0.5642857145,11.982142855,40.289285715,41.80595238,71.295238095,1,ANA,HOU,47.388888885,0.217888889,2.5925925925,0.2037037035,8.037037037,26.370370375,27.574074075,49.796296295,3.95,5.03,1.1,1.37,1.1,1.37
36,56.95,0.23908452400000002,3.0964285714999997,0.5642857145,11.982142855,40.289285715,41.80595238,71.295238095,1,ANA,HOU,47.388888885,0.217888889,2.5925925925,0.2037037035,8.037037037,26.370370375,27.574074075,49.796296295,2.55,7.11,0.8500000000000001,1.64,0.8500000000000001,1.64
37,56.95,0.23908452400000002,3.0964285714999997,0.5642857145,11.982142855,40.289285715,41.80595238,71.295238095,1,ANA,HOU,47.388888885,0.217888889,2.5925925925,0.2037037035,8.037037037,26.370370375,27.574074075,49.796296295,2.69,6.27,0.96,1.655,0.96,1.655
38,56.95,0.23908452400000002,3.0964285714999997,0.5642857145,11.982142855,40.289285715,41.80595238,71.295238095,1,ARI,HOU,59.064935065,0.2243257575,2.8484848485,0.3463203465,9.11904762,32.58982684,34.31168831,61.34090909,2.69,15.75,0.96,3.25,0.96,3.25
39,56.95,0.23908452400000002,3.0964285714999997,0.5642857145,11.982142855,40.289285715,41.80595238,71.295238095,0,ARI,HOU,59.064935065,0.2243257575,2.8484848485,0.3463203465,9.11904762,32.58982684,34.31168831,61.34090909,3.09,3.085,1.12,1.045,1.12,1.045
40,56.95,0.23908452400000002,3.0964285714999997,0.5642857145,11.982142855,40.289285715,41.80595238,71.295238095,0,ARI,HOU,59.064935065,0.2243257575,2.8484848485,0.3463203465,9.11904762,32.58982684,34.31168831,61.34090909,2.55,6.65,0.8500000000000001,1.435,0.8500000000000001,1.435
41,56.95,0.23908452400000002,3.0964285714999997,0.5642857145,11.982142855,40.289285715,41.80595238,71.295238095,0,HOU,ARI,59.064935065,0.2243257575,2.8484848485,0.3463203465,9.11904762,32.58982684,34.31168831,61.34090909,3.745,4.135,1.34,1.3450000000000002,1.34,1.3450000000000002
42,56.95,0.23908452400000002,3.0964285714999997,0.5642857145,11.982142855,40.289285715,41.80595238,71.295238095,1,HOU,ARI,59.064935065,0.2243257575,2.8484848485,0.3463203465,9.11904762,32.58982684,34.31168831,61.34090909,3.09,4.9525000000000015,1.12,1.4525,1.12,1.4525
43,56.95,0.23908452400000002,3.0964285714999997,0.5642857145,11.982142855,40.289285715,41.80595238,71.295238095,1,HOU,ARI,59.064935065,0.2243257575,2.8484848485,0.3463203465,9.11904762,32.58982684,34.31168831,61.34090909,2.55,3.085,0.8500000000000001,1.045,0.8500000000000001,1.045
44,56.95,0.23908452400000002,3.0964285714999997,0.5642857145,11.982142855,40.289285715,41.80595238,71.295238095,1,HOU,BAL,54.863095235,0.21554761900000002,2.4970238095,0.610119048,7.7946428569999995,25.13095238,26.220238095,52.19047619,3.09,10.46,1.12,2.21,1.12,2.21
45,56.95,0.23908452400000002,3.0964285714999997,0.5642857145,11.982142855,40.289285715,41.80595238,71.295238095,1,HOU,BAL,54.863095235,0.21554761900000002,2.4970238095,0.610119048,7.7946428569999995,25.13095238,26.220238095,52.19047619,2.55,6.824999999999998,0.8500000000000001,1.77,0.8500000000000001,1.77
46,56.95,0.23908452400000002,3.0964285714999997,0.5642857145,11.982142855,40.289285715,41.80595238,71.295238095,1,HOU,BAL,54.863095235,0.21554761900000002,2.4970238095,0.610119048,7.7946428569999995,25.13095238,26.220238095,52.19047619,3.745,5.12,1.34,1.38,1.34,1.38
47,56.95,0.23908452400000002,3.0964285714999997,0.5642857145,11.982142855,40.289285715,41.80595238,71.295238095,1,BAL,HOU,54.863095235,0.21554761900000002,2.4970238095,0.610119048,7.7946428569999995,25.13095238,26.220238095,52.19047619,2.69,5.9849999999999985,0.96,1.465,0.96,1.465
48,56.95,0.23908452400000002,3.0964285714999997,0.5642857145,11.982142855,40.289285715,41.80595238,71.295238095,1,BAL,HOU,54.863095235,0.21554761900000002,2.4970238095,0.610119048,7.7946428569999995,25.13095238,26.220238095,52.19047619,2.55,5.12,0.8500000000000001,1.38,0.8500000000000001,1.38
49,56.95,0.23908452400000002,3.0964285714999997,0.5642857145,11.982142855,40.289285715,41.80595238,71.295238095,1,BAL,HOU,54.863095235,0.21554761900000002,2.4970238095,0.610119048,7.7946428569999995,25.13095238,26.220238095,52.19047619,2.55,5.12,0.8500000000000001,1.38,0.8500000000000001,1.38
50,56.95,0.23908452400000002,3.0964285714999997,0.5642857145,11.982142855,40.289285715,41.80595238,71.295238095,1,BAL,HOU,54.863095235,0.21554761900000002,2.4970238095,0.610119048,7.7946428569999995,25.13095238,26.220238095,52.19047619,3.745,6.63,1.34,1.715,1.34,1.715
51,56.95,0.23908452400000002,3.0964285714999997,0.5642857145,11.982142855,40.289285715,41.80595238,71.295238095,1,BAL,HOU,54.863095235,0.21554761900000002,2.4970238095,0.610119048,7.7946428569999995,25.13095238,26.220238095,52.19047619,3.745,6.63,1.34,1.715,1.34,1.715
52,56.95,0.23908452400000002,3.0964285714999997,0.5642857145,11.982142855,40.289285715,41.80595238,71.295238095,0,BAL,HOU,54.863095235,0.21554761900000002,2.4970238095,0.610119048,7.7946428569999995,25.13095238,26.220238095,52.19047619,3.09,6.1,1.12,1.64,1.12,1.64
53,56.95,0.23908452400000002,3.0964285714999997,0.5642857145,11.982142855,40.289285715,41.80595238,71.295238095,1,HOU,BAL,54.863095235,0.21554761900000002,2.4970238095,0.610119048,7.7946428569999995,25.13095238,26.220238095,52.19047619,2.69,5.61,0.96,1.37,0.96,1.37
54,56.95,0.23908452400000002,3.0964285714999997,0.5642857145,11.982142855,40.289285715,41.80595238,71.295238095,0,HOU,BAL,54.863095235,0.21554761900000002,2.4970238095,0.610119048,7.7946428569999995,25.13095238,26.220238095,52.19047619,4.025,5.1525,1.455,1.4925000000000002,1.455,1.4925000000000002
55,56.95,0.23908452400000002,3.0964285714999997,0.5642857145,11.982142855,40.289285715,41.80595238,71.295238095,1,HOU,BAL,54.863095235,0.21554761900000002,2.4970238095,0.610119048,7.7946428569999995,25.13095238,26.220238095,52.19047619,3.275,5.12,1.275,1.38,1.275,1.38
56,56.95,0.23908452400000002,3.0964285714999997,0.5642857145,11.982142855,40.289285715,41.80595238,71.295238095,1,BAL,HOU,54.863095235,0.21554761900000002,2.4970238095,0.610119048,7.7946428569999995,25.13095238,26.220238095,52.19047619,3.275,5.12,1.275,1.38,1.275,1.38
57,56.95,0.23908452400000002,3.0964285714999997,0.5642857145,11.982142855,40.289285715,41.80595238,71.295238095,1,BAL,HOU,54.863095235,0.21554761900000002,2.4970238095,0.610119048,7.7946428569999995,25.13095238,26.220238095,52.19047619,5.1675,2.7975,1.51,1.25,1.51,1.25
58,56.95,0.23908452400000002,3.0964285714999997,0.5642857145,11.982142855,40.289285715,41.80595238,71.295238095,0,BAL,HOU,54.863095235,0.21554761900000002,2.4970238095,0.610119048,7.7946428569999995,25.13095238,26.220238095,52.19047619,2.55,4.92,0.8500000000000001,1.31,0.8500000000000001,1.31
59,56.95,0.23908452400000002,3.0964285714999997,0.5642857145,11.982142855,40.289285715,41.80595238,71.295238095,1,HOU,BOS,63.717857144999996,0.23366547599999998,2.5416666665000003,0.6035714285,11.033333335,41.03095238,43.204761905,74.60119047500001,3.86,5.0575,1.17,1.515,1.17,1.515
60,56.95,0.23908452400000002,3.0964285714999997,0.5642857145,11.982142855,40.289285715,41.80595238,71.295238095,1,HOU,BOS,63.717857144999996,0.23366547599999998,2.5416666665000003,0.6035714285,11.033333335,41.03095238,43.204761905,74.60119047500001,2.69,3.255,0.96,0.975,0.96,0.975
61,56.95,0.23908452400000002,3.0964285714999997,0.5642857145,11.982142855,40.289285715,41.80595238,71.295238095,0,HOU,BOS,63.717857144999996,0.23366547599999998,2.5416666665000003,0.6035714285,11.033333335,41.03095238,43.204761905,74.60119047500001,2.55,3.93,0.8500000000000001,1.225,0.8500000000000001,1.225
62,56.95,0.23908452400000002,3.0964285714999997,0.5642857145,11.982142855,40.289285715,41.80595238,71.295238095,0,HOU,BOS,63.717857144999996,0.23366547599999998,2.5416666665000003,0.6035714285,11.033333335,41.03095238,43.204761905,74.60119047500001,3.09,4.9,1.12,1.285,1.12,1.285
63,56.95,0.23908452400000002,3.0964285714999997,0.5642857145,11.982142855,40.289285715,41.80595238,71.295238095,1,BOS,HOU,63.717857144999996,0.23366547599999998,2.5416666665000003,0.6035714285,11.033333335,41.03095238,43.204761905,74.60119047500001,3.09,3.815,1.12,1.295,1.12,1.295
64,56.95,0.23908452400000002,3.0964285714999997,0.5642857145,11.982142855,40.289285715,41.80595238,71.295238095,0,BOS,HOU,63.717857144999996,0.23366547599999998,2.5416666665000003,0.6035714285,11.033333335,41.03095238,43.204761905,74.60119047500001,3.745,4.9,1.34,1.285,1.34,1.285
65,56.95,0.23908452400000002,3.0964285714999997,0.5642857145,11.982142855,40.289285715,41.80595238,71.295238095,1,BOS,HOU,63.717857144999996,0.23366547599999998,2.5416666665000003,0.6035714285,11.033333335,41.03095238,43.204761905,74.60119047500001,2.69,4.9,0.96,1.285,0.96,1.285
66,56.95,0.23908452400000002,3.0964285714999997,0.5642857145,11.982142855,40.289285715,41.80595238,71.295238095,1,BOS,HOU,63.717857144999996,0.23366547599999998,2.5416666665000003,0.6035714285,11.033333335,41.03095238,43.204761905,74.60119047500001,5.59,4.305,1.81,1.49,1.81,1.49
67,56.95,0.23908452400000002,3.0964285714999997,0.5642857145,11.982142855,40.289285715,41.80595238,71.295238095,0,BOS,HOU,63.717857144999996,0.23366547599999998,2.5416666665000003,0.6035714285,11.033333335,41.03095238,43.204761905,74.60119047500001,3.275,3.255,1.275,0.975,1.275,0.975
68,56.95,0.23908452400000002,3.0964285714999997,0.5642857145,11.982142855,40.289285715,41.80595238,71.295238095,1,HOU,BOS,63.717857144999996,0.23366547599999998,2.5416666665000003,0.6035714285,11.033333335,41.03095238,43.204761905,74.60119047500001,3.275,3.255,1.275,0.975,1.275,0.975
69,56.95,0.23908452400000002,3.0964285714999997,0.5642857145,11.982142855,40.289285715,41.80595238,71.295238095,1,HOU,BOS,63.717857144999996,0.23366547599999998,2.5416666665000003,0.6035714285,11.033333335,41.03095238,43.204761905,74.60119047500001,3.79,3.93,1.18,1.225,1.18,1.225
70,56.95,0.23908452400000002,3.0964285714999997,0.5642857145,11.982142855,40.289285715,41.80595238,71.295238095,0,HOU,BOS,63.717857144999996,0.23366547599999998,2.5416666665000003,0.6035714285,11.033333335,41.03095238,43.204761905,74.60119047500001,2.55,3.815,0.8500000000000001,1.295,0.8500000000000001,1.295
71,56.95,0.23908452400000002,3.0964285714999997,0.5642857145,11.982142855,40.289285715,41.80595238,71.295238095,1,CHA,HOU,70.86363636,0.23681818200000002,3.0,1.295454545,8.272727273,29.840909095,31.0,63.022727275,2.55,4.53,0.8500000000000001,1.31,0.8500000000000001,1.31
72,56.95,0.23908452400000002,3.0964285714999997,0.5642857145,11.982142855,40.289285715,41.80595238,71.295238095,1,CHA,HOU,70.86363636,0.23681818200000002,3.0,1.295454545,8.272727273,29.840909095,31.0,63.022727275,3.745,4.77,1.34,1.27,1.34,1.27
73,56.95,0.23908452400000002,3.0964285714999997,0.5642857145,11.982142855,40.289285715,41.80595238,71.295238095,1,CHA,HOU,70.86363636,0.23681818200000002,3.0,1.295454545,8.272727273,29.840909095,31.0,63.022727275,3.86,4.645,1.17,1.365,1.17,1.365
74,56.95,0.23908452400000002,3.0964285714999997,0.5642857145,11.982142855,40.289285715,41.80595238,71.295238095,1,HOU,CHA,70.86363636,0.23681818200000002,3.0,1.295454545,8.272727273,29.840909095,31.0,63.022727275,2.55,4.6850000000000005,0.8500000000000001,1.35,0.8500000000000001,1.35
75,56.95,0.23908452400000002,3.0964285714999997,0.5642857145,11.982142855,40.289285715,41.80595238,71.295238095,1,HOU,CHA,70.86363636,0.23681818200000002,3.0,1.295454545,8.272727273,29.840909095,31.0,63.022727275,3.86,4.645,1.17,1.365,1.17,1.365
76,56.95,0.23908452400000002,3.0964285714999997,0.5642857145,11.982142855,40.289285715,41.80595238,71.295238095,1,HOU,CHA,70.86363636,0.23681818200000002,3.0,1.295454545,8.272727273,29.840909095,31.0,63.022727275,3.09,4.53,1.12,1.31,1.12,1.31
77,56.95,0.23908452400000002,3.0964285714999997,0.5642857145,11.982142855,40.289285715,41.80595238,71.295238095,1,HOU,CHA,70.86363636,0.23681818200000002,3.0,1.295454545,8.272727273,29.840909095,31.0,63.022727275,3.745,4.77,1.34,1.27,1.34,1.27
78,56.95,0.23908452400000002,3.0964285714999997,0.5642857145,11.982142855,40.289285715,41.80595238,71.295238095,1,HOU,CHA,70.86363636,0.23681818200000002,3.0,1.295454545,8.272727273,29.840909095,31.0,63.022727275,3.79,6.0150000000000015,1.18,1.565,1.18,1.565
79,56.95,0.23908452400000002,3.0964285714999997,0.5642857145,11.982142855,40.289285715,41.80595238,71.295238095,1,HOU,CHA,70.86363636,0.23681818200000002,3.0,1.295454545,8.272727273,29.840909095,31.0,63.022727275,2.55,6.58,0.8500000000000001,1.625,0.8500000000000001,1.625
80,56.95,0.23908452400000002,3.0964285714999997,0.5642857145,11.982142855,40.289285715,41.80595238,71.295238095,0,HOU,CHA,70.86363636,0.23681818200000002,3.0,1.295454545,8.272727273,29.840909095,31.0,63.022727275,2.69,4.455,0.96,1.365,0.96,1.365
81,56.95,0.23908452400000002,3.0964285714999997,0.5642857145,11.982142855,40.289285715,41.80595238,71.295238095,0,HOU,CHA,70.86363636,0.23681818200000002,3.0,1.295454545,8.272727273,29.840909095,31.0,63.022727275,5.59,4.77,1.81,1.27,1.81,1.27
82,56.95,0.23908452400000002,3.0964285714999997,0.5642857145,11.982142855,40.289285715,41.80595238,71.295238095,1,CHA,HOU,70.86363636,0.23681818200000002,3.0,1.295454545,8.272727273,29.840909095,31.0,63.022727275,3.085,5.79,1.045,1.55,1.045,1.55
83,56.95,0.23908452400000002,3.0964285714999997,0.5642857145,11.982142855,40.289285715,41.80595238,71.295238095,1,CHA,HOU,70.86363636,0.23681818200000002,3.0,1.295454545,8.272727273,29.840909095,31.0,63.022727275,3.085,5.79,1.045,1.55,1.045,1.55
84,56.95,0.23908452400000002,3.0964285714999997,0.5642857145,11.982142855,40.289285715,41.80595238,71.295238095,0,CHA,HOU,70.86363636,0.23681818200000002,3.0,1.295454545,8.272727273,29.840909095,31.0,63.022727275,4.505,4.455,1.23,1.365,1.23,1.365
85,56.95,0.23908452400000002,3.0964285714999997,0.5642857145,11.982142855,40.289285715,41.80595238,71.295238095,0,CHA,HOU,70.86363636,0.23681818200000002,3.0,1.295454545,8.272727273,29.840909095,31.0,63.022727275,4.505,4.455,1.23,1.365,1.23,1.365
86,56.95,0.23908452400000002,3.0964285714999997,0.5642857145,11.982142855,40.289285715,41.80595238,71.295238095,0,CHA,HOU,70.86363636,0.23681818200000002,3.0,1.295454545,8.272727273,29.840909095,31.0,63.022727275,3.275,5.545,1.275,1.645,1.275,1.645
87,56.95,0.23908452400000002,3.0964285714999997,0.5642857145,11.982142855,40.289285715,41.80595238,71.295238095,1,HOU,CHN,59.880434785,0.236304348,3.710869565,0.477173913,9.66847826,34.19673913,36.13478261,64.70869565,2.69,3.675,0.96,1.3125,0.96,1.3125
88,56.95,0.23908452400000002,3.0964285714999997,0.5642857145,11.982142855,40.289285715,41.80595238,71.295238095,1,HOU,CHN,59.880434785,0.236304348,3.710869565,0.477173913,9.66847826,34.19673913,36.13478261,64.70869565,5.59,3.89,1.81,1.405,1.81,1.405
89,56.95,0.23908452400000002,3.0964285714999997,0.5642857145,11.982142855,40.289285715,41.80595238,71.295238095,0,HOU,CHN,59.880434785,0.236304348,3.710869565,0.477173913,9.66847826,34.19673913,36.13478261,64.70869565,3.275,3.45,1.275,1.14,1.275,1.14
90,56.95,0.23908452400000002,3.0964285714999997,0.5642857145,11.982142855,40.289285715,41.80595238,71.295238095,0,CIN,HOU,52.53130435,0.2349808695,3.2347826084999998,0.463478261,8.231304348,27.39826087,28.466086955,55.39478261,3.275,3.85,1.275,1.18,1.275,1.18
91,56.95,0.23908452400000002,3.0964285714999997,0.5642857145,11.982142855,40.289285715,41.80595238,71.295238095,0,CIN,HOU,52.53130435,0.2349808695,3.2347826084999998,0.463478261,8.231304348,27.39826087,28.466086955,55.39478261,2.55,4.41,0.8500000000000001,1.245,0.8500000000000001,1.245
92,56.95,0.23908452400000002,3.0964285714999997,0.5642857145,11.982142855,40.289285715,41.80595238,71.295238095,0,CIN,HOU,52.53130435,0.2349808695,3.2347826084999998,0.463478261,8.231304348,27.39826087,28.466086955,55.39478261,2.69,5.0600000000000005,0.96,1.4500000000000002,0.96,1.4500000000000002
93,56.95,0.23908452400000002,3.0964285714999997,0.5642857145,11.982142855,40.289285715,41.80595238,71.295238095,1,HOU,CLE,50.944816055000004,0.22319648800000003,2.7006688965000003,1.230769231,8.984113712500001,31.1229097,32.549331105,57.43227425,3.09,2.865,1.12,1.11,1.12,1.11
94,56.95,0.23908452400000002,3.0964285714999997,0.5642857145,11.982142855,40.289285715,41.80595238,71.295238095,0,HOU,CLE,50.944816055000004,0.22319648800000003,2.7006688965000003,1.230769231,8.984113712500001,31.1229097,32.549331105,57.43227425,3.745,4.345,1.34,1.3199999999999998,1.34,1.3199999999999998
95,56.95,0.23908452400000002,3.0964285714999997,0.5642857145,11.982142855,40.289285715,41.80595238,71.295238095,1,HOU,CLE,50.944816055000004,0.22319648800000003,2.7006688965000003,1.230769231,8.984113712500001,31.1229097,32.549331105,57.43227425,3.86,4.335,1.17,1.24,1.17,1.24
96,56.95,0.23908452400000002,3.0964285714999997,0.5642857145,11.982142855,40.289285715,41.80595238,71.295238095,1,CLE,HOU,50.944816055000004,0.22319648800000003,2.7006688965000003,1.230769231,8.984113712500001,31.1229097,32.549331105,57.43227425,3.09,2.865,1.12,1.11,1.12,1.11
97,56.95,0.23908452400000002,3.0964285714999997,0.5642857145,11.982142855,40.289285715,41.80595238,71.295238095,1,CLE,HOU,50.944816055000004,0.22319648800000003,2.7006688965000003,1.230769231,8.984113712500001,31.1229097,32.549331105,57.43227425,3.745,4.345,1.34,1.3199999999999998,1.34,1.3199999999999998
98,56.95,0.23908452400000002,3.0964285714999997,0.5642857145,11.982142855,40.289285715,41.80595238,71.295238095,0,CLE,HOU,50.944816055000004,0.22319648800000003,2.7006688965000003,1.230769231,8.984113712500001,31.1229097,32.549331105,57.43227425,3.86,4.335,1.17,1.24,1.17,1.24
99,56.95,0.23908452400000002,3.0964285714999997,0.5642857145,11.982142855,40.289285715,41.80595238,71.295238095,0,CLE,HOU,50.944816055000004,0.22319648800000003,2.7006688965000003,1.230769231,8.984113712500001,31.1229097,32.549331105,57.43227425,2.69,3.65,0.96,1.185,0.96,1.185
100,56.95,0.23908452400000002,3.0964285714999997,0.5642857145,11.982142855,40.289285715,41.80595238,71.295238095,0,HOU,CLE,50.944816055000004,0.22319648800000003,2.7006688965000003,1.230769231,8.984113712500001,31.1229097,32.549331105,57.43227425,2.69,3.65,0.96,1.185,0.96,1.185
101,56.95,0.23908452400000002,3.0964285714999997,0.5642857145,11.982142855,40.289285715,41.80595238,71.295238095,0,HOU,CLE,50.944816055000004,0.22319648800000003,2.7006688965000003,1.230769231,8.984113712500001,31.1229097,32.549331105,57.43227425,3.345,4.345,1.07,1.3199999999999998,1.07,1.3199999999999998
102,56.95,0.23908452400000002,3.0964285714999997,0.5642857145,11.982142855,40.289285715,41.80595238,71.295238095,1,HOU,CLE,50.944816055000004,0.22319648800000003,2.7006688965000003,1.230769231,8.984113712500001,31.1229097,32.549331105,57.43227425,3.79,3.915,1.18,1.19,1.18,1.19
103,56.95,0.23908452400000002,3.0964285714999997,0.5642857145,11.982142855,40.289285715,41.80595238,71.295238095,1,HOU,CLE,50.944816055000004,0.22319648800000003,2.7006688965000003,1.230769231,8.984113712500001,31.1229097,32.549331105,57.43227425,3.275,4.335,1.275,1.24,1.275,1.24
104,56.95,0.23908452400000002,3.0964285714999997,0.5642857145,11.982142855,40.289285715,41.80595238,71.295238095,1,CLE,HOU,50.944816055000004,0.22319648800000003,2.7006688965000003,1.230769231,8.984113712500001,31.1229097,32.549331105,57.43227425,2.55,3.915,0.8500000000000001,1.19,0.8500000000000001,1.19
105,56.95,0.23908452400000002,3.0964285714999997,0.5642857145,11.982142855,40.289285715,41.80595238,71.295238095,0,CLE,HOU,50.944816055000004,0.22319648800000003,2.7006688965000003,1.230769231,8.984113712500001,31.1229097,32.549331105,57.43227425,3.95,3.81,1.1,1.23,1.1,1.23
106,56.95,0.23908452400000002,3.0964285714999997,0.5642857145,11.982142855,40.289285715,41.80595238,71.295238095,1,CLE,HOU,50.944816055000004,0.22319648800000003,2.7006688965000003,1.230769231,8.984113712500001,31.1229097,32.549331105,57.43227425,2.69,4.5,0.96,1.75,0.96,1.75
107,56.95,0.23908452400000002,3.0964285714999997,0.5642857145,11.982142855,40.289285715,41.80595238,71.295238095,1,COL,HOU,63.989285715,0.2342440475,2.273809524,0.4892857145,10.558333335,36.920238095,38.475,69.354761905,2.69,8.155,0.96,1.7,0.96,1.7
108,56.95,0.23908452400000002,3.0964285714999997,0.5642857145,11.982142855,40.289285715,41.80595238,71.295238095,0,COL,HOU,63.989285715,0.2342440475,2.273809524,0.4892857145,10.558333335,36.920238095,38.475,69.354761905,3.09,4.48,1.12,1.35,1.12,1.35
109,56.95,0.23908452400000002,3.0964285714999997,0.5642857145,11.982142855,40.289285715,41.80595238,71.295238095,0,HOU,COL,63.989285715,0.2342440475,2.273809524,0.4892857145,10.558333335,36.920238095,38.475,69.354761905,2.55,4.265,0.8500000000000001,1.2,0.8500000000000001,1.2
110,56.95,0.23908452400000002,3.0964285714999997,0.5642857145,11.982142855,40.289285715,41.80595238,71.295238095,1,HOU,COL,63.989285715,0.2342440475,2.273809524,0.4892857145,10.558333335,36.920238095,38.475,69.354761905,2.69,8.155,0.96,1.7,0.96,1.7
111,56.95,0.23908452400000002,3.0964285714999997,0.5642857145,11.982142855,40.289285715,41.80595238,71.295238095,1,COL,HOU,63.989285715,0.2342440475,2.273809524,0.4892857145,10.558333335,36.920238095,38.475,69.354761905,3.95,4.265,1.1,1.2,1.1,1.2
112,56.95,0.23908452400000002,3.0964285714999997,0.5642857145,11.982142855,40.289285715,41.80595238,71.295238095,1,COL,HOU,63.989285715,0.2342440475,2.273809524,0.4892857145,10.558333335,36.920238095,38.475,69.354761905,3.275,7.25,1.275,1.74,1.275,1.74
113,56.95,0.23908452400000002,3.0964285714999997,0.5642857145,11.982142855,40.289285715,41.80595238,71.295238095,1,HOU,COL,63.989285715,0.2342440475,2.273809524,0.4892857145,10.558333335,36.920238095,38.475,69.354761905,3.085,4.265,1.045,1.2,1.045,1.2
114,56.95,0.23908452400000002,3.0964285714999997,0.5642857145,11.982142855,40.289285715,41.80595238,71.295238095,1,HOU,COL,63.989285715,0.2342440475,2.273809524,0.4892857145,10.558333335,36.920238095,38.475,69.354761905,2.69,7.25,0.96,1.74,0.96,1.74
115,56.95,0.23908452400000002,3.0964285714999997,0.5642857145,11.982142855,40.289285715,41.80595238,71.295238095,1,HOU,DET,66.13636363500001,0.220568182,2.272727273,0.5,6.4545454545,26.204545455,27.5,60.34090909,3.745,3.9,1.34,1.19,1.34,1.19
116,56.95,0.23908452400000002,3.0964285714999997,0.5642857145,11.982142855,40.289285715,41.80595238,71.295238095,1,HOU,DET,66.13636363500001,0.220568182,2.272727273,0.5,6.4545454545,26.204545455,27.5,60.34090909,2.69,4.69,0.96,1.31,0.96,1.31
117,56.95,0.23908452400000002,3.0964285714999997,0.5642857145,11.982142855,40.289285715,41.80595238,71.295238095,0,HOU,DET,66.13636363500001,0.220568182,2.272727273,0.5,6.4545454545,26.204545455,27.5,60.34090909,2.55,4.025,0.8500000000000001,1.4300000000000002,0.8500000000000001,1.4300000000000002
118,56.95,0.23908452400000002,3.0964285714999997,0.5642857145,11.982142855,40.289285715,41.80595238,71.295238095,1,DET,HOU,66.13636363500001,0.220568182,2.272727273,0.5,6.4545454545,26.204545455,27.5,60.34090909,2.55,4.025,0.8500000000000001,1.4300000000000002,0.8500000000000001,1.4300000000000002
119,56.95,0.23908452400000002,3.0964285714999997,0.5642857145,11.982142855,40.289285715,41.80595238,71.295238095,1,DET,HOU,66.13636363500001,0.220568182,2.272727273,0.5,6.4545454545,26.204545455,27.5,60.34090909,4.025,5.715,1.455,1.39,1.455,1.39
120,56.95,0.23908452400000002,3.0964285714999997,0.5642857145,11.982142855,40.289285715,41.80595238,71.295238095,1,DET,HOU,66.13636363500001,0.220568182,2.272727273,0.5,6.4545454545,26.204545455,27.5,60.34090909,2.69,5.085,0.96,1.4,0.96,1.4
121,56.95,0.23908452400000002,3.0964285714999997,0.5642857145,11.982142855,40.289285715,41.80595238,71.295238095,1,DET,HOU,66.13636363500001,0.220568182,2.272727273,0.5,6.4545454545,26.204545455,27.5,60.34090909,3.79,4.56,1.18,1.23,1.18,1.23
122,56.95,0.23908452400000002,3.0964285714999997,0.5642857145,11.982142855,40.289285715,41.80595238,71.295238095,1,DET,HOU,66.13636363500001,0.220568182,2.272727273,0.5,6.4545454545,26.204545455,27.5,60.34090909,3.275,8.275,1.275,1.76,1.275,1.76
123,56.95,0.23908452400000002,3.0964285714999997,0.5642857145,11.982142855,40.289285715,41.80595238,71.295238095,1,DET,HOU,66.13636363500001,0.220568182,2.272727273,0.5,6.4545454545,26.204545455,27.5,60.34090909,2.55,5.77,0.8500000000000001,1.86,0.8500000000000001,1.86
124,56.95,0.23908452400000002,3.0964285714999997,0.5642857145,11.982142855,40.289285715,41.80595238,71.295238095,1,HOU,DET,66.13636363500001,0.220568182,2.272727273,0.5,6.4545454545,26.204545455,27.5,60.34090909,3.275,6.5625,1.275,1.6349999999999998,1.275,1.6349999999999998
125,56.95,0.23908452400000002,3.0964285714999997,0.5642857145,11.982142855,40.289285715,41.80595238,71.295238095,1,HOU,DET,66.13636363500001,0.220568182,2.272727273,0.5,6.4545454545,26.204545455,27.5,60.34090909,5.1675,5.335,1.51,1.365,1.51,1.365
126,56.95,0.23908452400000002,3.0964285714999997,0.5642857145,11.982142855,40.289285715,41.80595238,71.295238095,0,HOU,DET,66.13636363500001,0.220568182,2.272727273,0.5,6.4545454545,26.204545455,27.5,60.34090909,2.55,5.085,0.8500000000000001,1.4,0.8500000000000001,1.4
127,56.95,0.23908452400000002,3.0964285714999997,0.5642857145,11.982142855,40.289285715,41.80595238,71.295238095,1,HOU,DET,66.13636363500001,0.220568182,2.272727273,0.5,6.4545454545,26.204545455,27.5,60.34090909,2.69,5.715,0.96,1.39,0.96,1.39
128,56.95,0.23908452400000002,3.0964285714999997,0.5642857145,11.982142855,40.289285715,41.80595238,71.295238095,1,KCA,HOU,57.32155797,0.2303759055,2.6856884055,0.9583333334999999,6.7445652175,26.777173915,28.24365942,57.49094203,3.09,4.805,1.12,1.35,1.12,1.35
129,56.95,0.23908452400000002,3.0964285714999997,0.5642857145,11.982142855,40.289285715,41.80595238,71.295238095,1,KCA,HOU,57.32155797,0.2303759055,2.6856884055,0.9583333334999999,6.7445652175,26.777173915,28.24365942,57.49094203,3.745,4.6099999999999985,1.34,1.4,1.34,1.4
130,56.95,0.23908452400000002,3.0964285714999997,0.5642857145,11.982142855,40.289285715,41.80595238,71.295238095,1,KCA,HOU,57.32155797,0.2303759055,2.6856884055,0.9583333334999999,6.7445652175,26.777173915,28.24365942,57.49094203,3.86,3.635,1.17,1.3250000000000002,1.17,1.3250000000000002
131,56.95,0.23908452400000002,3.0964285714999997,0.5642857145,11.982142855,40.289285715,41.80595238,71.295238095,0,HOU,KCA,57.32155797,0.2303759055,2.6856884055,0.9583333334999999,6.7445652175,26.777173915,28.24365942,57.49094203,3.745,4.6099999999999985,1.34,1.4,1.34,1.4
132,56.95,0.23908452400000002,3.0964285714999997,0.5642857145,11.982142855,40.289285715,41.80595238,71.295238095,1,HOU,KCA,57.32155797,0.2303759055,2.6856884055,0.9583333334999999,6.7445652175,26.777173915,28.24365942,57.49094203,3.86,4.035,1.17,1.33,1.17,1.33
133,56.95,0.23908452400000002,3.0964285714999997,0.5642857145,11.982142855,40.289285715,41.80595238,71.295238095,1,HOU,KCA,57.32155797,0.2303759055,2.6856884055,0.9583333334999999,6.7445652175,26.777173915,28.24365942,57.49094203,2.69,6.02,0.96,1.63,0.96,1.63
134,56.95,0.23908452400000002,3.0964285714999997,0.5642857145,11.982142855,40.289285715,41.80595238,71.295238095,1,HOU,KCA,57.32155797,0.2303759055,2.6856884055,0.9583333334999999,6.7445652175,26.777173915,28.24365942,57.49094203,2.69,4.805,0.96,1.35,0.96,1.35
135,56.95,0.23908452400000002,3.0964285714999997,0.5642857145,11.982142855,40.289285715,41.80595238,71.295238095,0,HOU,KCA,57.32155797,0.2303759055,2.6856884055,0.9583333334999999,6.7445652175,26.777173915,28.24365942,57.49094203,3.345,4.6099999999999985,1.07,1.4,1.07,1.4
136,56.95,0.23908452400000002,3.0964285714999997,0.5642857145,11.982142855,40.289285715,41.80595238,71.295238095,1,HOU,KCA,57.32155797,0.2303759055,2.6856884055,0.9583333334999999,6.7445652175,26.777173915,28.24365942,57.49094203,3.79,5.44,1.18,1.47,1.18,1.47
137,56.95,0.23908452400000002,3.0964285714999997,0.5642857145,11.982142855,40.289285715,41.80595238,71.295238095,1,KCA,HOU,57.32155797,0.2303759055,2.6856884055,0.9583333334999999,6.7445652175,26.777173915,28.24365942,57.49094203,2.69,4.6099999999999985,0.96,1.4,0.96,1.4
138,56.95,0.23908452400000002,3.0964285714999997,0.5642857145,11.982142855,40.289285715,41.80595238,71.295238095,1,KCA,HOU,57.32155797,0.2303759055,2.6856884055,0.9583333334999999,6.7445652175,26.777173915,28.24365942,57.49094203,3.085,4.5725,1.045,1.5175,1.045,1.5175
139,56.95,0.23908452400000002,3.0964285714999997,0.5642857145,11.982142855,40.289285715,41.80595238,71.295238095,1,KCA,HOU,57.32155797,0.2303759055,2.6856884055,0.9583333334999999,6.7445652175,26.777173915,28.24365942,57.49094203,3.275,4.805,1.275,1.35,1.275,1.35
140,56.95,0.23908452400000002,3.0964285714999997,0.5642857145,11.982142855,40.289285715,41.80595238,71.295238095,1,LAN,HOU,57.93181818,0.23249999999999998,3.2272727275,0.2272727275,11.636363635,36.0,37.795454545,61.863636365,2.55,4.74,0.8500000000000001,1.305,0.8500000000000001,1.305
141,56.95,0.23908452400000002,3.0964285714999997,0.5642857145,11.982142855,40.289285715,41.80595238,71.295238095,1,LAN,HOU,57.93181818,0.23249999999999998,3.2272727275,0.2272727275,11.636363635,36.0,37.795454545,61.863636365,3.86,3.925,1.17,1.165,1.17,1.165
142,56.95,0.23908452400000002,3.0964285714999997,0.5642857145,11.982142855,40.289285715,41.80595238,71.295238095,0,LAN,HOU,57.93181818,0.23249999999999998,3.2272727275,0.2272727275,11.636363635,36.0,37.795454545,61.863636365,2.69,2.94,0.96,1.0,0.96,1.0
143,56.95,0.23908452400000002,3.0964285714999997,0.5642857145,11.982142855,40.289285715,41.80595238,71.295238095,1,HOU,MIL,60.794285715,0.2247761905,2.8542857144999996,0.239047619,10.224761905000001,31.38095238,32.743809525,58.862857145,3.79,4.77,1.18,1.2999999999999998,1.18,1.2999999999999998
144,56.95,0.23908452400000002,3.0964285714999997,0.5642857145,11.982142855,40.289285715,41.80595238,71.295238095,0,HOU,MIL,60.794285715,0.2247761905,2.8542857144999996,0.239047619,10.224761905000001,31.38095238,32.743809525,58.862857145,2.55,3.615,0.8500000000000001,1.16,0.8500000000000001,1.16
145,56.95,0.23908452400000002,3.0964285714999997,0.5642857145,11.982142855,40.289285715,41.80595238,71.295238095,1,MIL,HOU,60.794285715,0.2247761905,2.8542857144999996,0.239047619,10.224761905000001,31.38095238,32.743809525,58.862857145,2.69,3.505,0.96,1.35,0.96,1.35
146,56.95,0.23908452400000002,3.0964285714999997,0.5642857145,11.982142855,40.289285715,41.80595238,71.295238095,0,MIL,HOU,60.794285715,0.2247761905,2.8542857144999996,0.239047619,10.224761905000001,31.38095238,32.743809525,58.862857145,3.085,3.8525,1.045,1.2825,1.045,1.2825
147,56.95,0.23908452400000002,3.0964285714999997,0.5642857145,11.982142855,40.289285715,41.80595238,71.295238095,1,MIN,HOU,60.608333335,0.2432916665,2.7958333335,0.5291666665,11.1333333335,37.316666665,38.758333335,67.3625,2.55,4.145,0.8500000000000001,1.35,0.8500000000000001,1.35
148,56.95,0.23908452400000002,3.0964285714999997,0.5642857145,11.982142855,40.289285715,41.80595238,71.295238095,0,MIN,HOU,60.608333335,0.2432916665,2.7958333335,0.5291666665,11.1333333335,37.316666665,38.758333335,67.3625,3.745,4.0,1.34,1.275,1.34,1.275
149,56.95,0.23908452400000002,3.0964285714999997,0.5642857145,11.982142855,40.289285715,41.80595238,71.295238095,0,MIN,HOU,60.608333335,0.2432916665,2.7958333335,0.5291666665,11.1333333335,37.316666665,38.758333335,67.3625,3.86,4.23,1.17,1.37,1.17,1.37
150,56.95,0.23908452400000002,3.0964285714999997,0.5642857145,11.982142855,40.289285715,41.80595238,71.295238095,1,HOU,MIN,60.608333335,0.2432916665,2.7958333335,0.5291666665,11.1333333335,37.316666665,38.758333335,67.3625,3.745,4.23,1.34,1.37,1.34,1.37
151,56.95,0.23908452400000002,3.0964285714999997,0.5642857145,11.982142855,40.289285715,41.80595238,71.295238095,1,HOU,MIN,60.608333335,0.2432916665,2.7958333335,0.5291666665,11.1333333335,37.316666665,38.758333335,67.3625,2.55,3.0700000000000003,0.8500000000000001,1.05,0.8500000000000001,1.05
152,56.95,0.23908452400000002,3.0964285714999997,0.5642857145,11.982142855,40.289285715,41.80595238,71.295238095,1,HOU,MIN,60.608333335,0.2432916665,2.7958333335,0.5291666665,11.1333333335,37.316666665,38.758333335,67.3625,4.025,4.0,1.455,1.275,1.455,1.275
153,56.95,0.23908452400000002,3.0964285714999997,0.5642857145,11.982142855,40.289285715,41.80595238,71.295238095,0,HOU,MIN,60.608333335,0.2432916665,2.7958333335,0.5291666665,11.1333333335,37.316666665,38.758333335,67.3625,3.79,4.0,1.18,1.275,1.18,1.275
154,56.95,0.23908452400000002,3.0964285714999997,0.5642857145,11.982142855,40.289285715,41.80595238,71.295238095,1,HOU,MIN,60.608333335,0.2432916665,2.7958333335,0.5291666665,11.1333333335,37.316666665,38.758333335,67.3625,3.275,4.01,1.275,1.16,1.275,1.16
155,56.95,0.23908452400000002,3.0964285714999997,0.5642857145,11.982142855,40.289285715,41.80595238,71.295238095,1,HOU,MIN,60.608333335,0.2432916665,2.7958333335,0.5291666665,11.1333333335,37.316666665,38.758333335,67.3625,2.55,5.035,0.8500000000000001,1.44,0.8500000000000001,1.44
156,56.95,0.23908452400000002,3.0964285714999997,0.5642857145,11.982142855,40.289285715,41.80595238,71.295238095,0,MIN,HOU,60.608333335,0.2432916665,2.7958333335,0.5291666665,11.1333333335,37.316666665,38.758333335,67.3625,2.55,4.0,0.8500000000000001,1.275,0.8500000000000001,1.275
157,56.95,0.23908452400000002,3.0964285714999997,0.5642857145,11.982142855,40.289285715,41.80595238,71.295238095,1,MIN,HOU,60.608333335,0.2432916665,2.7958333335,0.5291666665,11.1333333335,37.316666665,38.758333335,67.3625,2.69,4.01,0.96,1.16,0.96,1.16
158,56.95,0.23908452400000002,3.0964285714999997,0.5642857145,11.982142855,40.289285715,41.80595238,71.295238095,0,MIN,HOU,60.608333335,0.2432916665,2.7958333335,0.5291666665,11.1333333335,37.316666665,38.758333335,67.3625,3.345,5.67,1.07,1.65,1.07,1.65
159,56.95,0.23908452400000002,3.0964285714999997,0.5642857145,11.982142855,40.289285715,41.80595238,71.295238095,0,MIN,HOU,60.608333335,0.2432916665,2.7958333335,0.5291666665,11.1333333335,37.316666665,38.758333335,67.3625,3.79,3.76,1.18,1.18,1.18,1.18
160,56.95,0.23908452400000002,3.0964285714999997,0.5642857145,11.982142855,40.289285715,41.80595238,71.295238095,1,HOU,NYA,60.23460145,0.241719203,2.3686594205,0.3423913045,12.179347825,36.660326085,38.08152174,60.97373188,3.09,3.885,1.12,1.29,1.12,1.29
161,56.95,0.23908452400000002,3.0964285714999997,0.5642857145,11.982142855,40.289285715,41.80595238,71.295238095,0,HOU,NYA,60.23460145,0.241719203,2.3686594205,0.3423913045,12.179347825,36.660326085,38.08152174,60.97373188,2.55,5.1850000000000005,0.8500000000000001,1.55,0.8500000000000001,1.55
162,56.95,0.23908452400000002,3.0964285714999997,0.5642857145,11.982142855,40.289285715,41.80595238,71.295238095,0,HOU,NYA,60.23460145,0.241719203,2.3686594205,0.3423913045,12.179347825,36.660326085,38.08152174,60.97373188,3.745,2.4450000000000003,1.34,1.0699999999999998,1.34,1.0699999999999998
163,56.95,0.23908452400000002,3.0964285714999997,0.5642857145,11.982142855,40.289285715,41.80595238,71.295238095,0,HOU,NYA,60.23460145,0.241719203,2.3686594205,0.3423913045,12.179347825,36.660326085,38.08152174,60.97373188,3.86,4.1,1.17,1.185,1.17,1.185
164,56.95,0.23908452400000002,3.0964285714999997,0.5642857145,11.982142855,40.289285715,41.80595238,71.295238095,1,NYA,HOU,60.23460145,0.241719203,2.3686594205,0.3423913045,12.179347825,36.660326085,38.08152174,60.97373188,2.55,4.800000000000002,0.8500000000000001,1.24,0.8500000000000001,1.24
165,56.95,0.23908452400000002,3.0964285714999997,0.5642857145,11.982142855,40.289285715,41.80595238,71.295238095,0,NYA,HOU,60.23460145,0.241719203,2.3686594205,0.3423913045,12.179347825,36.660326085,38.08152174,60.97373188,3.09,4.3,1.12,1.36,1.12,1.36
166,56.95,0.23908452400000002,3.0964285714999997,0.5642857145,11.982142855,40.289285715,41.80595238,71.295238095,0,NYA,HOU,60.23460145,0.241719203,2.3686594205,0.3423913045,12.179347825,36.660326085,38.08152174,60.97373188,3.745,2.4450000000000003,1.34,1.0699999999999998,1.34,1.0699999999999998
167,56.95,0.23908452400000002,3.0964285714999997,0.5642857145,11.982142855,40.289285715,41.80595238,71.295238095,1,HOU,NYA,60.23460145,0.241719203,2.3686594205,0.3423913045,12.179347825,36.660326085,38.08152174,60.97373188,2.55,4.1,0.8500000000000001,1.185,0.8500000000000001,1.185
168,56.95,0.23908452400000002,3.0964285714999997,0.5642857145,11.982142855,40.289285715,41.80595238,71.295238095,1,HOU,NYA,60.23460145,0.241719203,2.3686594205,0.3423913045,12.179347825,36.660326085,38.08152174,60.97373188,2.69,4.83,0.96,1.51,0.96,1.51
169,56.95,0.23908452400000002,3.0964285714999997,0.5642857145,11.982142855,40.289285715,41.80595238,71.295238095,1,HOU,NYA,60.23460145,0.241719203,2.3686594205,0.3423913045,12.179347825,36.660326085,38.08152174,60.97373188,3.345,3.79,1.07,1.19,1.07,1.19
170,56.95,0.23908452400000002,3.0964285714999997,0.5642857145,11.982142855,40.289285715,41.80595238,71.295238095,0,NYA,HOU,60.23460145,0.241719203,2.3686594205,0.3423913045,12.179347825,36.660326085,38.08152174,60.97373188,4.025,3.335,1.455,1.135,1.455,1.135
171,56.95,0.23908452400000002,3.0964285714999997,0.5642857145,11.982142855,40.289285715,41.80595238,71.295238095,0,NYA,HOU,60.23460145,0.241719203,2.3686594205,0.3423913045,12.179347825,36.660326085,38.08152174,60.97373188,3.79,3.79,1.18,1.19,1.18,1.19
172,56.95,0.23908452400000002,3.0964285714999997,0.5642857145,11.982142855,40.289285715,41.80595238,71.295238095,0,NYA,HOU,60.23460145,0.241719203,2.3686594205,0.3423913045,12.179347825,36.660326085,38.08152174,60.97373188,3.275,4.1,1.275,1.185,1.275,1.185
173,56.95,0.23908452400000002,3.0964285714999997,0.5642857145,11.982142855,40.289285715,41.80595238,71.295238095,1,NYA,HOU,60.23460145,0.241719203,2.3686594205,0.3423913045,12.179347825,36.660326085,38.08152174,60.97373188,2.55,4.1724999999999985,0.8500000000000001,1.2075,0.8500000000000001,1.2075
174,56.95,0.23908452400000002,3.0964285714999997,0.5642857145,11.982142855,40.289285715,41.80595238,71.295238095,0,HOU,OAK,63.28804348,0.22613695649999999,3.7913043479999997,0.2804347825,11.26195652,36.794565215000006,38.647826085000005,65.05652174,3.745,2.4,1.34,0.93,1.34,0.93
175,56.95,0.23908452400000002,3.0964285714999997,0.5642857145,11.982142855,40.289285715,41.80595238,71.295238095,1,HOU,OAK,63.28804348,0.22613695649999999,3.7913043479999997,0.2804347825,11.26195652,36.794565215000006,38.647826085000005,65.05652174,3.86,4.44,1.17,1.28,1.17,1.28
176,56.95,0.23908452400000002,3.0964285714999997,0.5642857145,11.982142855,40.289285715,41.80595238,71.295238095,1,HOU,OAK,63.28804348,0.22613695649999999,3.7913043479999997,0.2804347825,11.26195652,36.794565215000006,38.647826085000005,65.05652174,2.69,4.87,0.96,1.33,0.96,1.33
177,56.95,0.23908452400000002,3.0964285714999997,0.5642857145,11.982142855,40.289285715,41.80595238,71.295238095,1,OAK,HOU,63.28804348,0.22613695649999999,3.7913043479999997,0.2804347825,11.26195652,36.794565215000006,38.647826085000005,65.05652174,3.745,4.1850000000000005,1.34,1.295,1.34,1.295
178,56.95,0.23908452400000002,3.0964285714999997,0.5642857145,11.982142855,40.289285715,41.80595238,71.295238095,1,OAK,HOU,63.28804348,0.22613695649999999,3.7913043479999997,0.2804347825,11.26195652,36.794565215000006,38.647826085000005,65.05652174,3.86,2.4,1.17,0.93,1.17,0.93
179,56.95,0.23908452400000002,3.0964285714999997,0.5642857145,11.982142855,40.289285715,41.80595238,71.295238095,1,OAK,HOU,63.28804348,0.22613695649999999,3.7913043479999997,0.2804347825,11.26195652,36.794565215000006,38.647826085000005,65.05652174,2.69,4.44,0.96,1.28,0.96,1.28
180,56.95,0.23908452400000002,3.0964285714999997,0.5642857145,11.982142855,40.289285715,41.80595238,71.295238095,1,OAK,HOU,63.28804348,0.22613695649999999,3.7913043479999997,0.2804347825,11.26195652,36.794565215000006,38.647826085000005,65.05652174,3.86,4.44,1.17,1.28,1.17,1.28
181,56.95,0.23908452400000002,3.0964285714999997,0.5642857145,11.982142855,40.289285715,41.80595238,71.295238095,1,OAK,HOU,63.28804348,0.22613695649999999,3.7913043479999997,0.2804347825,11.26195652,36.794565215000006,38.647826085000005,65.05652174,2.69,8.9,0.96,1.75,0.96,1.75
182,56.95,0.23908452400000002,3.0964285714999997,0.5642857145,11.982142855,40.289285715,41.80595238,71.295238095,1,OAK,HOU,63.28804348,0.22613695649999999,3.7913043479999997,0.2804347825,11.26195652,36.794565215000006,38.647826085000005,65.05652174,2.55,3.255,0.8500000000000001,1.285,0.8500000000000001,1.285
183,56.95,0.23908452400000002,3.0964285714999997,0.5642857145,11.982142855,40.289285715,41.80595238,71.295238095,0,HOU,OAK,63.28804348,0.22613695649999999,3.7913043479999997,0.2804347825,11.26195652,36.794565215000006,38.647826085000005,65.05652174,2.69,3.255,0.96,1.285,0.96,1.285
184,56.95,0.23908452400000002,3.0964285714999997,0.5642857145,11.982142855,40.289285715,41.80595238,71.295238095,1,HOU,OAK,63.28804348,0.22613695649999999,3.7913043479999997,0.2804347825,11.26195652,36.794565215000006,38.647826085000005,65.05652174,2.55,2.4,0.8500000000000001,0.93,0.8500000000000001,0.93
185,56.95,0.23908452400000002,3.0964285714999997,0.5642857145,11.982142855,40.289285715,41.80595238,71.295238095,0,HOU,OAK,63.28804348,0.22613695649999999,3.7913043479999997,0.2804347825,11.26195652,36.794565215000006,38.647826085000005,65.05652174,3.86,3.415,1.17,1.215,1.17,1.215
186,56.95,0.23908452400000002,3.0964285714999997,0.5642857145,11.982142855,40.289285715,41.80595238,71.295238095,0,HOU,OAK,63.28804348,0.22613695649999999,3.7913043479999997,0.2804347825,11.26195652,36.794565215000006,38.647826085000005,65.05652174,3.09,4.87,1.12,1.33,1.12,1.33
187,56.95,0.23908452400000002,3.0964285714999997,0.5642857145,11.982142855,40.289285715,41.80595238,71.295238095,0,OAK,HOU,63.28804348,0.22613695649999999,3.7913043479999997,0.2804347825,11.26195652,36.794565215000006,38.647826085000005,65.05652174,3.09,6.5625,1.12,1.6349999999999998,1.12,1.6349999999999998
188,56.95,0.23908452400000002,3.0964285714999997,0.5642857145,11.982142855,40.289285715,41.80595238,71.295238095,0,OAK,HOU,63.28804348,0.22613695649999999,3.7913043479999997,0.2804347825,11.26195652,36.794565215000006,38.647826085000005,65.05652174,3.745,4.87,1.34,1.33,1.34,1.33
189,56.95,0.23908452400000002,3.0964285714999997,0.5642857145,11.982142855,40.289285715,41.80595238,71.295238095,1,OAK,HOU,63.28804348,0.22613695649999999,3.7913043479999997,0.2804347825,11.26195652,36.794565215000006,38.647826085000005,65.05652174,2.55,2.4,0.8500000000000001,0.93,0.8500000000000001,0.93
190,56.95,0.23908452400000002,3.0964285714999997,0.5642857145,11.982142855,40.289285715,41.80595238,71.295238095,1,HOU,OAK,63.28804348,0.22613695649999999,3.7913043479999997,0.2804347825,11.26195652,36.794565215000006,38.647826085000005,65.05652174,2.69,4.1850000000000005,0.96,1.295,0.96,1.295
191,56.95,0.23908452400000002,3.0964285714999997,0.5642857145,11.982142855,40.289285715,41.80595238,71.295238095,0,HOU,OAK,63.28804348,0.22613695649999999,3.7913043479999997,0.2804347825,11.26195652,36.794565215000006,38.647826085000005,65.05652174,3.09,6.5625,1.12,1.6349999999999998,1.12,1.6349999999999998
192,56.95,0.23908452400000002,3.0964285714999997,0.5642857145,11.982142855,40.289285715,41.80595238,71.295238095,1,HOU,OAK,63.28804348,0.22613695649999999,3.7913043479999997,0.2804347825,11.26195652,36.794565215000006,38.647826085000005,65.05652174,3.745,4.87,1.34,1.33,1.34,1.33
193,56.95,0.23908452400000002,3.0964285714999997,0.5642857145,11.982142855,40.289285715,41.80595238,71.295238095,1,HOU,OAK,63.28804348,0.22613695649999999,3.7913043479999997,0.2804347825,11.26195652,36.794565215000006,38.647826085000005,65.05652174,3.345,3.255,1.07,1.285,1.07,1.285
194,56.95,0.23908452400000002,3.0964285714999997,0.5642857145,11.982142855,40.289285715,41.80595238,71.295238095,1,HOU,OAK,63.28804348,0.22613695649999999,3.7913043479999997,0.2804347825,11.26195652,36.794565215000006,38.647826085000005,65.05652174,3.275,2.7975,1.275,1.25,1.275,1.25
195,56.95,0.23908452400000002,3.0964285714999997,0.5642857145,11.982142855,40.289285715,41.80595238,71.295238095,1,HOU,OAK,63.28804348,0.22613695649999999,3.7913043479999997,0.2804347825,11.26195652,36.794565215000006,38.647826085000005,65.05652174,3.79,3.9,1.18,1.19,1.18,1.19
196,56.95,0.23908452400000002,3.0964285714999997,0.5642857145,11.982142855,40.289285715,41.80595238,71.295238095,1,OAK,HOU,63.28804348,0.22613695649999999,3.7913043479999997,0.2804347825,11.26195652,36.794565215000006,38.647826085000005,65.05652174,3.345,6.244999999999999,1.07,1.37,1.07,1.37
197,56.95,0.23908452400000002,3.0964285714999997,0.5642857145,11.982142855,40.289285715,41.80595238,71.295238095,0,OAK,HOU,63.28804348,0.22613695649999999,3.7913043479999997,0.2804347825,11.26195652,36.794565215000006,38.647826085000005,65.05652174,3.275,3.255,1.275,1.285,1.275,1.285
198,56.95,0.23908452400000002,3.0964285714999997,0.5642857145,11.982142855,40.289285715,41.80595238,71.295238095,1,OAK,HOU,63.28804348,0.22613695649999999,3.7913043479999997,0.2804347825,11.26195652,36.794565215000006,38.647826085000005,65.05652174,3.79,3.9,1.18,1.19,1.18,1.19
199,56.95,0.23908452400000002,3.0964285714999997,0.5642857145,11.982142855,40.289285715,41.80595238,71.295238095,1,OAK,HOU,63.28804348,0.22613695649999999,3.7913043479999997,0.2804347825,11.26195652,36.794565215000006,38.647826085000005,65.05652174,2.55,4.1850000000000005,0.8500000000000001,1.295,0.8500000000000001,1.295
200,56.95,0.23908452400000002,3.0964285714999997,0.5642857145,11.982142855,40.289285715,41.80595238,71.295238095,1,OAK,HOU,63.28804348,0.22613695649999999,3.7913043479999997,0.2804347825,11.26195652,36.794565215000006,38.647826085000005,65.05652174,2.69,3.415,0.96,1.215,0.96,1.215
201,56.95,0.23908452400000002,3.0964285714999997,0.5642857145,11.982142855,40.289285715,41.80595238,71.295238095,1,HOU,OAK,63.28804348,0.22613695649999999,3.7913043479999997,0.2804347825,11.26195652,36.794565215000006,38.647826085000005,65.05652174,2.69,5.32,0.96,1.4725,0.96,1.4725
202,56.95,0.23908452400000002,3.0964285714999997,0.5642857145,11.982142855,40.289285715,41.80595238,71.295238095,0,HOU,OAK,63.28804348,0.22613695649999999,3.7913043479999997,0.2804347825,11.26195652,36.794565215000006,38.647826085000005,65.05652174,3.275,3.9,1.275,1.19,1.275,1.19
203,56.95,0.23908452400000002,3.0964285714999997,0.5642857145,11.982142855,40.289285715,41.80595238,71.295238095,1,HOU,OAK,63.28804348,0.22613695649999999,3.7913043479999997,0.2804347825,11.26195652,36.794565215000006,38.647826085000005,65.05652174,2.55,3.415,0.8500000000000001,1.215,0.8500000000000001,1.215
204,56.95,0.23908452400000002,3.0964285714999997,0.5642857145,11.982142855,40.289285715,41.80595238,71.295238095,0,OAK,HOU,63.28804348,0.22613695649999999,3.7913043479999997,0.2804347825,11.26195652,36.794565215000006,38.647826085000005,65.05652174,5.1675,3.9,1.51,1.19,1.51,1.19
205,56.95,0.23908452400000002,3.0964285714999997,0.5642857145,11.982142855,40.289285715,41.80595238,71.295238095,0,OAK,HOU,63.28804348,0.22613695649999999,3.7913043479999997,0.2804347825,11.26195652,36.794565215000006,38.647826085000005,65.05652174,2.55,4.375,0.8500000000000001,1.3325,0.8500000000000001,1.3325
206,56.95,0.23908452400000002,3.0964285714999997,0.5642857145,11.982142855,40.289285715,41.80595238,71.295238095,0,OAK,HOU,63.28804348,0.22613695649999999,3.7913043479999997,0.2804347825,11.26195652,36.794565215000006,38.647826085000005,65.05652174,4.0,3.415,1.22,1.215,1.22,1.215
207,56.95,0.23908452400000002,3.0964285714999997,0.5642857145,11.982142855,40.289285715,41.80595238,71.295238095,1,OAK,HOU,63.28804348,0.22613695649999999,3.7913043479999997,0.2804347825,11.26195652,36.794565215000006,38.647826085000005,65.05652174,3.085,4.1850000000000005,1.045,1.295,1.045,1.295
208,56.95,0.23908452400000002,3.0964285714999997,0.5642857145,11.982142855,40.289285715,41.80595238,71.295238095,1,HOU,OAK,63.28804348,0.22613695649999999,3.7913043479999997,0.2804347825,11.26195652,36.794565215000006,38.647826085000005,65.05652174,3.085,3.9,1.045,1.19,1.045,1.19
209,56.95,0.23908452400000002,3.0964285714999997,0.5642857145,11.982142855,40.289285715,41.80595238,71.295238095,0,HOU,OAK,63.28804348,0.22613695649999999,3.7913043479999997,0.2804347825,11.26195652,36.794565215000006,38.647826085000005,65.05652174,3.275,4.375,1.275,1.3325,1.275,1.3325
210,56.95,0.23908452400000002,3.0964285714999997,0.5642857145,11.982142855,40.289285715,41.80595238,71.295238095,0,HOU,OAK,63.28804348,0.22613695649999999,3.7913043479999997,0.2804347825,11.26195652,36.794565215000006,38.647826085000005,65.05652174,3.95,4.1850000000000005,1.1,1.295,1.1,1.295
211,56.95,0.23908452400000002,3.0964285714999997,0.5642857145,11.982142855,40.289285715,41.80595238,71.295238095,0,HOU,OAK,63.28804348,0.22613695649999999,3.7913043479999997,0.2804347825,11.26195652,36.794565215000006,38.647826085000005,65.05652174,2.55,5.32,0.8500000000000001,1.4725,0.8500000000000001,1.4725
212,56.95,0.23908452400000002,3.0964285714999997,0.5642857145,11.982142855,40.289285715,41.80595238,71.295238095,1,HOU,PIT,47.16304348,0.24932970999999998,2.5561594205,0.515398551,6.792572464000001,29.057065215,30.23097826,59.85960145,2.69,4.245,0.96,1.295,0.96,1.295
213,56.95,0.23908452400000002,3.0964285714999997,0.5642857145,11.982142855,40.289285715,41.80595238,71.295238095,0,HOU,PIT,47.16304348,0.24932970999999998,2.5561594205,0.515398551,6.792572464000001,29.057065215,30.23097826,59.85960145,4.025,4.91,1.455,1.36,1.455,1.36
214,56.95,0.23908452400000002,3.0964285714999997,0.5642857145,11.982142855,40.289285715,41.80595238,71.295238095,0,HOU,PIT,47.16304348,0.24932970999999998,2.5561594205,0.515398551,6.792572464000001,29.057065215,30.23097826,59.85960145,3.79,4.25,1.18,1.2,1.18,1.2
215,56.95,0.23908452400000002,3.0964285714999997,0.5642857145,11.982142855,40.289285715,41.80595238,71.295238095,0,HOU,SDN,69.28588517,0.2265227275,2.0167464115,0.5275119615,9.214114833,29.662679425,31.193779905,61.71770335,3.86,5.525,1.17,1.545,1.17,1.545
216,56.95,0.23908452400000002,3.0964285714999997,0.5642857145,11.982142855,40.289285715,41.80595238,71.295238095,1,HOU,SDN,69.28588517,0.2265227275,2.0167464115,0.5275119615,9.214114833,29.662679425,31.193779905,61.71770335,2.69,5.42,0.96,1.75,0.96,1.75
217,56.95,0.23908452400000002,3.0964285714999997,0.5642857145,11.982142855,40.289285715,41.80595238,71.295238095,1,HOU,SDN,69.28588517,0.2265227275,2.0167464115,0.5275119615,9.214114833,29.662679425,31.193779905,61.71770335,3.09,4.85,1.12,1.4525,1.12,1.4525
218,56.95,0.23908452400000002,3.0964285714999997,0.5642857145,11.982142855,40.289285715,41.80595238,71.295238095,0,SEA,HOU,55.341384860000005,0.2256513685,2.5958132045,0.790660225,8.2520128825,27.49677939,28.735909825,54.561191629999996,3.745,3.79,1.34,1.19,1.34,1.19
219,56.95,0.23908452400000002,3.0964285714999997,0.5642857145,11.982142855,40.289285715,41.80595238,71.295238095,1,SEA,HOU,55.341384860000005,0.2256513685,2.5958132045,0.790660225,8.2520128825,27.49677939,28.735909825,54.561191629999996,3.86,1.8,1.17,2.0,1.17,2.0
220,56.95,0.23908452400000002,3.0964285714999997,0.5642857145,11.982142855,40.289285715,41.80595238,71.295238095,1,SEA,HOU,55.341384860000005,0.2256513685,2.5958132045,0.790660225,8.2520128825,27.49677939,28.735909825,54.561191629999996,2.69,4.335,0.96,1.3075,0.96,1.3075
221,56.95,0.23908452400000002,3.0964285714999997,0.5642857145,11.982142855,40.289285715,41.80595238,71.295238095,1,SEA,HOU,55.341384860000005,0.2256513685,2.5958132045,0.790660225,8.2520128825,27.49677939,28.735909825,54.561191629999996,3.09,3.995,1.12,1.265,1.12,1.265
222,56.95,0.23908452400000002,3.0964285714999997,0.5642857145,11.982142855,40.289285715,41.80595238,71.295238095,0,HOU,SEA,55.341384860000005,0.2256513685,2.5958132045,0.790660225,8.2520128825,27.49677939,28.735909825,54.561191629999996,3.745,3.79,1.34,1.19,1.34,1.19
223,56.95,0.23908452400000002,3.0964285714999997,0.5642857145,11.982142855,40.289285715,41.80595238,71.295238095,1,HOU,SEA,55.341384860000005,0.2256513685,2.5958132045,0.790660225,8.2520128825,27.49677939,28.735909825,54.561191629999996,3.86,4.715,1.17,1.315,1.17,1.315
224,56.95,0.23908452400000002,3.0964285714999997,0.5642857145,11.982142855,40.289285715,41.80595238,71.295238095,0,SEA,HOU,55.341384860000005,0.2256513685,2.5958132045,0.790660225,8.2520128825,27.49677939,28.735909825,54.561191629999996,2.69,3.79,0.96,1.19,0.96,1.19
225,56.95,0.23908452400000002,3.0964285714999997,0.5642857145,11.982142855,40.289285715,41.80595238,71.295238095,1,SEA,HOU,55.341384860000005,0.2256513685,2.5958132045,0.790660225,8.2520128825,27.49677939,28.735909825,54.561191629999996,3.09,4.335,1.12,1.3075,1.12,1.3075
226,56.95,0.23908452400000002,3.0964285714999997,0.5642857145,11.982142855,40.289285715,41.80595238,71.295238095,1,SEA,HOU,55.341384860000005,0.2256513685,2.5958132045,0.790660225,8.2520128825,27.49677939,28.735909825,54.561191629999996,3.745,4.715,1.34,1.315,1.34,1.315
227,56.95,0.23908452400000002,3.0964285714999997,0.5642857145,11.982142855,40.289285715,41.80595238,71.295238095,0,HOU,SEA,55.341384860000005,0.2256513685,2.5958132045,0.790660225,8.2520128825,27.49677939,28.735909825,54.561191629999996,2.55,3.79,0.8500000000000001,1.19,0.8500000000000001,1.19
228,56.95,0.23908452400000002,3.0964285714999997,0.5642857145,11.982142855,40.289285715,41.80595238,71.295238095,0,HOU,SEA,55.341384860000005,0.2256513685,2.5958132045,0.790660225,8.2520128825,27.49677939,28.735909825,54.561191629999996,2.69,4.335,0.96,1.3075,0.96,1.3075
229,56.95,0.23908452400000002,3.0964285714999997,0.5642857145,11.982142855,40.289285715,41.80595238,71.295238095,0,HOU,SEA,55.341384860000005,0.2256513685,2.5958132045,0.790660225,8.2520128825,27.49677939,28.735909825,54.561191629999996,3.09,4.715,1.12,1.315,1.12,1.315
230,56.95,0.23908452400000002,3.0964285714999997,0.5642857145,11.982142855,40.289285715,41.80595238,71.295238095,0,HOU,SEA,55.341384860000005,0.2256513685,2.5958132045,0.790660225,8.2520128825,27.49677939,28.735909825,54.561191629999996,3.745,9.25,1.34,1.535,1.34,1.535
231,56.95,0.23908452400000002,3.0964285714999997,0.5642857145,11.982142855,40.289285715,41.80595238,71.295238095,0,SEA,HOU,55.341384860000005,0.2256513685,2.5958132045,0.790660225,8.2520128825,27.49677939,28.735909825,54.561191629999996,2.69,5.975,0.96,1.465,0.96,1.465
232,56.95,0.23908452400000002,3.0964285714999997,0.5642857145,11.982142855,40.289285715,41.80595238,71.295238095,1,SEA,HOU,55.341384860000005,0.2256513685,2.5958132045,0.790660225,8.2520128825,27.49677939,28.735909825,54.561191629999996,3.79,3.8725,1.18,1.2,1.18,1.2
233,56.95,0.23908452400000002,3.0964285714999997,0.5642857145,11.982142855,40.289285715,41.80595238,71.295238095,1,SEA,HOU,55.341384860000005,0.2256513685,2.5958132045,0.790660225,8.2520128825,27.49677939,28.735909825,54.561191629999996,3.09,3.995,1.12,1.265,1.12,1.265
234,56.95,0.23908452400000002,3.0964285714999997,0.5642857145,11.982142855,40.289285715,41.80595238,71.295238095,0,HOU,SEA,55.341384860000005,0.2256513685,2.5958132045,0.790660225,8.2520128825,27.49677939,28.735909825,54.561191629999996,4.025,4.715,1.455,1.315,1.455,1.315
235,56.95,0.23908452400000002,3.0964285714999997,0.5642857145,11.982142855,40.289285715,41.80595238,71.295238095,1,HOU,SEA,55.341384860000005,0.2256513685,2.5958132045,0.790660225,8.2520128825,27.49677939,28.735909825,54.561191629999996,3.5250000000000004,4.335,1.14,1.3075,1.14,1.3075
236,56.95,0.23908452400000002,3.0964285714999997,0.5642857145,11.982142855,40.289285715,41.80595238,71.295238095,0,HOU,SEA,55.341384860000005,0.2256513685,2.5958132045,0.790660225,8.2520128825,27.49677939,28.735909825,54.561191629999996,3.745,3.9,1.34,1.615,1.34,1.615
237,56.95,0.23908452400000002,3.0964285714999997,0.5642857145,11.982142855,40.289285715,41.80595238,71.295238095,1,SEA,HOU,55.341384860000005,0.2256513685,2.5958132045,0.790660225,8.2520128825,27.49677939,28.735909825,54.561191629999996,3.275,4.715,1.275,1.315,1.275,1.315
238,56.95,0.23908452400000002,3.0964285714999997,0.5642857145,11.982142855,40.289285715,41.80595238,71.295238095,1,SEA,HOU,55.341384860000005,0.2256513685,2.5958132045,0.790660225,8.2520128825,27.49677939,28.735909825,54.561191629999996,2.55,5.975,0.8500000000000001,1.465,0.8500000000000001,1.465
239,56.95,0.23908452400000002,3.0964285714999997,0.5642857145,11.982142855,40.289285715,41.80595238,71.295238095,1,SEA,HOU,55.341384860000005,0.2256513685,2.5958132045,0.790660225,8.2520128825,27.49677939,28.735909825,54.561191629999996,2.69,3.995,0.96,1.265,0.96,1.265
240,56.95,0.23908452400000002,3.0964285714999997,0.5642857145,11.982142855,40.289285715,41.80595238,71.295238095,1,SEA,HOU,55.341384860000005,0.2256513685,2.5958132045,0.790660225,8.2520128825,27.49677939,28.735909825,54.561191629999996,5.59,4.226666666666667,1.81,1.4691666666666667,1.81,1.4691666666666667
241,56.95,0.23908452400000002,3.0964285714999997,0.5642857145,11.982142855,40.289285715,41.80595238,71.295238095,1,SEA,HOU,55.341384860000005,0.2256513685,2.5958132045,0.790660225,8.2520128825,27.49677939,28.735909825,54.561191629999996,3.275,7.71,1.275,1.5,1.275,1.5
242,56.95,0.23908452400000002,3.0964285714999997,0.5642857145,11.982142855,40.289285715,41.80595238,71.295238095,0,SEA,HOU,55.341384860000005,0.2256513685,2.5958132045,0.790660225,8.2520128825,27.49677939,28.735909825,54.561191629999996,3.79,4.335,1.18,1.3075,1.18,1.3075
243,56.95,0.23908452400000002,3.0964285714999997,0.5642857145,11.982142855,40.289285715,41.80595238,71.295238095,1,SEA,HOU,55.341384860000005,0.2256513685,2.5958132045,0.790660225,8.2520128825,27.49677939,28.735909825,54.561191629999996,2.55,4.34875,0.8500000000000001,2.93,0.8500000000000001,2.93
244,56.95,0.23908452400000002,3.0964285714999997,0.5642857145,11.982142855,40.289285715,41.80595238,71.295238095,1,HOU,SEA,55.341384860000005,0.2256513685,2.5958132045,0.790660225,8.2520128825,27.49677939,28.735909825,54.561191629999996,3.275,4.66,1.275,1.66,1.275,1.66
245,56.95,0.23908452400000002,3.0964285714999997,0.5642857145,11.982142855,40.289285715,41.80595238,71.295238095,1,HOU,SEA,55.341384860000005,0.2256513685,2.5958132045,0.790660225,8.2520128825,27.49677939,28.735909825,54.561191629999996,2.55,5.46,0.8500000000000001,1.52,0.8500000000000001,1.52
246,56.95,0.23908452400000002,3.0964285714999997,0.5642857145,11.982142855,40.289285715,41.80595238,71.295238095,1,HOU,SEA,55.341384860000005,0.2256513685,2.5958132045,0.790660225,8.2520128825,27.49677939,28.735909825,54.561191629999996,2.69,3.995,0.96,1.265,0.96,1.265
247,56.95,0.23908452400000002,3.0964285714999997,0.5642857145,11.982142855,40.289285715,41.80595238,71.295238095,1,HOU,SEA,55.341384860000005,0.2256513685,2.5958132045,0.790660225,8.2520128825,27.49677939,28.735909825,54.561191629999996,3.275,5.46,1.275,1.52,1.275,1.52
248,56.95,0.23908452400000002,3.0964285714999997,0.5642857145,11.982142855,40.289285715,41.80595238,71.295238095,1,HOU,SEA,55.341384860000005,0.2256513685,2.5958132045,0.790660225,8.2520128825,27.49677939,28.735909825,54.561191629999996,5.1675,3.995,1.51,1.265,1.51,1.265
249,56.95,0.23908452400000002,3.0964285714999997,0.5642857145,11.982142855,40.289285715,41.80595238,71.295238095,1,HOU,SEA,55.341384860000005,0.2256513685,2.5958132045,0.790660225,8.2520128825,27.49677939,28.735909825,54.561191629999996,2.55,2.52,0.8500000000000001,1.21,0.8500000000000001,1.21
250,56.95,0.23908452400000002,3.0964285714999997,0.5642857145,11.982142855,40.289285715,41.80595238,71.295238095,1,HOU,SEA,55.341384860000005,0.2256513685,2.5958132045,0.790660225,8.2520128825,27.49677939,28.735909825,54.561191629999996,3.275,3.995,1.275,1.265,1.275,1.265
251,56.95,0.23908452400000002,3.0964285714999997,0.5642857145,11.982142855,40.289285715,41.80595238,71.295238095,1,HOU,SEA,55.341384860000005,0.2256513685,2.5958132045,0.790660225,8.2520128825,27.49677939,28.735909825,54.561191629999996,4.025,6.0,1.455,1.67,1.455,1.67
252,56.95,0.23908452400000002,3.0964285714999997,0.5642857145,11.982142855,40.289285715,41.80595238,71.295238095,1,HOU,SEA,55.341384860000005,0.2256513685,2.5958132045,0.790660225,8.2520128825,27.49677939,28.735909825,54.561191629999996,2.55,5.46,0.8500000000000001,1.52,0.8500000000000001,1.52
253,56.95,0.23908452400000002,3.0964285714999997,0.5642857145,11.982142855,40.289285715,41.80595238,71.295238095,1,HOU,SEA,55.341384860000005,0.2256513685,2.5958132045,0.790660225,8.2520128825,27.49677939,28.735909825,54.561191629999996,2.69,5.975,0.96,1.465,0.96,1.465
254,56.95,0.23908452400000002,3.0964285714999997,0.5642857145,11.982142855,40.289285715,41.80595238,71.295238095,1,SEA,HOU,55.341384860000005,0.2256513685,2.5958132045,0.790660225,8.2520128825,27.49677939,28.735909825,54.561191629999996,2.69,2.7,0.96,1.65,0.96,1.65
255,56.95,0.23908452400000002,3.0964285714999997,0.5642857145,11.982142855,40.289285715,41.80595238,71.295238095,1,SEA,HOU,55.341384860000005,0.2256513685,2.5958132045,0.790660225,8.2520128825,27.49677939,28.735909825,54.561191629999996,3.085,5.46,1.045,1.52,1.045,1.52
256,56.95,0.23908452400000002,3.0964285714999997,0.5642857145,11.982142855,40.289285715,41.80595238,71.295238095,1,HOU,SFN,48.42798913,0.2226494565,1.8308423915,0.289402174,5.469429348,22.348505435,23.44701087,48.614130435,2.69,5.1400000000000015,0.96,1.46,0.96,1.46
257,56.95,0.23908452400000002,3.0964285714999997,0.5642857145,11.982142855,40.289285715,41.80595238,71.295238095,1,HOU,SFN,48.42798913,0.2226494565,1.8308423915,0.289402174,5.469429348,22.348505435,23.44701087,48.614130435,2.55,4.885,0.8500000000000001,1.37,0.8500000000000001,1.37
258,56.95,0.23908452400000002,3.0964285714999997,0.5642857145,11.982142855,40.289285715,41.80595238,71.295238095,1,SFN,HOU,48.42798913,0.2226494565,1.8308423915,0.289402174,5.469429348,22.348505435,23.44701087,48.614130435,3.09,4.225,1.12,1.29,1.12,1.29
259,56.95,0.23908452400000002,3.0964285714999997,0.5642857145,11.982142855,40.289285715,41.80595238,71.295238095,1,SFN,HOU,48.42798913,0.2226494565,1.8308423915,0.289402174,5.469429348,22.348505435,23.44701087,48.614130435,3.745,3.58,1.34,1.185,1.34,1.185
260,56.95,0.23908452400000002,3.0964285714999997,0.5642857145,11.982142855,40.289285715,41.80595238,71.295238095,0,SLN,HOU,60.88095238,0.2248333335,3.6904761905,0.547619048,9.738095238,33.404761905,35.452380955,62.5,3.95,3.045,1.1,1.04,1.1,1.04
261,56.95,0.23908452400000002,3.0964285714999997,0.5642857145,11.982142855,40.289285715,41.80595238,71.295238095,1,SLN,HOU,60.88095238,0.2248333335,3.6904761905,0.547619048,9.738095238,33.404761905,35.452380955,62.5,2.69,3.215,0.96,1.195,0.96,1.195
262,56.95,0.23908452400000002,3.0964285714999997,0.5642857145,11.982142855,40.289285715,41.80595238,71.295238095,1,SLN,HOU,60.88095238,0.2248333335,3.6904761905,0.547619048,9.738095238,33.404761905,35.452380955,62.5,3.275,2.99,1.275,1.38,1.275,1.38
263,56.95,0.23908452400000002,3.0964285714999997,0.5642857145,11.982142855,40.289285715,41.80595238,71.295238095,1,HOU,TBA,53.925213674999995,0.23800854700000001,3.255698006,0.6723646725,6.931623932,26.25925926,27.99074074,53.532763535,2.69,3.71,0.96,1.255,0.96,1.255
264,56.95,0.23908452400000002,3.0964285714999997,0.5642857145,11.982142855,40.289285715,41.80595238,71.295238095,0,HOU,TBA,53.925213674999995,0.23800854700000001,3.255698006,0.6723646725,6.931623932,26.25925926,27.99074074,53.532763535,2.55,3.09,0.8500000000000001,1.12,0.8500000000000001,1.12
265,56.95,0.23908452400000002,3.0964285714999997,0.5642857145,11.982142855,40.289285715,41.80595238,71.295238095,1,HOU,TBA,53.925213674999995,0.23800854700000001,3.255698006,0.6723646725,6.931623932,26.25925926,27.99074074,53.532763535,3.09,4.8925,1.12,1.355,1.12,1.355
266,56.95,0.23908452400000002,3.0964285714999997,0.5642857145,11.982142855,40.289285715,41.80595238,71.295238095,1,TBA,HOU,53.925213674999995,0.23800854700000001,3.255698006,0.6723646725,6.931623932,26.25925926,27.99074074,53.532763535,3.86,3.71,1.17,1.255,1.17,1.255
267,56.95,0.23908452400000002,3.0964285714999997,0.5642857145,11.982142855,40.289285715,41.80595238,71.295238095,0,TBA,HOU,53.925213674999995,0.23800854700000001,3.255698006,0.6723646725,6.931623932,26.25925926,27.99074074,53.532763535,2.69,7.038333333333332,0.96,1.545,0.96,1.545
268,56.95,0.23908452400000002,3.0964285714999997,0.5642857145,11.982142855,40.289285715,41.80595238,71.295238095,0,TBA,HOU,53.925213674999995,0.23800854700000001,3.255698006,0.6723646725,6.931623932,26.25925926,27.99074074,53.532763535,2.55,3.71,0.8500000000000001,1.255,0.8500000000000001,1.255
269,56.95,0.23908452400000002,3.0964285714999997,0.5642857145,11.982142855,40.289285715,41.80595238,71.295238095,0,TBA,HOU,53.925213674999995,0.23800854700000001,3.255698006,0.6723646725,6.931623932,26.25925926,27.99074074,53.532763535,3.09,3.09,1.12,1.12,1.12,1.12
270,56.95,0.23908452400000002,3.0964285714999997,0.5642857145,11.982142855,40.289285715,41.80595238,71.295238095,1,TBA,HOU,53.925213674999995,0.23800854700000001,3.255698006,0.6723646725,6.931623932,26.25925926,27.99074074,53.532763535,2.55,3.09,0.8500000000000001,1.12,0.8500000000000001,1.12
271,56.95,0.23908452400000002,3.0964285714999997,0.5642857145,11.982142855,40.289285715,41.80595238,71.295238095,0,TBA,HOU,53.925213674999995,0.23800854700000001,3.255698006,0.6723646725,6.931623932,26.25925926,27.99074074,53.532763535,2.69,3.09,0.96,1.12,0.96,1.12
272,56.95,0.23908452400000002,3.0964285714999997,0.5642857145,11.982142855,40.289285715,41.80595238,71.295238095,0,TBA,HOU,53.925213674999995,0.23800854700000001,3.255698006,0.6723646725,6.931623932,26.25925926,27.99074074,53.532763535,3.345,3.025,1.07,1.0825,1.07,1.0825
273,56.95,0.23908452400000002,3.0964285714999997,0.5642857145,11.982142855,40.289285715,41.80595238,71.295238095,0,TBA,HOU,53.925213674999995,0.23800854700000001,3.255698006,0.6723646725,6.931623932,26.25925926,27.99074074,53.532763535,3.275,3.68,1.275,1.135,1.275,1.135
274,56.95,0.23908452400000002,3.0964285714999997,0.5642857145,11.982142855,40.289285715,41.80595238,71.295238095,1,HOU,TBA,53.925213674999995,0.23800854700000001,3.255698006,0.6723646725,6.931623932,26.25925926,27.99074074,53.532763535,2.55,3.09,0.8500000000000001,1.12,0.8500000000000001,1.12
275,56.95,0.23908452400000002,3.0964285714999997,0.5642857145,11.982142855,40.289285715,41.80595238,71.295238095,1,HOU,TBA,53.925213674999995,0.23800854700000001,3.255698006,0.6723646725,6.931623932,26.25925926,27.99074074,53.532763535,2.69,4.02,0.96,1.145,0.96,1.145
276,56.95,0.23908452400000002,3.0964285714999997,0.5642857145,11.982142855,40.289285715,41.80595238,71.295238095,0,HOU,TBA,53.925213674999995,0.23800854700000001,3.255698006,0.6723646725,6.931623932,26.25925926,27.99074074,53.532763535,3.085,5.96,1.045,1.56,1.045,1.56
277,56.95,0.23908452400000002,3.0964285714999997,0.5642857145,11.982142855,40.289285715,41.80595238,71.295238095,1,TEX,HOU,78.00789473500001,0.2296460525,3.9631578945,1.1960526315,10.718421055,37.531578945,39.740789475,68.806578945,2.55,3.675,0.8500000000000001,1.3125,0.8500000000000001,1.3125
278,56.95,0.23908452400000002,3.0964285714999997,0.5642857145,11.982142855,40.289285715,41.80595238,71.295238095,0,TEX,HOU,78.00789473500001,0.2296460525,3.9631578945,1.1960526315,10.718421055,37.531578945,39.740789475,68.806578945,3.745,4.5,1.34,1.39,1.34,1.39
279,56.95,0.23908452400000002,3.0964285714999997,0.5642857145,11.982142855,40.289285715,41.80595238,71.295238095,1,TEX,HOU,78.00789473500001,0.2296460525,3.9631578945,1.1960526315,10.718421055,37.531578945,39.740789475,68.806578945,3.86,3.395,1.17,1.03,1.17,1.03
280,56.95,0.23908452400000002,3.0964285714999997,0.5642857145,11.982142855,40.289285715,41.80595238,71.295238095,1,TEX,HOU,78.00789473500001,0.2296460525,3.9631578945,1.1960526315,10.718421055,37.531578945,39.740789475,68.806578945,2.69,3.885,0.96,1.1800000000000002,0.96,1.1800000000000002
281,56.95,0.23908452400000002,3.0964285714999997,0.5642857145,11.982142855,40.289285715,41.80595238,71.295238095,1,HOU,TEX,78.00789473500001,0.2296460525,3.9631578945,1.1960526315,10.718421055,37.531578945,39.740789475,68.806578945,2.69,3.675,0.96,1.3125,0.96,1.3125
282,56.95,0.23908452400000002,3.0964285714999997,0.5642857145,11.982142855,40.289285715,41.80595238,71.295238095,0,HOU,TEX,78.00789473500001,0.2296460525,3.9631578945,1.1960526315,10.718421055,37.531578945,39.740789475,68.806578945,3.09,3.885,1.12,1.1800000000000002,1.12,1.1800000000000002
283,56.95,0.23908452400000002,3.0964285714999997,0.5642857145,11.982142855,40.289285715,41.80595238,71.295238095,0,HOU,TEX,78.00789473500001,0.2296460525,3.9631578945,1.1960526315,10.718421055,37.531578945,39.740789475,68.806578945,2.55,5.78,0.8500000000000001,1.35,0.8500000000000001,1.35
284,56.95,0.23908452400000002,3.0964285714999997,0.5642857145,11.982142855,40.289285715,41.80595238,71.295238095,0,HOU,TEX,78.00789473500001,0.2296460525,3.9631578945,1.1960526315,10.718421055,37.531578945,39.740789475,68.806578945,2.55,3.675,0.8500000000000001,1.3125,0.8500000000000001,1.3125
285,56.95,0.23908452400000002,3.0964285714999997,0.5642857145,11.982142855,40.289285715,41.80595238,71.295238095,1,HOU,TEX,78.00789473500001,0.2296460525,3.9631578945,1.1960526315,10.718421055,37.531578945,39.740789475,68.806578945,3.09,4.5,1.12,1.39,1.12,1.39
286,56.95,0.23908452400000002,3.0964285714999997,0.5642857145,11.982142855,40.289285715,41.80595238,71.295238095,1,HOU,TEX,78.00789473500001,0.2296460525,3.9631578945,1.1960526315,10.718421055,37.531578945,39.740789475,68.806578945,3.745,3.395,1.34,1.03,1.34,1.03
287,56.95,0.23908452400000002,3.0964285714999997,0.5642857145,11.982142855,40.289285715,41.80595238,71.295238095,1,TEX,HOU,78.00789473500001,0.2296460525,3.9631578945,1.1960526315,10.718421055,37.531578945,39.740789475,68.806578945,2.69,3.675,0.96,1.3125,0.96,1.3125
288,56.95,0.23908452400000002,3.0964285714999997,0.5642857145,11.982142855,40.289285715,41.80595238,71.295238095,1,TEX,HOU,78.00789473500001,0.2296460525,3.9631578945,1.1960526315,10.718421055,37.531578945,39.740789475,68.806578945,2.55,4.5,0.8500000000000001,1.39,0.8500000000000001,1.39
289,56.95,0.23908452400000002,3.0964285714999997,0.5642857145,11.982142855,40.289285715,41.80595238,71.295238095,1,TEX,HOU,78.00789473500001,0.2296460525,3.9631578945,1.1960526315,10.718421055,37.531578945,39.740789475,68.806578945,3.09,3.885,1.12,1.1800000000000002,1.12,1.1800000000000002
290,56.95,0.23908452400000002,3.0964285714999997,0.5642857145,11.982142855,40.289285715,41.80595238,71.295238095,1,TEX,HOU,78.00789473500001,0.2296460525,3.9631578945,1.1960526315,10.718421055,37.531578945,39.740789475,68.806578945,3.745,3.395,1.34,1.03,1.34,1.03
291,56.95,0.23908452400000002,3.0964285714999997,0.5642857145,11.982142855,40.289285715,41.80595238,71.295238095,1,TEX,HOU,78.00789473500001,0.2296460525,3.9631578945,1.1960526315,10.718421055,37.531578945,39.740789475,68.806578945,3.745,6.2,1.34,1.56,1.34,1.56
292,56.95,0.23908452400000002,3.0964285714999997,0.5642857145,11.982142855,40.289285715,41.80595238,71.295238095,1,TEX,HOU,78.00789473500001,0.2296460525,3.9631578945,1.1960526315,10.718421055,37.531578945,39.740789475,68.806578945,2.69,3.885,0.96,1.1800000000000002,0.96,1.1800000000000002
293,56.95,0.23908452400000002,3.0964285714999997,0.5642857145,11.982142855,40.289285715,41.80595238,71.295238095,0,HOU,TEX,78.00789473500001,0.2296460525,3.9631578945,1.1960526315,10.718421055,37.531578945,39.740789475,68.806578945,3.745,18.315,1.34,3.34,1.34,3.34
294,56.95,0.23908452400000002,3.0964285714999997,0.5642857145,11.982142855,40.289285715,41.80595238,71.295238095,0,HOU,TEX,78.00789473500001,0.2296460525,3.9631578945,1.1960526315,10.718421055,37.531578945,39.740789475,68.806578945,2.55,5.869999999999999,0.8500000000000001,1.52,0.8500000000000001,1.52
295,56.95,0.23908452400000002,3.0964285714999997,0.5642857145,11.982142855,40.289285715,41.80595238,71.295238095,0,HOU,TEX,78.00789473500001,0.2296460525,3.9631578945,1.1960526315,10.718421055,37.531578945,39.740789475,68.806578945,3.86,3.885,1.17,1.1800000000000002,1.17,1.1800000000000002
296,56.95,0.23908452400000002,3.0964285714999997,0.5642857145,11.982142855,40.289285715,41.80595238,71.295238095,1,TEX,HOU,78.00789473500001,0.2296460525,3.9631578945,1.1960526315,10.718421055,37.531578945,39.740789475,68.806578945,3.79,6.4350000000000005,1.18,1.615,1.18,1.615
297,56.95,0.23908452400000002,3.0964285714999997,0.5642857145,11.982142855,40.289285715,41.80595238,71.295238095,0,TEX,HOU,78.00789473500001,0.2296460525,3.9631578945,1.1960526315,10.718421055,37.531578945,39.740789475,68.806578945,2.55,9.64,0.8500000000000001,1.99,0.8500000000000001,1.99
298,56.95,0.23908452400000002,3.0964285714999997,0.5642857145,11.982142855,40.289285715,41.80595238,71.295238095,0,TEX,HOU,78.00789473500001,0.2296460525,3.9631578945,1.1960526315,10.718421055,37.531578945,39.740789475,68.806578945,2.69,3.885,0.96,1.1800000000000002,0.96,1.1800000000000002
299,56.95,0.23908452400000002,3.0964285714999997,0.5642857145,11.982142855,40.289285715,41.80595238,71.295238095,1,TEX,HOU,78.00789473500001,0.2296460525,3.9631578945,1.1960526315,10.718421055,37.531578945,39.740789475,68.806578945,2.55,6.4350000000000005,0.8500000000000001,1.615,0.8500000000000001,1.615
300,56.95,0.23908452400000002,3.0964285714999997,0.5642857145,11.982142855,40.289285715,41.80595238,71.295238095,0,TEX,HOU,78.00789473500001,0.2296460525,3.9631578945,1.1960526315,10.718421055,37.531578945,39.740789475,68.806578945,2.69,5.095,0.96,1.375,0.96,1.375
301,56.95,0.23908452400000002,3.0964285714999997,0.5642857145,11.982142855,40.289285715,41.80595238,71.295238095,0,TEX,HOU,78.00789473500001,0.2296460525,3.9631578945,1.1960526315,10.718421055,37.531578945,39.740789475,68.806578945,3.345,9.64,1.07,1.99,1.07,1.99
302,56.95,0.23908452400000002,3.0964285714999997,0.5642857145,11.982142855,40.289285715,41.80595238,71.295238095,1,HOU,TEX,78.00789473500001,0.2296460525,3.9631578945,1.1960526315,10.718421055,37.531578945,39.740789475,68.806578945,3.275,3.885,1.275,1.1800000000000002,1.275,1.1800000000000002
303,56.95,0.23908452400000002,3.0964285714999997,0.5642857145,11.982142855,40.289285715,41.80595238,71.295238095,1,HOU,TEX,78.00789473500001,0.2296460525,3.9631578945,1.1960526315,10.718421055,37.531578945,39.740789475,68.806578945,2.55,4.145,0.8500000000000001,1.35,0.8500000000000001,1.35
304,56.95,0.23908452400000002,3.0964285714999997,0.5642857145,11.982142855,40.289285715,41.80595238,71.295238095,1,HOU,TEX,78.00789473500001,0.2296460525,3.9631578945,1.1960526315,10.718421055,37.531578945,39.740789475,68.806578945,2.69,3.59,0.96,1.1725,0.96,1.1725
305,56.95,0.23908452400000002,3.0964285714999997,0.5642857145,11.982142855,40.289285715,41.80595238,71.295238095,1,HOU,TEX,78.00789473500001,0.2296460525,3.9631578945,1.1960526315,10.718421055,37.531578945,39.740789475,68.806578945,5.59,5.095,1.81,1.375,1.81,1.375
306,56.95,0.23908452400000002,3.0964285714999997,0.5642857145,11.982142855,40.289285715,41.80595238,71.295238095,0,TEX,HOU,78.00789473500001,0.2296460525,3.9631578945,1.1960526315,10.718421055,37.531578945,39.740789475,68.806578945,4.025,4.145,1.455,1.35,1.455,1.35
307,56.95,0.23908452400000002,3.0964285714999997,0.5642857145,11.982142855,40.289285715,41.80595238,71.295238095,0,TEX,HOU,78.00789473500001,0.2296460525,3.9631578945,1.1960526315,10.718421055,37.531578945,39.740789475,68.806578945,2.69,3.59,0.96,1.1725,0.96,1.1725
308,56.95,0.23908452400000002,3.0964285714999997,0.5642857145,11.982142855,40.289285715,41.80595238,71.295238095,1,TEX,HOU,78.00789473500001,0.2296460525,3.9631578945,1.1960526315,10.718421055,37.531578945,39.740789475,68.806578945,3.275,3.885,1.275,1.1800000000000002,1.275,1.1800000000000002
309,56.95,0.23908452400000002,3.0964285714999997,0.5642857145,11.982142855,40.289285715,41.80595238,71.295238095,1,TEX,HOU,78.00789473500001,0.2296460525,3.9631578945,1.1960526315,10.718421055,37.531578945,39.740789475,68.806578945,2.55,5.869999999999999,0.8500000000000001,1.52,0.8500000000000001,1.52
310,56.95,0.23908452400000002,3.0964285714999997,0.5642857145,11.982142855,40.289285715,41.80595238,71.295238095,1,HOU,TEX,78.00789473500001,0.2296460525,3.9631578945,1.1960526315,10.718421055,37.531578945,39.740789475,68.806578945,2.55,3.885,0.8500000000000001,1.1800000000000002,0.8500000000000001,1.1800000000000002
311,56.95,0.23908452400000002,3.0964285714999997,0.5642857145,11.982142855,40.289285715,41.80595238,71.295238095,1,HOU,TEX,78.00789473500001,0.2296460525,3.9631578945,1.1960526315,10.718421055,37.531578945,39.740789475,68.806578945,3.95,5.869999999999999,1.1,1.52,1.1,1.52
312,56.95,0.23908452400000002,3.0964285714999997,0.5642857145,11.982142855,40.289285715,41.80595238,71.295238095,1,HOU,TEX,78.00789473500001,0.2296460525,3.9631578945,1.1960526315,10.718421055,37.531578945,39.740789475,68.806578945,4.0,4.145,1.22,1.35,1.22,1.35
313,56.95,0.23908452400000002,3.0964285714999997,0.5642857145,11.982142855,40.289285715,41.80595238,71.295238095,1,HOU,TEX,78.00789473500001,0.2296460525,3.9631578945,1.1960526315,10.718421055,37.531578945,39.740789475,68.806578945,2.55,4.145,0.8500000000000001,1.35,0.8500000000000001,1.35
314,56.95,0.23908452400000002,3.0964285714999997,0.5642857145,11.982142855,40.289285715,41.80595238,71.295238095,1,HOU,TEX,78.00789473500001,0.2296460525,3.9631578945,1.1960526315,10.718421055,37.531578945,39.740789475,68.806578945,2.69,8.67,0.96,2.225,0.96,2.225
315,56.95,0.23908452400000002,3.0964285714999997,0.5642857145,11.982142855,40.289285715,41.80595238,71.295238095,0,HOU,TOR,55.85119048,0.2165416665,1.9732142854999999,0.380952381,9.020833334999999,26.66369048,27.708333335,50.78869048,2.55,4.1724999999999985,0.8500000000000001,1.2075,0.8500000000000001,1.2075
316,56.95,0.23908452400000002,3.0964285714999997,0.5642857145,11.982142855,40.289285715,41.80595238,71.295238095,1,HOU,TOR,55.85119048,0.2165416665,1.9732142854999999,0.380952381,9.020833334999999,26.66369048,27.708333335,50.78869048,3.09,7.335000000000001,1.12,2.235,1.12,2.235
317,56.95,0.23908452400000002,3.0964285714999997,0.5642857145,11.982142855,40.289285715,41.80595238,71.295238095,1,HOU,TOR,55.85119048,0.2165416665,1.9732142854999999,0.380952381,9.020833334999999,26.66369048,27.708333335,50.78869048,3.745,6.244999999999999,1.34,1.37,1.34,1.37
318,56.95,0.23908452400000002,3.0964285714999997,0.5642857145,11.982142855,40.289285715,41.80595238,71.295238095,1,TOR,HOU,55.85119048,0.2165416665,1.9732142854999999,0.380952381,9.020833334999999,26.66369048,27.708333335,50.78869048,3.745,6.244999999999999,1.34,1.37,1.34,1.37
319,56.95,0.23908452400000002,3.0964285714999997,0.5642857145,11.982142855,40.289285715,41.80595238,71.295238095,1,TOR,HOU,55.85119048,0.2165416665,1.9732142854999999,0.380952381,9.020833334999999,26.66369048,27.708333335,50.78869048,3.5250000000000004,4.96,1.14,1.28,1.14,1.28
320,56.95,0.23908452400000002,3.0964285714999997,0.5642857145,11.982142855,40.289285715,41.80595238,71.295238095,0,TOR,HOU,55.85119048,0.2165416665,1.9732142854999999,0.380952381,9.020833334999999,26.66369048,27.708333335,50.78869048,4.505,4.695,1.23,1.635,1.23,1.635
321,56.95,0.23908452400000002,3.0964285714999997,0.5642857145,11.982142855,40.289285715,41.80595238,71.295238095,1,HOU,TOR,55.85119048,0.2165416665,1.9732142854999999,0.380952381,9.020833334999999,26.66369048,27.708333335,50.78869048,2.69,5.1675,0.96,1.51,0.96,1.51
322,56.95,0.23908452400000002,3.0964285714999997,0.5642857145,11.982142855,40.289285715,41.80595238,71.295238095,1,HOU,TOR,55.85119048,0.2165416665,1.9732142854999999,0.380952381,9.020833334999999,26.66369048,27.708333335,50.78869048,4.025,5.645,1.455,1.475,1.455,1.475
323,56.95,0.23908452400000002,3.0964285714999997,0.5642857145,11.982142855,40.289285715,41.80595238,71.295238095,0,HOU,TOR,55.85119048,0.2165416665,1.9732142854999999,0.380952381,9.020833334999999,26.66369048,27.708333335,50.78869048,3.79,4.84,1.18,1.41,1.18,1.41
324,56.95,0.23908452400000002,3.0964285714999997,0.5642857145,11.982142855,40.289285715,41.80595238,71.295238095,1,TOR,HOU,55.85119048,0.2165416665,1.9732142854999999,0.380952381,9.020833334999999,26.66369048,27.708333335,50.78869048,3.275,4.84,1.275,1.41,1.275,1.41
325,56.95,0.23908452400000002,3.0964285714999997,0.5642857145,11.982142855,40.289285715,41.80595238,71.295238095,0,TOR,HOU,55.85119048,0.2165416665,1.9732142854999999,0.380952381,9.020833334999999,26.66369048,27.708333335,50.78869048,4.025,4.285,1.455,1.265,1.455,1.265
326,56.95,0.23908452400000002,3.0964285714999997,0.5642857145,11.982142855,40.289285715,41.80595238,71.295238095,1,TOR,HOU,55.85119048,0.2165416665,1.9732142854999999,0.380952381,9.020833334999999,26.66369048,27.708333335,50.78869048,2.55,7.038333333333332,0.8500000000000001,1.545,0.8500000000000001,1.545
